[21May2025 13:50:37.216] [main/INFO] [cpw.mods.modlauncher.Launcher/MODLAUNCHER]: ModLauncher running: args [--launchTarget, forgeclientuserdev, --version, MOD_DEV, --assetIndex, 5, --assetsDir, /home/honziggi/.gradle/caches/forge_gradle/assets, --gameDir, ., --fml.forgeVersion, 47.2.0, --fml.mcVersion, 1.20.1, --fml.forgeGroup, net.minecraftforge, --fml.mcpVersion, 20230612.114412]
[21May2025 13:50:37.218] [main/INFO] [cpw.mods.modlauncher.Launcher/MODLAUNCHER]: ModLauncher 10.0.9+10.0.9+main.dcd20f30 starting: java version 17.0.15 by Microsoft; OS Linux arch amd64 version 6.11.0-25-generic
[21May2025 13:50:37.231] [main/DEBUG] [cpw.mods.modlauncher.LaunchServiceHandler/MODLAUNCHER]: Found launch services [fmlclientdev,forgeclient,minecraft,forgegametestserverdev,fmlserveruserdev,fmlclient,fmldatauserdev,forgeserverdev,forgeserveruserdev,forgeclientdev,forgeclientuserdev,forgeserver,forgedatadev,fmlserver,fmlclientuserdev,fmlserverdev,forgedatauserdev,testharness,forgegametestserveruserdev]
[21May2025 13:50:37.238] [main/DEBUG] [cpw.mods.modlauncher.NameMappingServiceHandler/MODLAUNCHER]: Found naming services : [srgtomcp]
[21May2025 13:50:37.246] [main/DEBUG] [cpw.mods.modlauncher.LaunchPluginHandler/MODLAUNCHER]: Found launch plugins: [mixin,eventbus,slf4jfixer,object_holder_definalize,runtime_enum_extender,capability_token_subclass,accesstransformer,runtimedistcleaner]
[21May2025 13:50:37.258] [main/DEBUG] [cpw.mods.modlauncher.TransformationServicesHandler/MODLAUNCHER]: Discovering transformation services
[21May2025 13:50:37.262] [main/DEBUG] [net.minecraftforge.fml.loading.FMLPaths/CORE]: Path GAMEDIR is /home/honziggi/Desktop/branik-mod-main/run
[21May2025 13:50:37.262] [main/DEBUG] [net.minecraftforge.fml.loading.FMLPaths/CORE]: Path MODSDIR is /home/honziggi/Desktop/branik-mod-main/run/mods
[21May2025 13:50:37.262] [main/DEBUG] [net.minecraftforge.fml.loading.FMLPaths/CORE]: Path CONFIGDIR is /home/honziggi/Desktop/branik-mod-main/run/config
[21May2025 13:50:37.262] [main/DEBUG] [net.minecraftforge.fml.loading.FMLPaths/CORE]: Path FMLCONFIG is /home/honziggi/Desktop/branik-mod-main/run/config/fml.toml
[21May2025 13:50:37.284] [main/DEBUG] [cpw.mods.modlauncher.TransformationServicesHandler/MODLAUNCHER]: Found additional transformation services from discovery services: 
[21May2025 13:50:37.287] [main/INFO] [net.minecraftforge.fml.loading.ImmediateWindowHandler/]: Loading ImmediateWindowProvider fmlearlywindow
[21May2025 13:50:37.330] [main/INFO] [EARLYDISPLAY/]: Trying GL version 4.6
[21May2025 13:50:37.380] [main/INFO] [EARLYDISPLAY/]: Requested GL version 4.6 got version 4.6
[21May2025 13:50:37.423] [main/DEBUG] [cpw.mods.modlauncher.TransformationServicesHandler/MODLAUNCHER]: Found transformer services : [mixin,fml]
[21May2025 13:50:37.424] [main/DEBUG] [cpw.mods.modlauncher.TransformationServicesHandler/MODLAUNCHER]: Transformation services loading
[21May2025 13:50:37.424] [main/DEBUG] [cpw.mods.modlauncher.TransformationServiceDecorator/MODLAUNCHER]: Loading service mixin
[21May2025 13:50:37.424] [main/DEBUG] [cpw.mods.modlauncher.TransformationServiceDecorator/MODLAUNCHER]: Loaded service mixin
[21May2025 13:50:37.425] [main/DEBUG] [cpw.mods.modlauncher.TransformationServiceDecorator/MODLAUNCHER]: Loading service fml
[21May2025 13:50:37.426] [main/DEBUG] [net.minecraftforge.fml.loading.LauncherVersion/CORE]: Found FMLLauncher version 1.0
[21May2025 13:50:37.426] [main/DEBUG] [net.minecraftforge.fml.loading.FMLLoader/CORE]: FML 1.0 loading
[21May2025 13:50:37.426] [main/DEBUG] [net.minecraftforge.fml.loading.FMLLoader/CORE]: FML found ModLauncher version : 10.0.9+10.0.9+main.dcd20f30
[21May2025 13:50:37.426] [main/DEBUG] [net.minecraftforge.fml.loading.FMLLoader/CORE]: FML found AccessTransformer version : 8.0.4+66+master.c09db6d7
[21May2025 13:50:37.427] [main/DEBUG] [net.minecraftforge.fml.loading.FMLLoader/CORE]: FML found EventBus version : 6.0.5+6.0.5+master.eb8e549b
[21May2025 13:50:37.427] [main/DEBUG] [net.minecraftforge.fml.loading.FMLLoader/CORE]: Found Runtime Dist Cleaner
[21May2025 13:50:37.428] [main/DEBUG] [net.minecraftforge.fml.loading.FMLLoader/CORE]: FML found CoreMod version : 5.0.1+15+master.dc5a2922
[21May2025 13:50:37.429] [main/DEBUG] [net.minecraftforge.fml.loading.FMLLoader/CORE]: Found ForgeSPI package implementation version 7.0.1+7.0.1+master.d2b38bf6
[21May2025 13:50:37.430] [main/DEBUG] [net.minecraftforge.fml.loading.FMLLoader/CORE]: Found ForgeSPI package specification 5
[21May2025 13:50:37.430] [main/DEBUG] [cpw.mods.modlauncher.TransformationServiceDecorator/MODLAUNCHER]: Loaded service fml
[21May2025 13:50:37.431] [main/DEBUG] [cpw.mods.modlauncher.TransformationServicesHandler/MODLAUNCHER]: Configuring option handling for services
[21May2025 13:50:37.436] [main/DEBUG] [cpw.mods.modlauncher.TransformationServicesHandler/MODLAUNCHER]: Transformation services initializing
[21May2025 13:50:37.436] [main/DEBUG] [cpw.mods.modlauncher.TransformationServiceDecorator/MODLAUNCHER]: Initializing transformation service mixin
[21May2025 13:50:37.447] [main/DEBUG] [mixin/]: MixinService [ModLauncher] was successfully booted in cpw.mods.cl.ModuleClassLoader@1198b989
[21May2025 13:50:37.454] [pool-2-thread-1/INFO] [EARLYDISPLAY/]: GL info: Mesa Intel(R) UHD Graphics (TGL GT1) GL version 4.6 (Core Profile) Mesa 24.2.8-1ubuntu1~24.04.1, Intel
[21May2025 13:50:37.458] [main/INFO] [mixin/]: SpongePowered MIXIN Subsystem Version=0.8.5 Source=union:/home/honziggi/.gradle/caches/modules-2/files-2.1/org.spongepowered/mixin/0.8.5/9d1c0c3a304ae6697ecd477218fa61b850bf57fc/mixin-0.8.5.jar%23116!/ Service=ModLauncher Env=CLIENT
[21May2025 13:50:37.460] [main/DEBUG] [mixin/]: Initialising Mixin Platform Manager
[21May2025 13:50:37.461] [main/DEBUG] [mixin/]: Adding mixin platform agents for container ModLauncher Root Container(ModLauncher:4f56a0a2)
[21May2025 13:50:37.462] [main/DEBUG] [mixin/]: Instancing new MixinPlatformAgentMinecraftForge for ModLauncher Root Container(ModLauncher:4f56a0a2)
[21May2025 13:50:37.462] [main/DEBUG] [mixin/]: MixinPlatformAgentMinecraftForge rejected container ModLauncher Root Container(ModLauncher:4f56a0a2)
[21May2025 13:50:37.463] [main/DEBUG] [mixin/]: Instancing new MixinPlatformAgentDefault for ModLauncher Root Container(ModLauncher:4f56a0a2)
[21May2025 13:50:37.463] [main/DEBUG] [mixin/]: MixinPlatformAgentDefault accepted container ModLauncher Root Container(ModLauncher:4f56a0a2)
[21May2025 13:50:37.464] [main/DEBUG] [cpw.mods.modlauncher.TransformationServiceDecorator/MODLAUNCHER]: Initialized transformation service mixin
[21May2025 13:50:37.465] [main/DEBUG] [cpw.mods.modlauncher.TransformationServiceDecorator/MODLAUNCHER]: Initializing transformation service fml
[21May2025 13:50:37.465] [main/DEBUG] [net.minecraftforge.fml.loading.FMLServiceProvider/CORE]: Setting up basic FML game directories
[21May2025 13:50:37.465] [main/DEBUG] [net.minecraftforge.fml.loading.FMLPaths/CORE]: Path GAMEDIR is /home/honziggi/Desktop/branik-mod-main/run
[21May2025 13:50:37.466] [main/DEBUG] [net.minecraftforge.fml.loading.FMLPaths/CORE]: Path MODSDIR is /home/honziggi/Desktop/branik-mod-main/run/mods
[21May2025 13:50:37.466] [main/DEBUG] [net.minecraftforge.fml.loading.FMLPaths/CORE]: Path CONFIGDIR is /home/honziggi/Desktop/branik-mod-main/run/config
[21May2025 13:50:37.466] [main/DEBUG] [net.minecraftforge.fml.loading.FMLPaths/CORE]: Path FMLCONFIG is /home/honziggi/Desktop/branik-mod-main/run/config/fml.toml
[21May2025 13:50:37.466] [main/DEBUG] [net.minecraftforge.fml.loading.FMLServiceProvider/CORE]: Loading configuration
[21May2025 13:50:37.468] [main/DEBUG] [net.minecraftforge.fml.loading.FMLServiceProvider/CORE]: Preparing ModFile
[21May2025 13:50:37.471] [main/DEBUG] [net.minecraftforge.fml.loading.FMLServiceProvider/CORE]: Preparing launch handler
[21May2025 13:50:37.472] [main/DEBUG] [net.minecraftforge.fml.loading.FMLLoader/CORE]: Using forgeclientuserdev as launch service
[21May2025 13:50:37.484] [main/DEBUG] [net.minecraftforge.fml.loading.FMLLoader/CORE]: Received command line version data  : VersionInfo[forgeVersion=47.2.0, mcVersion=1.20.1, mcpVersion=20230612.114412, forgeGroup=net.minecraftforge]
[21May2025 13:50:37.485] [main/DEBUG] [cpw.mods.modlauncher.TransformationServiceDecorator/MODLAUNCHER]: Initialized transformation service fml
[21May2025 13:50:37.485] [main/DEBUG] [cpw.mods.modlauncher.NameMappingServiceHandler/MODLAUNCHER]: Current naming domain is 'mcp'
[21May2025 13:50:37.486] [main/DEBUG] [cpw.mods.modlauncher.NameMappingServiceHandler/MODLAUNCHER]: Identified name mapping providers {srg=srgtomcp:1234}
[21May2025 13:50:37.486] [main/DEBUG] [cpw.mods.modlauncher.TransformationServicesHandler/MODLAUNCHER]: Transformation services begin scanning
[21May2025 13:50:37.487] [main/DEBUG] [cpw.mods.modlauncher.TransformationServiceDecorator/MODLAUNCHER]: Beginning scan trigger - transformation service mixin
[21May2025 13:50:37.487] [main/DEBUG] [cpw.mods.modlauncher.TransformationServiceDecorator/MODLAUNCHER]: End scan trigger - transformation service mixin
[21May2025 13:50:37.487] [main/DEBUG] [cpw.mods.modlauncher.TransformationServiceDecorator/MODLAUNCHER]: Beginning scan trigger - transformation service fml
[21May2025 13:50:37.487] [main/DEBUG] [net.minecraftforge.fml.loading.FMLServiceProvider/CORE]: Initiating mod scan
[21May2025 13:50:37.494] [main/DEBUG] [net.minecraftforge.fml.loading.moddiscovery.ModListHandler/CORE]: Found mod coordinates from lists: []
[21May2025 13:50:37.498] [main/DEBUG] [net.minecraftforge.fml.loading.moddiscovery.ModDiscoverer/CORE]: Found Mod Locators : (mods folder:null),(maven libs:null),(exploded directory:null),(minecraft:null),(userdev classpath:null)
[21May2025 13:50:37.499] [main/DEBUG] [net.minecraftforge.fml.loading.moddiscovery.ModDiscoverer/CORE]: Found Dependency Locators : (JarInJar:null)
[21May2025 13:50:37.504] [main/DEBUG] [net.minecraftforge.fml.loading.targets.CommonLaunchHandler/CORE]: Got mod coordinates branik_mod%%/home/honziggi/Desktop/branik-mod-main/build/resources/main:branik_mod%%/home/honziggi/Desktop/branik-mod-main/build/classes/java/main:branik_mod%%/home/honziggi/Desktop/branik-mod-main/build/classes/kotlin/main from env
[21May2025 13:50:37.505] [main/DEBUG] [net.minecraftforge.fml.loading.targets.CommonLaunchHandler/CORE]: Found supplied mod coordinates [{branik_mod=[/home/honziggi/Desktop/branik-mod-main/build/resources/main, /home/honziggi/Desktop/branik-mod-main/build/classes/java/main, /home/honziggi/Desktop/branik-mod-main/build/classes/kotlin/main]}]
[21May2025 13:50:37.666] [main/DEBUG] [net.minecraftforge.fml.loading.moddiscovery.ModFileInfo/LOADING]: Found valid mod file forge-1.20.1-47.2.0_mapped_parchment_2023.09.03-1.20.1.jar with {minecraft} mods - versions {1.20.1}
[21May2025 13:50:37.668] [main/DEBUG] [net.minecraftforge.fml.loading.moddiscovery.ModFileParser/LOADING]: Considering mod file candidate /home/honziggi/.gradle/caches/modules-2/files-2.1/net.minecraftforge/javafmllanguage/1.20.1-47.2.0/7f9181f85acc66547685a72020713fc8cbde98/javafmllanguage-1.20.1-47.2.0.jar
[21May2025 13:50:37.668] [main/WARN] [net.minecraftforge.fml.loading.moddiscovery.ModFileParser/LOADING]: Mod file /home/honziggi/.gradle/caches/modules-2/files-2.1/net.minecraftforge/javafmllanguage/1.20.1-47.2.0/7f9181f85acc66547685a72020713fc8cbde98/javafmllanguage-1.20.1-47.2.0.jar is missing mods.toml file
[21May2025 13:50:37.669] [main/DEBUG] [net.minecraftforge.fml.loading.moddiscovery.ModFileParser/LOADING]: Considering mod file candidate /home/honziggi/.gradle/caches/modules-2/files-2.1/net.minecraftforge/lowcodelanguage/1.20.1-47.2.0/7872f5205685fdd26fae39b1be79b0e60ca5b7bd/lowcodelanguage-1.20.1-47.2.0.jar
[21May2025 13:50:37.669] [main/WARN] [net.minecraftforge.fml.loading.moddiscovery.ModFileParser/LOADING]: Mod file /home/honziggi/.gradle/caches/modules-2/files-2.1/net.minecraftforge/lowcodelanguage/1.20.1-47.2.0/7872f5205685fdd26fae39b1be79b0e60ca5b7bd/lowcodelanguage-1.20.1-47.2.0.jar is missing mods.toml file
[21May2025 13:50:37.670] [main/DEBUG] [net.minecraftforge.fml.loading.moddiscovery.ModFileParser/LOADING]: Considering mod file candidate /home/honziggi/.gradle/caches/modules-2/files-2.1/net.minecraftforge/mclanguage/1.20.1-47.2.0/d501d161cabed08b3c139a2c6217b02a39f3c3e9/mclanguage-1.20.1-47.2.0.jar
[21May2025 13:50:37.670] [main/WARN] [net.minecraftforge.fml.loading.moddiscovery.ModFileParser/LOADING]: Mod file /home/honziggi/.gradle/caches/modules-2/files-2.1/net.minecraftforge/mclanguage/1.20.1-47.2.0/d501d161cabed08b3c139a2c6217b02a39f3c3e9/mclanguage-1.20.1-47.2.0.jar is missing mods.toml file
[21May2025 13:50:37.671] [main/DEBUG] [net.minecraftforge.fml.loading.moddiscovery.ModFileParser/LOADING]: Considering mod file candidate /home/honziggi/.gradle/caches/modules-2/files-2.1/net.minecraftforge/fmlcore/1.20.1-47.2.0/ffd3c6debac0a388c9e33ac43c9f5eafb91cb466/fmlcore-1.20.1-47.2.0.jar
[21May2025 13:50:37.671] [main/WARN] [net.minecraftforge.fml.loading.moddiscovery.ModFileParser/LOADING]: Mod file /home/honziggi/.gradle/caches/modules-2/files-2.1/net.minecraftforge/fmlcore/1.20.1-47.2.0/ffd3c6debac0a388c9e33ac43c9f5eafb91cb466/fmlcore-1.20.1-47.2.0.jar is missing mods.toml file
[21May2025 13:50:37.673] [main/DEBUG] [net.minecraftforge.fml.loading.moddiscovery.ModFileParser/LOADING]: Considering mod file candidate /home/honziggi/Desktop/branik-mod-main/build/resources/main
[21May2025 13:50:37.676] [main/DEBUG] [net.minecraftforge.fml.loading.moddiscovery.ModFileInfo/LOADING]: Found valid mod file main with {branik_mod} mods - versions {1.0.0}
[21May2025 13:50:37.678] [main/DEBUG] [net.minecraftforge.fml.loading.moddiscovery.ModFileParser/LOADING]: Considering mod file candidate /
[21May2025 13:50:37.680] [main/DEBUG] [net.minecraftforge.fml.loading.moddiscovery.ModFileInfo/LOADING]: Found valid mod file  with {forge} mods - versions {47.2.0}
[21May2025 13:50:37.688] [main/DEBUG] [net.minecraftforge.fml.loading.moddiscovery.ModFileParser/LOADING]: Considering mod file candidate /home/honziggi/.gradle/caches/forge_gradle/deobf_dependencies/curse/maven/jei-238222/6075247_mapped_parchment_2023.09.03-1.20.1/jei-238222-6075247_mapped_parchment_2023.09.03-1.20.1.jar
[21May2025 13:50:37.690] [main/DEBUG] [net.minecraftforge.fml.loading.moddiscovery.ModFileInfo/LOADING]: Found valid mod file jei-238222-6075247_mapped_parchment_2023.09.03-1.20.1.jar with {jei} mods - versions {15.20.0.106}
[21May2025 13:50:37.691] [main/DEBUG] [net.minecraftforge.fml.loading.moddiscovery.ModFileParser/LOADING]: Considering mod file candidate /home/honziggi/.gradle/caches/forge_gradle/deobf_dependencies/curse/maven/configured-457570/5180900_mapped_parchment_2023.09.03-1.20.1/configured-457570-5180900_mapped_parchment_2023.09.03-1.20.1.jar
[21May2025 13:50:37.692] [main/DEBUG] [net.minecraftforge.fml.loading.moddiscovery.ModFileInfo/LOADING]: Found valid mod file configured-457570-5180900_mapped_parchment_2023.09.03-1.20.1.jar with {configured} mods - versions {2.2.3}
[21May2025 13:50:37.693] [main/DEBUG] [net.minecraftforge.fml.loading.moddiscovery.ModFileParser/LOADING]: Considering mod file candidate /home/honziggi/.gradle/caches/forge_gradle/deobf_dependencies/curse/maven/thermal-expansion-69163/5372749_mapped_parchment_2023.09.03-1.20.1/thermal-expansion-69163-5372749_mapped_parchment_2023.09.03-1.20.1.jar
[21May2025 13:50:37.694] [main/DEBUG] [net.minecraftforge.fml.loading.moddiscovery.ModFileInfo/LOADING]: Found valid mod file thermal-expansion-69163-5372749_mapped_parchment_2023.09.03-1.20.1.jar with {thermal_expansion} mods - versions {11.0.1}
[21May2025 13:50:37.695] [main/DEBUG] [net.minecraftforge.fml.loading.moddiscovery.ModFileParser/LOADING]: Considering mod file candidate /home/honziggi/.gradle/caches/forge_gradle/deobf_dependencies/curse/maven/thermal-dynamics-227443/5372747_mapped_parchment_2023.09.03-1.20.1/thermal-dynamics-227443-5372747_mapped_parchment_2023.09.03-1.20.1.jar
[21May2025 13:50:37.696] [main/DEBUG] [net.minecraftforge.fml.loading.moddiscovery.ModFileInfo/LOADING]: Found valid mod file thermal-dynamics-227443-5372747_mapped_parchment_2023.09.03-1.20.1.jar with {thermal_dynamics} mods - versions {11.0.1}
[21May2025 13:50:37.697] [main/DEBUG] [net.minecraftforge.fml.loading.moddiscovery.ModFileParser/LOADING]: Considering mod file candidate /home/honziggi/.gradle/caches/forge_gradle/deobf_dependencies/curse/maven/thermal-foundation-222880/5443583_mapped_parchment_2023.09.03-1.20.1/thermal-foundation-222880-5443583_mapped_parchment_2023.09.03-1.20.1.jar
[21May2025 13:50:37.697] [main/DEBUG] [net.minecraftforge.fml.loading.moddiscovery.ModFileInfo/LOADING]: Found valid mod file thermal-foundation-222880-5443583_mapped_parchment_2023.09.03-1.20.1.jar with {thermal_foundation} mods - versions {11.0.6}
[21May2025 13:50:37.698] [main/DEBUG] [net.minecraftforge.fml.loading.moddiscovery.ModFileParser/LOADING]: Considering mod file candidate /home/honziggi/.gradle/caches/forge_gradle/deobf_dependencies/curse/maven/cofh-core-69162/5374122_mapped_parchment_2023.09.03-1.20.1/cofh-core-69162-5374122_mapped_parchment_2023.09.03-1.20.1.jar
[21May2025 13:50:37.699] [main/DEBUG] [net.minecraftforge.fml.loading.moddiscovery.ModFileInfo/LOADING]: Found valid mod file cofh-core-69162-5374122_mapped_parchment_2023.09.03-1.20.1.jar with {cofh_core} mods - versions {11.0.2}
[21May2025 13:50:37.700] [main/DEBUG] [net.minecraftforge.fml.loading.moddiscovery.ModFileParser/LOADING]: Considering mod file candidate /home/honziggi/.gradle/caches/forge_gradle/deobf_dependencies/curse/maven/pipez-443900/4916633_mapped_parchment_2023.09.03-1.20.1/pipez-443900-4916633_mapped_parchment_2023.09.03-1.20.1.jar
[21May2025 13:50:37.701] [main/DEBUG] [net.minecraftforge.fml.loading.moddiscovery.ModFileInfo/LOADING]: Found valid mod file pipez-443900-4916633_mapped_parchment_2023.09.03-1.20.1.jar with {pipez} mods - versions {1.20.1-1.2.5}
[21May2025 13:50:37.702] [main/DEBUG] [net.minecraftforge.fml.loading.moddiscovery.ModFileParser/LOADING]: Considering mod file candidate /home/honziggi/.gradle/caches/forge_gradle/deobf_dependencies/maven/modrinth/jade/11.13.1+forge_mapped_parchment_2023.09.03-1.20.1/jade-11.13.1+forge_mapped_parchment_2023.09.03-1.20.1.jar
[21May2025 13:50:37.704] [main/DEBUG] [net.minecraftforge.fml.loading.moddiscovery.ModFileInfo/LOADING]: Found valid mod file jade-11.13.1+forge_mapped_parchment_2023.09.03-1.20.1.jar with {jade} mods - versions {11.13.1+forge}
[21May2025 13:50:37.756] [main/DEBUG] [net.minecraftforge.fml.loading.moddiscovery.ModFileParser/LOADING]: Considering mod file candidate /home/honziggi/.gradle/caches/forge_gradle/deobf_dependencies/curse/maven/jei-238222/6075247_mapped_parchment_2023.09.03-1.20.1/jei-238222-6075247_mapped_parchment_2023.09.03-1.20.1.jar
[21May2025 13:50:37.757] [main/DEBUG] [net.minecraftforge.fml.loading.moddiscovery.ModFileInfo/LOADING]: Found valid mod file jei-238222-6075247_mapped_parchment_2023.09.03-1.20.1.jar with {jei} mods - versions {15.20.0.106}
[21May2025 13:50:37.757] [main/DEBUG] [net.minecraftforge.fml.loading.moddiscovery.ModFileParser/LOADING]: Considering mod file candidate /home/honziggi/.gradle/caches/forge_gradle/deobf_dependencies/curse/maven/configured-457570/5180900_mapped_parchment_2023.09.03-1.20.1/configured-457570-5180900_mapped_parchment_2023.09.03-1.20.1.jar
[21May2025 13:50:37.758] [main/DEBUG] [net.minecraftforge.fml.loading.moddiscovery.ModFileInfo/LOADING]: Found valid mod file configured-457570-5180900_mapped_parchment_2023.09.03-1.20.1.jar with {configured} mods - versions {2.2.3}
[21May2025 13:50:37.759] [main/DEBUG] [net.minecraftforge.fml.loading.moddiscovery.ModFileParser/LOADING]: Considering mod file candidate /home/honziggi/.gradle/caches/forge_gradle/deobf_dependencies/curse/maven/thermal-expansion-69163/5372749_mapped_parchment_2023.09.03-1.20.1/thermal-expansion-69163-5372749_mapped_parchment_2023.09.03-1.20.1.jar
[21May2025 13:50:37.759] [main/DEBUG] [net.minecraftforge.fml.loading.moddiscovery.ModFileInfo/LOADING]: Found valid mod file thermal-expansion-69163-5372749_mapped_parchment_2023.09.03-1.20.1.jar with {thermal_expansion} mods - versions {11.0.1}
[21May2025 13:50:37.760] [main/DEBUG] [net.minecraftforge.fml.loading.moddiscovery.ModFileParser/LOADING]: Considering mod file candidate /home/honziggi/.gradle/caches/forge_gradle/deobf_dependencies/curse/maven/thermal-dynamics-227443/5372747_mapped_parchment_2023.09.03-1.20.1/thermal-dynamics-227443-5372747_mapped_parchment_2023.09.03-1.20.1.jar
[21May2025 13:50:37.761] [main/DEBUG] [net.minecraftforge.fml.loading.moddiscovery.ModFileInfo/LOADING]: Found valid mod file thermal-dynamics-227443-5372747_mapped_parchment_2023.09.03-1.20.1.jar with {thermal_dynamics} mods - versions {11.0.1}
[21May2025 13:50:37.762] [main/DEBUG] [net.minecraftforge.fml.loading.moddiscovery.ModFileParser/LOADING]: Considering mod file candidate /home/honziggi/.gradle/caches/forge_gradle/deobf_dependencies/curse/maven/thermal-foundation-222880/5443583_mapped_parchment_2023.09.03-1.20.1/thermal-foundation-222880-5443583_mapped_parchment_2023.09.03-1.20.1.jar
[21May2025 13:50:37.763] [main/DEBUG] [net.minecraftforge.fml.loading.moddiscovery.ModFileInfo/LOADING]: Found valid mod file thermal-foundation-222880-5443583_mapped_parchment_2023.09.03-1.20.1.jar with {thermal_foundation} mods - versions {11.0.6}
[21May2025 13:50:37.764] [main/DEBUG] [net.minecraftforge.fml.loading.moddiscovery.ModFileParser/LOADING]: Considering mod file candidate /home/honziggi/.gradle/caches/forge_gradle/deobf_dependencies/curse/maven/cofh-core-69162/5374122_mapped_parchment_2023.09.03-1.20.1/cofh-core-69162-5374122_mapped_parchment_2023.09.03-1.20.1.jar
[21May2025 13:50:37.764] [main/DEBUG] [net.minecraftforge.fml.loading.moddiscovery.ModFileInfo/LOADING]: Found valid mod file cofh-core-69162-5374122_mapped_parchment_2023.09.03-1.20.1.jar with {cofh_core} mods - versions {11.0.2}
[21May2025 13:50:37.765] [main/DEBUG] [net.minecraftforge.fml.loading.moddiscovery.ModFileParser/LOADING]: Considering mod file candidate /home/honziggi/.gradle/caches/forge_gradle/deobf_dependencies/curse/maven/pipez-443900/4916633_mapped_parchment_2023.09.03-1.20.1/pipez-443900-4916633_mapped_parchment_2023.09.03-1.20.1.jar
[21May2025 13:50:37.766] [main/DEBUG] [net.minecraftforge.fml.loading.moddiscovery.ModFileInfo/LOADING]: Found valid mod file pipez-443900-4916633_mapped_parchment_2023.09.03-1.20.1.jar with {pipez} mods - versions {1.20.1-1.2.5}
[21May2025 13:50:37.767] [main/DEBUG] [net.minecraftforge.fml.loading.moddiscovery.ModFileParser/LOADING]: Considering mod file candidate /home/honziggi/.gradle/caches/forge_gradle/deobf_dependencies/maven/modrinth/jade/11.13.1+forge_mapped_parchment_2023.09.03-1.20.1/jade-11.13.1+forge_mapped_parchment_2023.09.03-1.20.1.jar
[21May2025 13:50:37.767] [main/DEBUG] [net.minecraftforge.fml.loading.moddiscovery.ModFileInfo/LOADING]: Found valid mod file jade-11.13.1+forge_mapped_parchment_2023.09.03-1.20.1.jar with {jade} mods - versions {11.13.1+forge}
[21May2025 13:50:37.771] [main/DEBUG] [net.minecraftforge.fml.loading.UniqueModListBuilder/]: Found 2 mods for first modid configured, selecting most recent based on version data
[21May2025 13:50:37.771] [main/DEBUG] [net.minecraftforge.fml.loading.UniqueModListBuilder/]: Selected file configured-457570-5180900_mapped_parchment_2023.09.03-1.20.1.jar for modid configured with version 2.2.3
[21May2025 13:50:37.772] [main/DEBUG] [net.minecraftforge.fml.loading.UniqueModListBuilder/]: Found 2 mods for first modid thermal_foundation, selecting most recent based on version data
[21May2025 13:50:37.772] [main/DEBUG] [net.minecraftforge.fml.loading.UniqueModListBuilder/]: Selected file thermal-foundation-222880-5443583_mapped_parchment_2023.09.03-1.20.1.jar for modid thermal_foundation with version 11.0.6
[21May2025 13:50:37.772] [main/DEBUG] [net.minecraftforge.fml.loading.UniqueModListBuilder/]: Found 2 mods for first modid thermal_expansion, selecting most recent based on version data
[21May2025 13:50:37.772] [main/DEBUG] [net.minecraftforge.fml.loading.UniqueModListBuilder/]: Selected file thermal-expansion-69163-5372749_mapped_parchment_2023.09.03-1.20.1.jar for modid thermal_expansion with version 11.0.1
[21May2025 13:50:37.772] [main/DEBUG] [net.minecraftforge.fml.loading.UniqueModListBuilder/]: Found 2 mods for first modid cofh_core, selecting most recent based on version data
[21May2025 13:50:37.772] [main/DEBUG] [net.minecraftforge.fml.loading.UniqueModListBuilder/]: Selected file cofh-core-69162-5374122_mapped_parchment_2023.09.03-1.20.1.jar for modid cofh_core with version 11.0.2
[21May2025 13:50:37.772] [main/DEBUG] [net.minecraftforge.fml.loading.UniqueModListBuilder/]: Found 2 mods for first modid pipez, selecting most recent based on version data
[21May2025 13:50:37.772] [main/DEBUG] [net.minecraftforge.fml.loading.UniqueModListBuilder/]: Selected file pipez-443900-4916633_mapped_parchment_2023.09.03-1.20.1.jar for modid pipez with version 1.20.1-1.2.5
[21May2025 13:50:37.772] [main/DEBUG] [net.minecraftforge.fml.loading.UniqueModListBuilder/]: Found 2 mods for first modid jade, selecting most recent based on version data
[21May2025 13:50:37.772] [main/DEBUG] [net.minecraftforge.fml.loading.UniqueModListBuilder/]: Selected file jade-11.13.1+forge_mapped_parchment_2023.09.03-1.20.1.jar for modid jade with version 11.13.1+forge
[21May2025 13:50:37.772] [main/DEBUG] [net.minecraftforge.fml.loading.UniqueModListBuilder/]: Found 2 mods for first modid thermal_dynamics, selecting most recent based on version data
[21May2025 13:50:37.772] [main/DEBUG] [net.minecraftforge.fml.loading.UniqueModListBuilder/]: Selected file thermal-dynamics-227443-5372747_mapped_parchment_2023.09.03-1.20.1.jar for modid thermal_dynamics with version 11.0.1
[21May2025 13:50:37.772] [main/DEBUG] [net.minecraftforge.fml.loading.UniqueModListBuilder/]: Found 2 mods for first modid jei, selecting most recent based on version data
[21May2025 13:50:37.773] [main/DEBUG] [net.minecraftforge.fml.loading.UniqueModListBuilder/]: Selected file jei-238222-6075247_mapped_parchment_2023.09.03-1.20.1.jar for modid jei with version 15.20.0.106
[21May2025 13:50:37.776] [main/DEBUG] [net.minecraftforge.fml.loading.moddiscovery.AbstractJarFileDependencyLocator/]: Failed to load resource META-INF/jarjar/metadata.json from configured-457570-5180900_mapped_parchment_2023.09.03-1.20.1.jar, it does not contain dependency information.
[21May2025 13:50:37.776] [main/DEBUG] [net.minecraftforge.fml.loading.moddiscovery.AbstractJarFileDependencyLocator/]: Failed to load resource META-INF/jarjar/metadata.json from forge-1.20.1-47.2.0_mapped_parchment_2023.09.03-1.20.1.jar, it does not contain dependency information.
[21May2025 13:50:37.777] [main/DEBUG] [net.minecraftforge.fml.loading.moddiscovery.AbstractJarFileDependencyLocator/]: Failed to load resource META-INF/jarjar/metadata.json from thermal-expansion-69163-5372749_mapped_parchment_2023.09.03-1.20.1.jar, it does not contain dependency information.
[21May2025 13:50:37.777] [main/DEBUG] [net.minecraftforge.fml.loading.moddiscovery.AbstractJarFileDependencyLocator/]: Failed to load resource META-INF/jarjar/metadata.json from main, it does not contain dependency information.
[21May2025 13:50:37.777] [main/DEBUG] [net.minecraftforge.fml.loading.moddiscovery.AbstractJarFileDependencyLocator/]: Failed to load resource META-INF/jarjar/metadata.json from cofh-core-69162-5374122_mapped_parchment_2023.09.03-1.20.1.jar, it does not contain dependency information.
[21May2025 13:50:37.777] [main/DEBUG] [net.minecraftforge.fml.loading.moddiscovery.AbstractJarFileDependencyLocator/]: Failed to load resource META-INF/jarjar/metadata.json from , it does not contain dependency information.
[21May2025 13:50:37.777] [main/DEBUG] [net.minecraftforge.fml.loading.moddiscovery.AbstractJarFileDependencyLocator/]: Failed to load resource META-INF/jarjar/metadata.json from pipez-443900-4916633_mapped_parchment_2023.09.03-1.20.1.jar, it does not contain dependency information.
[21May2025 13:50:37.777] [main/DEBUG] [net.minecraftforge.fml.loading.moddiscovery.AbstractJarFileDependencyLocator/]: Failed to load resource META-INF/jarjar/metadata.json from jade-11.13.1+forge_mapped_parchment_2023.09.03-1.20.1.jar, it does not contain dependency information.
[21May2025 13:50:37.777] [main/DEBUG] [net.minecraftforge.fml.loading.moddiscovery.AbstractJarFileDependencyLocator/]: Failed to load resource META-INF/jarjar/metadata.json from thermal-dynamics-227443-5372747_mapped_parchment_2023.09.03-1.20.1.jar, it does not contain dependency information.
[21May2025 13:50:37.777] [main/DEBUG] [net.minecraftforge.fml.loading.moddiscovery.AbstractJarFileDependencyLocator/]: Failed to load resource META-INF/jarjar/metadata.json from jei-238222-6075247_mapped_parchment_2023.09.03-1.20.1.jar, it does not contain dependency information.
[21May2025 13:50:37.778] [main/DEBUG] [net.minecraftforge.fml.loading.moddiscovery.AbstractJarFileDependencyLocator/]: Failed to load resource META-INF/jarjar/metadata.json from mclanguage-1.20.1-47.2.0.jar, it does not contain dependency information.
[21May2025 13:50:37.778] [main/DEBUG] [net.minecraftforge.fml.loading.moddiscovery.AbstractJarFileDependencyLocator/]: Failed to load resource META-INF/jarjar/metadata.json from javafmllanguage-1.20.1-47.2.0.jar, it does not contain dependency information.
[21May2025 13:50:37.778] [main/DEBUG] [net.minecraftforge.fml.loading.moddiscovery.AbstractJarFileDependencyLocator/]: Failed to load resource META-INF/jarjar/metadata.json from fmlcore-1.20.1-47.2.0.jar, it does not contain dependency information.
[21May2025 13:50:37.778] [main/DEBUG] [net.minecraftforge.fml.loading.moddiscovery.AbstractJarFileDependencyLocator/]: Failed to load resource META-INF/jarjar/metadata.json from lowcodelanguage-1.20.1-47.2.0.jar, it does not contain dependency information.
[21May2025 13:50:37.820] [main/DEBUG] [net.minecraftforge.fml.loading.moddiscovery.ModFileParser/LOADING]: Considering mod file candidate 
[21May2025 13:50:37.820] [main/DEBUG] [net.minecraftforge.fml.loading.moddiscovery.ModFileInfo/LOADING]: Found valid mod file kffmod-4.11.0.jar with {kotlinforforge} mods - versions {4.11.0}
[21May2025 13:50:37.861] [main/DEBUG] [net.minecraftforge.fml.loading.moddiscovery.ModFileParser/LOADING]: Considering mod file candidate 
[21May2025 13:50:37.861] [main/DEBUG] [net.minecraftforge.fml.loading.moddiscovery.ModFileInfo/LOADING]: Found valid mod file thermal_core-1.20.1-11.0.6.24.jar with {thermal} mods - versions {11.0.6}
[21May2025 13:50:37.862] [main/DEBUG] [net.minecraftforge.fml.loading.moddiscovery.AbstractJarFileDependencyLocator/]: Failed to load resource META-INF/jarjar/metadata.json from kfflang-4.11.0.jar, it does not contain dependency information.
[21May2025 13:50:37.862] [main/DEBUG] [net.minecraftforge.fml.loading.moddiscovery.AbstractJarFileDependencyLocator/]: Failed to load resource META-INF/jarjar/metadata.json from kfflib-4.11.0.jar, it does not contain dependency information.
[21May2025 13:50:37.862] [main/DEBUG] [net.minecraftforge.fml.loading.moddiscovery.AbstractJarFileDependencyLocator/]: Failed to load resource META-INF/jarjar/metadata.json from kffmod-4.11.0.jar, it does not contain dependency information.
[21May2025 13:50:37.862] [main/DEBUG] [net.minecraftforge.fml.loading.moddiscovery.AbstractJarFileDependencyLocator/]: Failed to load resource META-INF/jarjar/metadata.json from thermal_core-1.20.1-11.0.6.24.jar, it does not contain dependency information.
[21May2025 13:50:37.899] [main/DEBUG] [net.minecraftforge.fml.loading.moddiscovery.ModFileParser/LOADING]: Considering mod file candidate 
[21May2025 13:50:37.900] [main/DEBUG] [net.minecraftforge.fml.loading.moddiscovery.ModFileInfo/LOADING]: Found valid mod file thermal_core-1.20.1-11.0.6.24.jar with {thermal} mods - versions {11.0.6}
[21May2025 13:50:37.902] [main/DEBUG] [net.minecraftforge.fml.loading.moddiscovery.ModFileParser/LOADING]: Considering mod file candidate 
[21May2025 13:50:37.903] [main/DEBUG] [net.minecraftforge.fml.loading.moddiscovery.ModFileInfo/LOADING]: Found valid mod file kffmod-4.11.0.jar with {kotlinforforge} mods - versions {4.11.0}
[21May2025 13:50:37.904] [main/INFO] [net.minecraftforge.fml.loading.moddiscovery.JarInJarDependencyLocator/]: Found 4 dependencies adding them to mods collection
[21May2025 13:50:37.906] [main/DEBUG] [net.minecraftforge.fml.loading.moddiscovery.ModFileInfo/LOADING]: Found valid mod file forge-1.20.1-47.2.0_mapped_parchment_2023.09.03-1.20.1.jar with {minecraft} mods - versions {1.20.1}
[21May2025 13:50:37.908] [main/DEBUG] [net.minecraftforge.fml.loading.moddiscovery.ModFile/LOADING]: Loading mod file /home/honziggi/.gradle/caches/forge_gradle/minecraft_user_repo/net/minecraftforge/forge/1.20.1-47.2.0_mapped_parchment_2023.09.03-1.20.1/forge-1.20.1-47.2.0_mapped_parchment_2023.09.03-1.20.1.jar with languages [LanguageSpec[languageName=minecraft, acceptedVersions=1]]
[21May2025 13:50:37.909] [main/DEBUG] [net.minecraftforge.fml.loading.moddiscovery.ModFileParser/LOADING]: Considering mod file candidate /home/honziggi/.gradle/caches/forge_gradle/deobf_dependencies/curse/maven/configured-457570/5180900_mapped_parchment_2023.09.03-1.20.1/configured-457570-5180900_mapped_parchment_2023.09.03-1.20.1.jar
[21May2025 13:50:37.909] [main/DEBUG] [net.minecraftforge.fml.loading.moddiscovery.ModFileInfo/LOADING]: Found valid mod file configured-457570-5180900_mapped_parchment_2023.09.03-1.20.1.jar with {configured} mods - versions {2.2.3}
[21May2025 13:50:37.909] [main/DEBUG] [net.minecraftforge.fml.loading.moddiscovery.ModFile/LOADING]: Loading mod file /home/honziggi/.gradle/caches/forge_gradle/deobf_dependencies/curse/maven/configured-457570/5180900_mapped_parchment_2023.09.03-1.20.1/configured-457570-5180900_mapped_parchment_2023.09.03-1.20.1.jar with languages [LanguageSpec[languageName=javafml, acceptedVersions=[39,)]]
[21May2025 13:50:37.910] [main/DEBUG] [net.minecraftforge.fml.loading.moddiscovery.ModFileParser/LOADING]: Considering mod file candidate /home/honziggi/.gradle/caches/forge_gradle/deobf_dependencies/curse/maven/thermal-expansion-69163/5372749_mapped_parchment_2023.09.03-1.20.1/thermal-expansion-69163-5372749_mapped_parchment_2023.09.03-1.20.1.jar
[21May2025 13:50:37.910] [main/DEBUG] [net.minecraftforge.fml.loading.moddiscovery.ModFileInfo/LOADING]: Found valid mod file thermal-expansion-69163-5372749_mapped_parchment_2023.09.03-1.20.1.jar with {thermal_expansion} mods - versions {11.0.1}
[21May2025 13:50:37.910] [main/DEBUG] [net.minecraftforge.fml.loading.moddiscovery.ModFile/LOADING]: Loading mod file /home/honziggi/.gradle/caches/forge_gradle/deobf_dependencies/curse/maven/thermal-expansion-69163/5372749_mapped_parchment_2023.09.03-1.20.1/thermal-expansion-69163-5372749_mapped_parchment_2023.09.03-1.20.1.jar with languages [LanguageSpec[languageName=javafml, acceptedVersions=[47,)]]
[21May2025 13:50:37.910] [main/DEBUG] [net.minecraftforge.fml.loading.moddiscovery.ModFileParser/LOADING]: Considering mod file candidate /home/honziggi/.gradle/caches/forge_gradle/deobf_dependencies/curse/maven/thermal-foundation-222880/5443583_mapped_parchment_2023.09.03-1.20.1/thermal-foundation-222880-5443583_mapped_parchment_2023.09.03-1.20.1.jar
[21May2025 13:50:37.911] [main/DEBUG] [net.minecraftforge.fml.loading.moddiscovery.ModFileInfo/LOADING]: Found valid mod file thermal-foundation-222880-5443583_mapped_parchment_2023.09.03-1.20.1.jar with {thermal_foundation} mods - versions {11.0.6}
[21May2025 13:50:37.911] [main/DEBUG] [net.minecraftforge.fml.loading.moddiscovery.ModFile/LOADING]: Loading mod file /home/honziggi/.gradle/caches/forge_gradle/deobf_dependencies/curse/maven/thermal-foundation-222880/5443583_mapped_parchment_2023.09.03-1.20.1/thermal-foundation-222880-5443583_mapped_parchment_2023.09.03-1.20.1.jar with languages [LanguageSpec[languageName=javafml, acceptedVersions=[47,)]]
[21May2025 13:50:37.911] [main/DEBUG] [net.minecraftforge.fml.loading.moddiscovery.ModFileParser/LOADING]: Considering mod file candidate /home/honziggi/.gradle/caches/forge_gradle/deobf_dependencies/curse/maven/cofh-core-69162/5374122_mapped_parchment_2023.09.03-1.20.1/cofh-core-69162-5374122_mapped_parchment_2023.09.03-1.20.1.jar
[21May2025 13:50:37.911] [main/DEBUG] [net.minecraftforge.fml.loading.moddiscovery.ModFileInfo/LOADING]: Found valid mod file cofh-core-69162-5374122_mapped_parchment_2023.09.03-1.20.1.jar with {cofh_core} mods - versions {11.0.2}
[21May2025 13:50:37.911] [main/DEBUG] [net.minecraftforge.fml.loading.moddiscovery.ModFile/LOADING]: Loading mod file /home/honziggi/.gradle/caches/forge_gradle/deobf_dependencies/curse/maven/cofh-core-69162/5374122_mapped_parchment_2023.09.03-1.20.1/cofh-core-69162-5374122_mapped_parchment_2023.09.03-1.20.1.jar with languages [LanguageSpec[languageName=javafml, acceptedVersions=[47,)]]
[21May2025 13:50:37.912] [main/DEBUG] [net.minecraftforge.fml.loading.moddiscovery.ModFileParser/LOADING]: Considering mod file candidate /home/honziggi/.gradle/caches/forge_gradle/deobf_dependencies/maven/modrinth/jade/11.13.1+forge_mapped_parchment_2023.09.03-1.20.1/jade-11.13.1+forge_mapped_parchment_2023.09.03-1.20.1.jar
[21May2025 13:50:37.912] [main/DEBUG] [net.minecraftforge.fml.loading.moddiscovery.ModFileInfo/LOADING]: Found valid mod file jade-11.13.1+forge_mapped_parchment_2023.09.03-1.20.1.jar with {jade} mods - versions {11.13.1+forge}
[21May2025 13:50:37.912] [main/DEBUG] [net.minecraftforge.fml.loading.moddiscovery.ModFile/LOADING]: Loading mod file /home/honziggi/.gradle/caches/forge_gradle/deobf_dependencies/maven/modrinth/jade/11.13.1+forge_mapped_parchment_2023.09.03-1.20.1/jade-11.13.1+forge_mapped_parchment_2023.09.03-1.20.1.jar with languages [LanguageSpec[languageName=javafml, acceptedVersions=[46,)]]
[21May2025 13:50:37.912] [main/DEBUG] [net.minecraftforge.fml.loading.moddiscovery.ModFileParser/LOADING]: Considering mod file candidate /home/honziggi/.gradle/caches/forge_gradle/deobf_dependencies/curse/maven/jei-238222/6075247_mapped_parchment_2023.09.03-1.20.1/jei-238222-6075247_mapped_parchment_2023.09.03-1.20.1.jar
[21May2025 13:50:37.912] [main/DEBUG] [net.minecraftforge.fml.loading.moddiscovery.ModFileInfo/LOADING]: Found valid mod file jei-238222-6075247_mapped_parchment_2023.09.03-1.20.1.jar with {jei} mods - versions {15.20.0.106}
[21May2025 13:50:37.912] [main/DEBUG] [net.minecraftforge.fml.loading.moddiscovery.ModFile/LOADING]: Loading mod file /home/honziggi/.gradle/caches/forge_gradle/deobf_dependencies/curse/maven/jei-238222/6075247_mapped_parchment_2023.09.03-1.20.1/jei-238222-6075247_mapped_parchment_2023.09.03-1.20.1.jar with languages [LanguageSpec[languageName=javafml, acceptedVersions=[47,)]]
[21May2025 13:50:37.913] [main/DEBUG] [net.minecraftforge.fml.loading.moddiscovery.ModFileParser/LOADING]: Considering mod file candidate /home/honziggi/Desktop/branik-mod-main/build/resources/main
[21May2025 13:50:37.913] [main/DEBUG] [net.minecraftforge.fml.loading.moddiscovery.ModFileInfo/LOADING]: Found valid mod file main with {branik_mod} mods - versions {1.0.0}
[21May2025 13:50:37.913] [main/DEBUG] [net.minecraftforge.fml.loading.moddiscovery.ModFile/LOADING]: Loading mod file /home/honziggi/Desktop/branik-mod-main/build/resources/main with languages [LanguageSpec[languageName=kotlinforforge, acceptedVersions=[4.11,)]]
[21May2025 13:50:37.913] [main/DEBUG] [net.minecraftforge.fml.loading.moddiscovery.ModFileParser/LOADING]: Considering mod file candidate 
[21May2025 13:50:37.914] [main/DEBUG] [net.minecraftforge.fml.loading.moddiscovery.ModFileInfo/LOADING]: Found valid mod file kffmod-4.11.0.jar with {kotlinforforge} mods - versions {4.11.0}
[21May2025 13:50:37.914] [main/DEBUG] [net.minecraftforge.fml.loading.moddiscovery.ModFile/LOADING]: Loading mod file  with languages [LanguageSpec[languageName=kotlinforforge, acceptedVersions=[4,)]]
[21May2025 13:50:37.914] [main/DEBUG] [net.minecraftforge.fml.loading.moddiscovery.ModFileParser/LOADING]: Considering mod file candidate /
[21May2025 13:50:37.914] [main/DEBUG] [net.minecraftforge.fml.loading.moddiscovery.ModFileInfo/LOADING]: Found valid mod file  with {forge} mods - versions {47.2.0}
[21May2025 13:50:37.915] [main/DEBUG] [net.minecraftforge.fml.loading.moddiscovery.ModFile/LOADING]: Loading mod file / with languages [LanguageSpec[languageName=javafml, acceptedVersions=[24,]]]
[21May2025 13:50:37.916] [main/DEBUG] [net.minecraftforge.fml.loading.moddiscovery.ModFileParser/LOADING]: Found coremod field_to_method with Javascript path coremods/field_to_method.js
[21May2025 13:50:37.917] [main/DEBUG] [net.minecraftforge.fml.loading.moddiscovery.ModFileParser/LOADING]: Found coremod field_to_instanceof with Javascript path coremods/field_to_instanceof.js
[21May2025 13:50:37.917] [main/DEBUG] [net.minecraftforge.fml.loading.moddiscovery.ModFileParser/LOADING]: Found coremod add_bouncer_method with Javascript path coremods/add_bouncer_method.js
[21May2025 13:50:37.917] [main/DEBUG] [net.minecraftforge.fml.loading.moddiscovery.ModFileParser/LOADING]: Found coremod method_redirector with Javascript path coremods/method_redirector.js
[21May2025 13:50:37.917] [main/DEBUG] [net.minecraftforge.fml.loading.moddiscovery.ModFile/LOADING]: Found coremod coremods/field_to_method.js
[21May2025 13:50:37.917] [main/DEBUG] [net.minecraftforge.fml.loading.moddiscovery.ModFile/LOADING]: Found coremod coremods/field_to_instanceof.js
[21May2025 13:50:37.917] [main/DEBUG] [net.minecraftforge.fml.loading.moddiscovery.ModFile/LOADING]: Found coremod coremods/add_bouncer_method.js
[21May2025 13:50:37.917] [main/DEBUG] [net.minecraftforge.fml.loading.moddiscovery.ModFile/LOADING]: Found coremod coremods/method_redirector.js
[21May2025 13:50:37.917] [main/DEBUG] [net.minecraftforge.fml.loading.moddiscovery.ModFileParser/LOADING]: Considering mod file candidate /home/honziggi/.gradle/caches/forge_gradle/deobf_dependencies/curse/maven/pipez-443900/4916633_mapped_parchment_2023.09.03-1.20.1/pipez-443900-4916633_mapped_parchment_2023.09.03-1.20.1.jar
[21May2025 13:50:37.918] [main/DEBUG] [net.minecraftforge.fml.loading.moddiscovery.ModFileInfo/LOADING]: Found valid mod file pipez-443900-4916633_mapped_parchment_2023.09.03-1.20.1.jar with {pipez} mods - versions {1.20.1-1.2.5}
[21May2025 13:50:37.918] [main/DEBUG] [net.minecraftforge.fml.loading.moddiscovery.ModFile/LOADING]: Loading mod file /home/honziggi/.gradle/caches/forge_gradle/deobf_dependencies/curse/maven/pipez-443900/4916633_mapped_parchment_2023.09.03-1.20.1/pipez-443900-4916633_mapped_parchment_2023.09.03-1.20.1.jar with languages [LanguageSpec[languageName=javafml, acceptedVersions=[47,)]]
[21May2025 13:50:37.918] [main/DEBUG] [net.minecraftforge.fml.loading.moddiscovery.ModFileParser/LOADING]: Considering mod file candidate 
[21May2025 13:50:37.919] [main/DEBUG] [net.minecraftforge.fml.loading.moddiscovery.ModFileInfo/LOADING]: Found valid mod file thermal_core-1.20.1-11.0.6.24.jar with {thermal} mods - versions {11.0.6}
[21May2025 13:50:37.919] [main/DEBUG] [net.minecraftforge.fml.loading.moddiscovery.ModFile/LOADING]: Loading mod file  with languages [LanguageSpec[languageName=javafml, acceptedVersions=[47,)]]
[21May2025 13:50:37.919] [main/DEBUG] [net.minecraftforge.fml.loading.moddiscovery.ModFileParser/LOADING]: Considering mod file candidate /home/honziggi/.gradle/caches/forge_gradle/deobf_dependencies/curse/maven/thermal-dynamics-227443/5372747_mapped_parchment_2023.09.03-1.20.1/thermal-dynamics-227443-5372747_mapped_parchment_2023.09.03-1.20.1.jar
[21May2025 13:50:37.919] [main/DEBUG] [net.minecraftforge.fml.loading.moddiscovery.ModFileInfo/LOADING]: Found valid mod file thermal-dynamics-227443-5372747_mapped_parchment_2023.09.03-1.20.1.jar with {thermal_dynamics} mods - versions {11.0.1}
[21May2025 13:50:37.920] [main/DEBUG] [net.minecraftforge.fml.loading.moddiscovery.ModFile/LOADING]: Loading mod file /home/honziggi/.gradle/caches/forge_gradle/deobf_dependencies/curse/maven/thermal-dynamics-227443/5372747_mapped_parchment_2023.09.03-1.20.1/thermal-dynamics-227443-5372747_mapped_parchment_2023.09.03-1.20.1.jar with languages [LanguageSpec[languageName=javafml, acceptedVersions=[47,)]]
[21May2025 13:50:37.920] [main/DEBUG] [net.minecraftforge.fml.loading.moddiscovery.ModFile/LOADING]: Loading mod file  with languages []
[21May2025 13:50:37.921] [main/DEBUG] [cpw.mods.modlauncher.TransformationServiceDecorator/MODLAUNCHER]: End scan trigger - transformation service fml
[21May2025 13:50:37.930] [main/DEBUG] [net.minecraftforge.fml.loading.LanguageLoadingProvider/CORE]: Found 4 language providers
[21May2025 13:50:37.931] [main/DEBUG] [net.minecraftforge.fml.loading.LanguageLoadingProvider/CORE]: Found language provider minecraft, version 1.0
[21May2025 13:50:37.932] [main/DEBUG] [net.minecraftforge.fml.loading.LanguageLoadingProvider/CORE]: Found language provider javafml, version 47
[21May2025 13:50:37.932] [main/DEBUG] [net.minecraftforge.fml.loading.LanguageLoadingProvider/CORE]: Found language provider kotlinforforge, version 4.11.0
[21May2025 13:50:37.932] [main/DEBUG] [net.minecraftforge.fml.loading.LanguageLoadingProvider/CORE]: Found language provider lowcodefml, version 47
[21May2025 13:50:37.935] [main/DEBUG] [net.minecraftforge.fml.loading.ModSorter/]: Configured system mods: [minecraft, forge]
[21May2025 13:50:37.935] [main/DEBUG] [net.minecraftforge.fml.loading.ModSorter/]: Found system mod: minecraft
[21May2025 13:50:37.935] [main/DEBUG] [net.minecraftforge.fml.loading.ModSorter/]: Found system mod: forge
[21May2025 13:50:37.936] [main/DEBUG] [net.minecraftforge.fml.loading.ModSorter/LOADING]: Found 34 mod requirements (27 mandatory, 7 optional)
[21May2025 13:50:37.937] [main/DEBUG] [net.minecraftforge.fml.loading.ModSorter/LOADING]: Found 0 mod requirements missing (0 mandatory, 0 optional)
[21May2025 13:50:38.197] [main/DEBUG] [net.minecraftforge.fml.loading.MCPNamingService/CORE]: Loaded 34318 method mappings from methods.csv
[21May2025 13:50:38.217] [main/DEBUG] [net.minecraftforge.fml.loading.MCPNamingService/CORE]: Loaded 31014 field mappings from fields.csv
[21May2025 13:50:38.274] [main/DEBUG] [cpw.mods.modlauncher.TransformationServicesHandler/MODLAUNCHER]: Transformation services loading transformers
[21May2025 13:50:38.275] [main/DEBUG] [cpw.mods.modlauncher.TransformationServiceDecorator/MODLAUNCHER]: Initializing transformers for transformation service mixin
[21May2025 13:50:38.276] [main/DEBUG] [cpw.mods.modlauncher.TransformationServiceDecorator/MODLAUNCHER]: Initialized transformers for transformation service mixin
[21May2025 13:50:38.276] [main/DEBUG] [cpw.mods.modlauncher.TransformationServiceDecorator/MODLAUNCHER]: Initializing transformers for transformation service fml
[21May2025 13:50:38.276] [main/DEBUG] [net.minecraftforge.fml.loading.FMLServiceProvider/CORE]: Loading coremod transformers
[21May2025 13:50:38.276] [main/DEBUG] [net.minecraftforge.coremod.CoreModEngine/COREMOD]: Loading CoreMod from coremods/field_to_method.js
[21May2025 13:50:38.395] [main/DEBUG] [net.minecraftforge.coremod.CoreModEngine/COREMOD]: CoreMod loaded successfully
[21May2025 13:50:38.395] [main/DEBUG] [net.minecraftforge.coremod.CoreModEngine/COREMOD]: Loading CoreMod from coremods/field_to_instanceof.js
[21May2025 13:50:38.430] [main/DEBUG] [net.minecraftforge.coremod.CoreModEngine/COREMOD]: CoreMod loaded successfully
[21May2025 13:50:38.431] [main/DEBUG] [net.minecraftforge.coremod.CoreModEngine/COREMOD]: Loading CoreMod from coremods/add_bouncer_method.js
[21May2025 13:50:38.454] [main/DEBUG] [net.minecraftforge.coremod.CoreModEngine/COREMOD]: CoreMod loaded successfully
[21May2025 13:50:38.454] [main/DEBUG] [net.minecraftforge.coremod.CoreModEngine/COREMOD]: Loading CoreMod from coremods/method_redirector.js
[21May2025 13:50:38.499] [main/DEBUG] [net.minecraftforge.coremod.CoreModEngine/COREMOD]: CoreMod loaded successfully
[21May2025 13:50:38.509] [main/DEBUG] [cpw.mods.modlauncher.TransformStore/MODLAUNCHER]: Adding transformer net.minecraftforge.coremod.transformer.CoreModClassTransformer@5731d3a to Target : CLASS {Lnet/minecraft/world/level/biome/Biome;} {} {V}
[21May2025 13:50:38.511] [main/DEBUG] [cpw.mods.modlauncher.TransformStore/MODLAUNCHER]: Adding transformer net.minecraftforge.coremod.transformer.CoreModClassTransformer@3b1dc579 to Target : CLASS {Lnet/minecraft/world/level/levelgen/structure/Structure;} {} {V}
[21May2025 13:50:38.511] [main/DEBUG] [cpw.mods.modlauncher.TransformStore/MODLAUNCHER]: Adding transformer net.minecraftforge.coremod.transformer.CoreModClassTransformer@793d163b to Target : CLASS {Lnet/minecraft/world/effect/MobEffectInstance;} {} {V}
[21May2025 13:50:38.511] [main/DEBUG] [cpw.mods.modlauncher.TransformStore/MODLAUNCHER]: Adding transformer net.minecraftforge.coremod.transformer.CoreModClassTransformer@60dd0587 to Target : CLASS {Lnet/minecraft/world/level/block/LiquidBlock;} {} {V}
[21May2025 13:50:38.511] [main/DEBUG] [cpw.mods.modlauncher.TransformStore/MODLAUNCHER]: Adding transformer net.minecraftforge.coremod.transformer.CoreModClassTransformer@77f905e3 to Target : CLASS {Lnet/minecraft/world/item/BucketItem;} {} {V}
[21May2025 13:50:38.511] [main/DEBUG] [cpw.mods.modlauncher.TransformStore/MODLAUNCHER]: Adding transformer net.minecraftforge.coremod.transformer.CoreModClassTransformer@221a2068 to Target : CLASS {Lnet/minecraft/world/level/block/StairBlock;} {} {V}
[21May2025 13:50:38.511] [main/DEBUG] [cpw.mods.modlauncher.TransformStore/MODLAUNCHER]: Adding transformer net.minecraftforge.coremod.transformer.CoreModClassTransformer@338766de to Target : CLASS {Lnet/minecraft/world/level/block/FlowerPotBlock;} {} {V}
[21May2025 13:50:38.511] [main/DEBUG] [cpw.mods.modlauncher.TransformStore/MODLAUNCHER]: Adding transformer net.minecraftforge.coremod.transformer.CoreModClassTransformer@3b7eac14 to Target : CLASS {Lnet/minecraft/world/item/ItemStack;} {} {V}
[21May2025 13:50:38.512] [main/DEBUG] [cpw.mods.modlauncher.TransformStore/MODLAUNCHER]: Adding transformer net.minecraftforge.coremod.transformer.CoreModClassTransformer@4976085 to Target : CLASS {Lnet/minecraft/network/play/client/CClientSettingsPacket;} {} {V}
[21May2025 13:50:38.512] [main/DEBUG] [cpw.mods.modlauncher.TransformStore/MODLAUNCHER]: Adding transformer net.minecraftforge.coremod.transformer.CoreModClassTransformer@777d191f to Target : CLASS {Lnet/minecraft/world/level/levelgen/structure/templatesystem/StructureTemplate;} {} {V}
[21May2025 13:50:38.512] [main/DEBUG] [cpw.mods.modlauncher.TransformStore/MODLAUNCHER]: Adding transformer net.minecraftforge.coremod.transformer.CoreModClassTransformer@777d191f to Target : CLASS {Lnet/minecraft/world/level/NaturalSpawner;} {} {V}
[21May2025 13:50:38.512] [main/DEBUG] [cpw.mods.modlauncher.TransformStore/MODLAUNCHER]: Adding transformer net.minecraftforge.coremod.transformer.CoreModClassTransformer@777d191f to Target : CLASS {Lnet/minecraft/world/level/levelgen/structure/structures/SwampHutPiece;} {} {V}
[21May2025 13:50:38.512] [main/DEBUG] [cpw.mods.modlauncher.TransformStore/MODLAUNCHER]: Adding transformer net.minecraftforge.coremod.transformer.CoreModClassTransformer@777d191f to Target : CLASS {Lnet/minecraft/world/entity/ai/village/VillageSiege;} {} {V}
[21May2025 13:50:38.512] [main/DEBUG] [cpw.mods.modlauncher.TransformStore/MODLAUNCHER]: Adding transformer net.minecraftforge.coremod.transformer.CoreModClassTransformer@777d191f to Target : CLASS {Lnet/minecraft/world/level/levelgen/PatrolSpawner;} {} {V}
[21May2025 13:50:38.512] [main/DEBUG] [cpw.mods.modlauncher.TransformStore/MODLAUNCHER]: Adding transformer net.minecraftforge.coremod.transformer.CoreModClassTransformer@777d191f to Target : CLASS {Lnet/minecraft/world/entity/monster/Zombie;} {} {V}
[21May2025 13:50:38.512] [main/DEBUG] [cpw.mods.modlauncher.TransformStore/MODLAUNCHER]: Adding transformer net.minecraftforge.coremod.transformer.CoreModClassTransformer@777d191f to Target : CLASS {Lnet/minecraft/world/entity/monster/ZombieVillager;} {} {V}
[21May2025 13:50:38.512] [main/DEBUG] [cpw.mods.modlauncher.TransformStore/MODLAUNCHER]: Adding transformer net.minecraftforge.coremod.transformer.CoreModClassTransformer@777d191f to Target : CLASS {Lnet/minecraft/world/entity/monster/Strider;} {} {V}
[21May2025 13:50:38.512] [main/DEBUG] [cpw.mods.modlauncher.TransformStore/MODLAUNCHER]: Adding transformer net.minecraftforge.coremod.transformer.CoreModClassTransformer@777d191f to Target : CLASS {Lnet/minecraft/server/commands/SummonCommand;} {} {V}
[21May2025 13:50:38.512] [main/DEBUG] [cpw.mods.modlauncher.TransformStore/MODLAUNCHER]: Adding transformer net.minecraftforge.coremod.transformer.CoreModClassTransformer@777d191f to Target : CLASS {Lnet/minecraft/world/entity/animal/horse/SkeletonTrapGoal;} {} {V}
[21May2025 13:50:38.512] [main/DEBUG] [cpw.mods.modlauncher.TransformStore/MODLAUNCHER]: Adding transformer net.minecraftforge.coremod.transformer.CoreModClassTransformer@777d191f to Target : CLASS {Lnet/minecraft/world/entity/monster/Evoker$EvokerSummonSpellGoal;} {} {V}
[21May2025 13:50:38.512] [main/DEBUG] [cpw.mods.modlauncher.TransformStore/MODLAUNCHER]: Adding transformer net.minecraftforge.coremod.transformer.CoreModClassTransformer@777d191f to Target : CLASS {Lnet/minecraft/world/level/levelgen/PhantomSpawner;} {} {V}
[21May2025 13:50:38.512] [main/DEBUG] [cpw.mods.modlauncher.TransformStore/MODLAUNCHER]: Adding transformer net.minecraftforge.coremod.transformer.CoreModClassTransformer@777d191f to Target : CLASS {Lnet/minecraft/world/level/levelgen/structure/structures/OceanMonumentPieces$OceanMonumentPiece;} {} {V}
[21May2025 13:50:38.512] [main/DEBUG] [cpw.mods.modlauncher.TransformStore/MODLAUNCHER]: Adding transformer net.minecraftforge.coremod.transformer.CoreModClassTransformer@777d191f to Target : CLASS {Lnet/minecraft/world/entity/npc/Villager;} {} {V}
[21May2025 13:50:38.512] [main/DEBUG] [cpw.mods.modlauncher.TransformStore/MODLAUNCHER]: Adding transformer net.minecraftforge.coremod.transformer.CoreModClassTransformer@777d191f to Target : CLASS {Lnet/minecraft/world/level/levelgen/structure/structures/OceanRuinPieces$OceanRuinPiece;} {} {V}
[21May2025 13:50:38.513] [main/DEBUG] [cpw.mods.modlauncher.TransformStore/MODLAUNCHER]: Adding transformer net.minecraftforge.coremod.transformer.CoreModClassTransformer@777d191f to Target : CLASS {Lnet/minecraft/world/level/levelgen/structure/structures/WoodlandMansionPieces$WoodlandMansionPiece;} {} {V}
[21May2025 13:50:38.513] [main/DEBUG] [cpw.mods.modlauncher.TransformStore/MODLAUNCHER]: Adding transformer net.minecraftforge.coremod.transformer.CoreModClassTransformer@777d191f to Target : CLASS {Lnet/minecraft/world/entity/EntityType;} {} {V}
[21May2025 13:50:38.513] [main/DEBUG] [cpw.mods.modlauncher.TransformStore/MODLAUNCHER]: Adding transformer net.minecraftforge.coremod.transformer.CoreModClassTransformer@777d191f to Target : CLASS {Lnet/minecraft/world/entity/monster/Spider;} {} {V}
[21May2025 13:50:38.513] [main/DEBUG] [cpw.mods.modlauncher.TransformStore/MODLAUNCHER]: Adding transformer net.minecraftforge.coremod.transformer.CoreModClassTransformer@777d191f to Target : CLASS {Lnet/minecraft/world/entity/npc/CatSpawner;} {} {V}
[21May2025 13:50:38.513] [main/DEBUG] [cpw.mods.modlauncher.TransformStore/MODLAUNCHER]: Adding transformer net.minecraftforge.coremod.transformer.CoreModClassTransformer@777d191f to Target : CLASS {Lnet/minecraft/server/commands/RaidCommand;} {} {V}
[21May2025 13:50:38.513] [main/DEBUG] [cpw.mods.modlauncher.TransformStore/MODLAUNCHER]: Adding transformer net.minecraftforge.coremod.transformer.CoreModClassTransformer@777d191f to Target : CLASS {Lnet/minecraft/world/entity/animal/frog/Tadpole;} {} {V}
[21May2025 13:50:38.513] [main/DEBUG] [cpw.mods.modlauncher.TransformStore/MODLAUNCHER]: Adding transformer net.minecraftforge.coremod.transformer.CoreModClassTransformer@777d191f to Target : CLASS {Lnet/minecraft/world/entity/raid/Raid;} {} {V}
[21May2025 13:50:38.513] [main/DEBUG] [cpw.mods.modlauncher.TransformationServiceDecorator/MODLAUNCHER]: Initialized transformers for transformation service fml
[21May2025 13:50:38.808] [main/DEBUG] [mixin/]: Processing prepare() for PlatformAgent[MixinPlatformAgentDefault:ModLauncher Root Container(ModLauncher:4f56a0a2)]
[21May2025 13:50:38.808] [main/DEBUG] [mixin/]: Processing launch tasks for PlatformAgent[MixinPlatformAgentDefault:ModLauncher Root Container(ModLauncher:4f56a0a2)]
[21May2025 13:50:38.808] [main/DEBUG] [mixin/]: Adding mixin platform agents for container SecureJarResource(minecraft)
[21May2025 13:50:38.809] [main/DEBUG] [mixin/]: Instancing new MixinPlatformAgentMinecraftForge for SecureJarResource(minecraft)
[21May2025 13:50:38.809] [main/DEBUG] [mixin/]: MixinPlatformAgentMinecraftForge rejected container SecureJarResource(minecraft)
[21May2025 13:50:38.809] [main/DEBUG] [mixin/]: Instancing new MixinPlatformAgentDefault for SecureJarResource(minecraft)
[21May2025 13:50:38.809] [main/DEBUG] [mixin/]: MixinPlatformAgentDefault accepted container SecureJarResource(minecraft)
[21May2025 13:50:38.809] [main/DEBUG] [mixin/]: Processing prepare() for PlatformAgent[MixinPlatformAgentDefault:SecureJarResource(minecraft)]
[21May2025 13:50:38.809] [main/DEBUG] [mixin/]: Adding mixin platform agents for container SecureJarResource(configured)
[21May2025 13:50:38.809] [main/DEBUG] [mixin/]: Instancing new MixinPlatformAgentMinecraftForge for SecureJarResource(configured)
[21May2025 13:50:38.809] [main/DEBUG] [mixin/]: MixinPlatformAgentMinecraftForge rejected container SecureJarResource(configured)
[21May2025 13:50:38.809] [main/DEBUG] [mixin/]: Instancing new MixinPlatformAgentDefault for SecureJarResource(configured)
[21May2025 13:50:38.809] [main/DEBUG] [mixin/]: MixinPlatformAgentDefault accepted container SecureJarResource(configured)
[21May2025 13:50:38.809] [main/DEBUG] [mixin/]: Processing prepare() for PlatformAgent[MixinPlatformAgentDefault:SecureJarResource(configured)]
[21May2025 13:50:38.809] [main/DEBUG] [mixin/]: Registering mixin config: configured.common.mixins.json
[21May2025 13:50:38.819] [main/DEBUG] [mixin/]: Compatibility level JAVA_17 specified by configured.common.mixins.json is higher than the maximum level supported by this version of mixin (JAVA_13).
[21May2025 13:50:38.822] [main/INFO] [mixin/]: Compatibility level set to JAVA_17
[21May2025 13:50:38.822] [main/DEBUG] [mixin/]: Adding mixin platform agents for container SecureJarResource(thermal_expansion)
[21May2025 13:50:38.822] [main/DEBUG] [mixin/]: Instancing new MixinPlatformAgentMinecraftForge for SecureJarResource(thermal_expansion)
[21May2025 13:50:38.822] [main/DEBUG] [mixin/]: MixinPlatformAgentMinecraftForge rejected container SecureJarResource(thermal_expansion)
[21May2025 13:50:38.822] [main/DEBUG] [mixin/]: Instancing new MixinPlatformAgentDefault for SecureJarResource(thermal_expansion)
[21May2025 13:50:38.822] [main/DEBUG] [mixin/]: MixinPlatformAgentDefault accepted container SecureJarResource(thermal_expansion)
[21May2025 13:50:38.822] [main/DEBUG] [mixin/]: Processing prepare() for PlatformAgent[MixinPlatformAgentDefault:SecureJarResource(thermal_expansion)]
[21May2025 13:50:38.822] [main/DEBUG] [mixin/]: Adding mixin platform agents for container SecureJarResource(thermal_foundation)
[21May2025 13:50:38.823] [main/DEBUG] [mixin/]: Instancing new MixinPlatformAgentMinecraftForge for SecureJarResource(thermal_foundation)
[21May2025 13:50:38.823] [main/DEBUG] [mixin/]: MixinPlatformAgentMinecraftForge rejected container SecureJarResource(thermal_foundation)
[21May2025 13:50:38.823] [main/DEBUG] [mixin/]: Instancing new MixinPlatformAgentDefault for SecureJarResource(thermal_foundation)
[21May2025 13:50:38.823] [main/DEBUG] [mixin/]: MixinPlatformAgentDefault accepted container SecureJarResource(thermal_foundation)
[21May2025 13:50:38.823] [main/DEBUG] [mixin/]: Processing prepare() for PlatformAgent[MixinPlatformAgentDefault:SecureJarResource(thermal_foundation)]
[21May2025 13:50:38.823] [main/DEBUG] [mixin/]: Adding mixin platform agents for container SecureJarResource(cofh_core)
[21May2025 13:50:38.823] [main/DEBUG] [mixin/]: Instancing new MixinPlatformAgentMinecraftForge for SecureJarResource(cofh_core)
[21May2025 13:50:38.823] [main/DEBUG] [mixin/]: MixinPlatformAgentMinecraftForge rejected container SecureJarResource(cofh_core)
[21May2025 13:50:38.823] [main/DEBUG] [mixin/]: Instancing new MixinPlatformAgentDefault for SecureJarResource(cofh_core)
[21May2025 13:50:38.823] [main/DEBUG] [mixin/]: MixinPlatformAgentDefault accepted container SecureJarResource(cofh_core)
[21May2025 13:50:38.823] [main/DEBUG] [mixin/]: Processing prepare() for PlatformAgent[MixinPlatformAgentDefault:SecureJarResource(cofh_core)]
[21May2025 13:50:38.823] [main/DEBUG] [mixin/]: Registering mixin config: mixins.cofhcore.json
[21May2025 13:50:38.824] [main/DEBUG] [mixin/]: Adding mixin platform agents for container SecureJarResource(jade)
[21May2025 13:50:38.824] [main/DEBUG] [mixin/]: Instancing new MixinPlatformAgentMinecraftForge for SecureJarResource(jade)
[21May2025 13:50:38.824] [main/DEBUG] [mixin/]: MixinPlatformAgentMinecraftForge rejected container SecureJarResource(jade)
[21May2025 13:50:38.824] [main/DEBUG] [mixin/]: Instancing new MixinPlatformAgentDefault for SecureJarResource(jade)
[21May2025 13:50:38.824] [main/DEBUG] [mixin/]: MixinPlatformAgentDefault accepted container SecureJarResource(jade)
[21May2025 13:50:38.825] [main/DEBUG] [mixin/]: Processing prepare() for PlatformAgent[MixinPlatformAgentDefault:SecureJarResource(jade)]
[21May2025 13:50:38.825] [main/DEBUG] [mixin/]: Registering mixin config: jade.mixins.json
[21May2025 13:50:38.826] [main/DEBUG] [mixin/]: Compatibility level JAVA_16 specified by jade.mixins.json is higher than the maximum level supported by this version of mixin (JAVA_13).
[21May2025 13:50:38.826] [main/DEBUG] [mixin/]: Adding mixin platform agents for container SecureJarResource(jei)
[21May2025 13:50:38.826] [main/DEBUG] [mixin/]: Instancing new MixinPlatformAgentMinecraftForge for SecureJarResource(jei)
[21May2025 13:50:38.826] [main/DEBUG] [mixin/]: MixinPlatformAgentMinecraftForge rejected container SecureJarResource(jei)
[21May2025 13:50:38.826] [main/DEBUG] [mixin/]: Instancing new MixinPlatformAgentDefault for SecureJarResource(jei)
[21May2025 13:50:38.826] [main/DEBUG] [mixin/]: MixinPlatformAgentDefault accepted container SecureJarResource(jei)
[21May2025 13:50:38.826] [main/DEBUG] [mixin/]: Processing prepare() for PlatformAgent[MixinPlatformAgentDefault:SecureJarResource(jei)]
[21May2025 13:50:38.826] [main/DEBUG] [mixin/]: Adding mixin platform agents for container SecureJarResource(branik_mod)
[21May2025 13:50:38.826] [main/DEBUG] [mixin/]: Instancing new MixinPlatformAgentMinecraftForge for SecureJarResource(branik_mod)
[21May2025 13:50:38.826] [main/DEBUG] [mixin/]: MixinPlatformAgentMinecraftForge rejected container SecureJarResource(branik_mod)
[21May2025 13:50:38.826] [main/DEBUG] [mixin/]: Instancing new MixinPlatformAgentDefault for SecureJarResource(branik_mod)
[21May2025 13:50:38.827] [main/DEBUG] [mixin/]: MixinPlatformAgentDefault accepted container SecureJarResource(branik_mod)
[21May2025 13:50:38.827] [main/DEBUG] [mixin/]: Processing prepare() for PlatformAgent[MixinPlatformAgentDefault:SecureJarResource(branik_mod)]
[21May2025 13:50:38.827] [main/DEBUG] [mixin/]: Adding mixin platform agents for container SecureJarResource(kotlinforforge)
[21May2025 13:50:38.827] [main/DEBUG] [mixin/]: Instancing new MixinPlatformAgentMinecraftForge for SecureJarResource(kotlinforforge)
[21May2025 13:50:38.827] [main/DEBUG] [mixin/]: MixinPlatformAgentMinecraftForge rejected container SecureJarResource(kotlinforforge)
[21May2025 13:50:38.827] [main/DEBUG] [mixin/]: Instancing new MixinPlatformAgentDefault for SecureJarResource(kotlinforforge)
[21May2025 13:50:38.827] [main/DEBUG] [mixin/]: MixinPlatformAgentDefault accepted container SecureJarResource(kotlinforforge)
[21May2025 13:50:38.827] [main/DEBUG] [mixin/]: Processing prepare() for PlatformAgent[MixinPlatformAgentDefault:SecureJarResource(kotlinforforge)]
[21May2025 13:50:38.827] [main/DEBUG] [mixin/]: Adding mixin platform agents for container SecureJarResource(forge)
[21May2025 13:50:38.827] [main/DEBUG] [mixin/]: Instancing new MixinPlatformAgentMinecraftForge for SecureJarResource(forge)
[21May2025 13:50:38.827] [main/DEBUG] [mixin/]: MixinPlatformAgentMinecraftForge rejected container SecureJarResource(forge)
[21May2025 13:50:38.827] [main/DEBUG] [mixin/]: Instancing new MixinPlatformAgentDefault for SecureJarResource(forge)
[21May2025 13:50:38.827] [main/DEBUG] [mixin/]: MixinPlatformAgentDefault accepted container SecureJarResource(forge)
[21May2025 13:50:38.827] [main/DEBUG] [mixin/]: Processing prepare() for PlatformAgent[MixinPlatformAgentDefault:SecureJarResource(forge)]
[21May2025 13:50:38.827] [main/DEBUG] [mixin/]: Adding mixin platform agents for container SecureJarResource(pipez)
[21May2025 13:50:38.827] [main/DEBUG] [mixin/]: Instancing new MixinPlatformAgentMinecraftForge for SecureJarResource(pipez)
[21May2025 13:50:38.827] [main/DEBUG] [mixin/]: MixinPlatformAgentMinecraftForge rejected container SecureJarResource(pipez)
[21May2025 13:50:38.827] [main/DEBUG] [mixin/]: Instancing new MixinPlatformAgentDefault for SecureJarResource(pipez)
[21May2025 13:50:38.827] [main/DEBUG] [mixin/]: MixinPlatformAgentDefault accepted container SecureJarResource(pipez)
[21May2025 13:50:38.827] [main/DEBUG] [mixin/]: Processing prepare() for PlatformAgent[MixinPlatformAgentDefault:SecureJarResource(pipez)]
[21May2025 13:50:38.827] [main/DEBUG] [mixin/]: Adding mixin platform agents for container SecureJarResource(thermal)
[21May2025 13:50:38.828] [main/DEBUG] [mixin/]: Instancing new MixinPlatformAgentMinecraftForge for SecureJarResource(thermal)
[21May2025 13:50:38.828] [main/DEBUG] [mixin/]: MixinPlatformAgentMinecraftForge rejected container SecureJarResource(thermal)
[21May2025 13:50:38.828] [main/DEBUG] [mixin/]: Instancing new MixinPlatformAgentDefault for SecureJarResource(thermal)
[21May2025 13:50:38.828] [main/DEBUG] [mixin/]: MixinPlatformAgentDefault accepted container SecureJarResource(thermal)
[21May2025 13:50:38.828] [main/DEBUG] [mixin/]: Processing prepare() for PlatformAgent[MixinPlatformAgentDefault:SecureJarResource(thermal)]
[21May2025 13:50:38.828] [main/DEBUG] [mixin/]: Adding mixin platform agents for container SecureJarResource(thermal_dynamics)
[21May2025 13:50:38.828] [main/DEBUG] [mixin/]: Instancing new MixinPlatformAgentMinecraftForge for SecureJarResource(thermal_dynamics)
[21May2025 13:50:38.828] [main/DEBUG] [mixin/]: MixinPlatformAgentMinecraftForge rejected container SecureJarResource(thermal_dynamics)
[21May2025 13:50:38.828] [main/DEBUG] [mixin/]: Instancing new MixinPlatformAgentDefault for SecureJarResource(thermal_dynamics)
[21May2025 13:50:38.828] [main/DEBUG] [mixin/]: MixinPlatformAgentDefault accepted container SecureJarResource(thermal_dynamics)
[21May2025 13:50:38.828] [main/DEBUG] [mixin/]: Processing prepare() for PlatformAgent[MixinPlatformAgentDefault:SecureJarResource(thermal_dynamics)]
[21May2025 13:50:38.828] [main/DEBUG] [mixin/]: Adding mixin platform agents for container SecureJarResource(thedarkcolour.kotlinforforge.lib)
[21May2025 13:50:38.828] [main/DEBUG] [mixin/]: Instancing new MixinPlatformAgentMinecraftForge for SecureJarResource(thedarkcolour.kotlinforforge.lib)
[21May2025 13:50:38.828] [main/DEBUG] [mixin/]: MixinPlatformAgentMinecraftForge rejected container SecureJarResource(thedarkcolour.kotlinforforge.lib)
[21May2025 13:50:38.829] [main/DEBUG] [mixin/]: Instancing new MixinPlatformAgentDefault for SecureJarResource(thedarkcolour.kotlinforforge.lib)
[21May2025 13:50:38.829] [main/DEBUG] [mixin/]: MixinPlatformAgentDefault accepted container SecureJarResource(thedarkcolour.kotlinforforge.lib)
[21May2025 13:50:38.829] [main/DEBUG] [mixin/]: Processing prepare() for PlatformAgent[MixinPlatformAgentDefault:SecureJarResource(thedarkcolour.kotlinforforge.lib)]
[21May2025 13:50:38.829] [main/DEBUG] [mixin/]: inject() running with 15 agents
[21May2025 13:50:38.829] [main/DEBUG] [mixin/]: Processing inject() for PlatformAgent[MixinPlatformAgentDefault:ModLauncher Root Container(ModLauncher:4f56a0a2)]
[21May2025 13:50:38.829] [main/DEBUG] [mixin/]: Processing inject() for PlatformAgent[MixinPlatformAgentDefault:SecureJarResource(minecraft)]
[21May2025 13:50:38.829] [main/DEBUG] [mixin/]: Processing inject() for PlatformAgent[MixinPlatformAgentDefault:SecureJarResource(configured)]
[21May2025 13:50:38.829] [main/DEBUG] [mixin/]: Processing inject() for PlatformAgent[MixinPlatformAgentDefault:SecureJarResource(thermal_expansion)]
[21May2025 13:50:38.829] [main/DEBUG] [mixin/]: Processing inject() for PlatformAgent[MixinPlatformAgentDefault:SecureJarResource(thermal_foundation)]
[21May2025 13:50:38.829] [main/DEBUG] [mixin/]: Processing inject() for PlatformAgent[MixinPlatformAgentDefault:SecureJarResource(cofh_core)]
[21May2025 13:50:38.829] [main/DEBUG] [mixin/]: Processing inject() for PlatformAgent[MixinPlatformAgentDefault:SecureJarResource(jade)]
[21May2025 13:50:38.829] [main/DEBUG] [mixin/]: Processing inject() for PlatformAgent[MixinPlatformAgentDefault:SecureJarResource(jei)]
[21May2025 13:50:38.829] [main/DEBUG] [mixin/]: Processing inject() for PlatformAgent[MixinPlatformAgentDefault:SecureJarResource(branik_mod)]
[21May2025 13:50:38.829] [main/DEBUG] [mixin/]: Processing inject() for PlatformAgent[MixinPlatformAgentDefault:SecureJarResource(kotlinforforge)]
[21May2025 13:50:38.829] [main/DEBUG] [mixin/]: Processing inject() for PlatformAgent[MixinPlatformAgentDefault:SecureJarResource(forge)]
[21May2025 13:50:38.829] [main/DEBUG] [mixin/]: Processing inject() for PlatformAgent[MixinPlatformAgentDefault:SecureJarResource(pipez)]
[21May2025 13:50:38.829] [main/DEBUG] [mixin/]: Processing inject() for PlatformAgent[MixinPlatformAgentDefault:SecureJarResource(thermal)]
[21May2025 13:50:38.829] [main/DEBUG] [mixin/]: Processing inject() for PlatformAgent[MixinPlatformAgentDefault:SecureJarResource(thermal_dynamics)]
[21May2025 13:50:38.829] [main/DEBUG] [mixin/]: Processing inject() for PlatformAgent[MixinPlatformAgentDefault:SecureJarResource(thedarkcolour.kotlinforforge.lib)]
[21May2025 13:50:38.830] [main/INFO] [cpw.mods.modlauncher.LaunchServiceHandler/MODLAUNCHER]: Launching target 'forgeclientuserdev' with arguments [--version, MOD_DEV, --gameDir, ., --assetsDir, /home/honziggi/.gradle/caches/forge_gradle/assets, --assetIndex, 5]
[21May2025 13:50:38.853] [main/DEBUG] [mixin/]: Error cleaning class output directory: .mixin.out
[21May2025 13:50:38.854] [main/DEBUG] [mixin/]: Preparing mixins for MixinEnvironment[DEFAULT]
[21May2025 13:50:38.854] [main/DEBUG] [mixin/]: Selecting config configured.common.mixins.json
[21May2025 13:50:39.068] [main/INFO] [mixin/]: Remapping refMap configured.refmap.json using /home/honziggi/Desktop/branik-mod-main/build/createSrgToMcp/output.srg
[21May2025 13:50:39.068] [main/DEBUG] [mixin/]: Selecting config mixins.cofhcore.json
[21May2025 13:50:39.069] [main/INFO] [mixin/]: Remapping refMap mixins.cofhcore.refmap.json using /home/honziggi/Desktop/branik-mod-main/build/createSrgToMcp/output.srg
[21May2025 13:50:39.069] [main/DEBUG] [mixin/]: Selecting config jade.mixins.json
[21May2025 13:50:39.070] [main/INFO] [mixin/]: Remapping refMap jade.refmap.json using /home/honziggi/Desktop/branik-mod-main/build/createSrgToMcp/output.srg
[21May2025 13:50:39.070] [main/DEBUG] [mixin/]: Preparing configured.common.mixins.json (2)
[21May2025 13:50:39.105] [main/DEBUG] [mixin/]: Preparing mixins.cofhcore.json (10)
[21May2025 13:50:39.163] [main/DEBUG] [mixin/]: Preparing jade.mixins.json (2)
[21May2025 13:50:39.176] [main/DEBUG] [mixin/]: Registering new injector for @Inject with org.spongepowered.asm.mixin.injection.struct.CallbackInjectionInfo
[21May2025 13:50:39.177] [main/DEBUG] [mixin/]: Registering new injector for @ModifyArg with org.spongepowered.asm.mixin.injection.struct.ModifyArgInjectionInfo
[21May2025 13:50:39.178] [main/DEBUG] [mixin/]: Registering new injector for @ModifyArgs with org.spongepowered.asm.mixin.injection.struct.ModifyArgsInjectionInfo
[21May2025 13:50:39.180] [main/DEBUG] [mixin/]: Registering new injector for @Redirect with org.spongepowered.asm.mixin.injection.struct.RedirectInjectionInfo
[21May2025 13:50:39.181] [main/DEBUG] [mixin/]: Registering new injector for @ModifyVariable with org.spongepowered.asm.mixin.injection.struct.ModifyVariableInjectionInfo
[21May2025 13:50:39.182] [main/DEBUG] [mixin/]: Registering new injector for @ModifyConstant with org.spongepowered.asm.mixin.injection.struct.ModifyConstantInjectionInfo
[21May2025 13:50:39.190] [main/DEBUG] [mixin/]: Prepared 14 mixins in 0.336 sec (24.0ms avg) (0ms load, 0ms transform, 0ms plugin)
[21May2025 13:50:39.364] [main/DEBUG] [io.netty.util.internal.logging.InternalLoggerFactory/]: Using SLF4J as the default logging framework
[21May2025 13:50:39.366] [main/DEBUG] [io.netty.util.ResourceLeakDetector/]: -Dio.netty.leakDetection.level: simple
[21May2025 13:50:39.366] [main/DEBUG] [io.netty.util.ResourceLeakDetector/]: -Dio.netty.leakDetection.targetRecords: 4
[21May2025 13:50:39.456] [main/DEBUG] [oshi.util.FileUtil/]: No oshi.properties file found from ClassLoader cpw.mods.modlauncher.TransformingClassLoader@7d979d34
[21May2025 13:50:39.491] [main/DEBUG] [oshi.util.FileUtil/]: Reading file /proc/self/auxv
[21May2025 13:50:39.492] [main/DEBUG] [oshi.util.FileUtil/]: Reading file /proc/self/auxv
[21May2025 13:50:39.496] [main/DEBUG] [oshi.util.FileUtil/]: Reading file /proc/stat
[21May2025 13:50:39.503] [main/DEBUG] [oshi.util.FileUtil/]: Reading file /sys/devices/system/cpu/cpu0/topology/core_id
[21May2025 13:50:39.503] [main/DEBUG] [oshi.util.FileUtil/]: Reading file /sys/devices/system/cpu/cpu0/topology/core_id
[21May2025 13:50:39.503] [main/DEBUG] [oshi.util.FileUtil/]: Reading file /sys/devices/system/cpu/cpu0/topology/physical_package_id
[21May2025 13:50:39.503] [main/DEBUG] [oshi.util.FileUtil/]: Reading file /sys/devices/system/cpu/cpu0/topology/physical_package_id
[21May2025 13:50:39.503] [main/DEBUG] [oshi.util.FileUtil/]: Reading file /sys/devices/system/cpu/cpu0/cpu_capacity
[21May2025 13:50:39.505] [main/DEBUG] [oshi.util.FileUtil/]: Reading file /sys/devices/system/cpu/cpu1/topology/core_id
[21May2025 13:50:39.506] [main/DEBUG] [oshi.util.FileUtil/]: Reading file /sys/devices/system/cpu/cpu1/topology/core_id
[21May2025 13:50:39.506] [main/DEBUG] [oshi.util.FileUtil/]: Reading file /sys/devices/system/cpu/cpu1/topology/physical_package_id
[21May2025 13:50:39.506] [main/DEBUG] [oshi.util.FileUtil/]: Reading file /sys/devices/system/cpu/cpu1/topology/physical_package_id
[21May2025 13:50:39.506] [main/DEBUG] [oshi.util.FileUtil/]: Reading file /sys/devices/system/cpu/cpu1/cpu_capacity
[21May2025 13:50:39.506] [main/DEBUG] [oshi.util.FileUtil/]: Reading file /sys/devices/system/cpu/cpu10/topology/core_id
[21May2025 13:50:39.506] [main/DEBUG] [oshi.util.FileUtil/]: Reading file /sys/devices/system/cpu/cpu10/topology/core_id
[21May2025 13:50:39.507] [main/DEBUG] [oshi.util.FileUtil/]: Reading file /sys/devices/system/cpu/cpu10/topology/physical_package_id
[21May2025 13:50:39.507] [main/DEBUG] [oshi.util.FileUtil/]: Reading file /sys/devices/system/cpu/cpu10/topology/physical_package_id
[21May2025 13:50:39.507] [main/DEBUG] [oshi.util.FileUtil/]: Reading file /sys/devices/system/cpu/cpu10/cpu_capacity
[21May2025 13:50:39.507] [main/DEBUG] [oshi.util.FileUtil/]: Reading file /sys/devices/system/cpu/cpu11/topology/core_id
[21May2025 13:50:39.507] [main/DEBUG] [oshi.util.FileUtil/]: Reading file /sys/devices/system/cpu/cpu11/topology/core_id
[21May2025 13:50:39.507] [main/DEBUG] [oshi.util.FileUtil/]: Reading file /sys/devices/system/cpu/cpu11/topology/physical_package_id
[21May2025 13:50:39.507] [main/DEBUG] [oshi.util.FileUtil/]: Reading file /sys/devices/system/cpu/cpu11/topology/physical_package_id
[21May2025 13:50:39.507] [main/DEBUG] [oshi.util.FileUtil/]: Reading file /sys/devices/system/cpu/cpu11/cpu_capacity
[21May2025 13:50:39.508] [main/DEBUG] [oshi.util.FileUtil/]: Reading file /sys/devices/system/cpu/cpu2/topology/core_id
[21May2025 13:50:39.508] [main/DEBUG] [oshi.util.FileUtil/]: Reading file /sys/devices/system/cpu/cpu2/topology/core_id
[21May2025 13:50:39.508] [main/DEBUG] [oshi.util.FileUtil/]: Reading file /sys/devices/system/cpu/cpu2/topology/physical_package_id
[21May2025 13:50:39.508] [main/DEBUG] [oshi.util.FileUtil/]: Reading file /sys/devices/system/cpu/cpu2/topology/physical_package_id
[21May2025 13:50:39.508] [main/DEBUG] [oshi.util.FileUtil/]: Reading file /sys/devices/system/cpu/cpu2/cpu_capacity
[21May2025 13:50:39.509] [main/DEBUG] [oshi.util.FileUtil/]: Reading file /sys/devices/system/cpu/cpu3/topology/core_id
[21May2025 13:50:39.509] [main/DEBUG] [oshi.util.FileUtil/]: Reading file /sys/devices/system/cpu/cpu3/topology/core_id
[21May2025 13:50:39.509] [main/DEBUG] [oshi.util.FileUtil/]: Reading file /sys/devices/system/cpu/cpu3/topology/physical_package_id
[21May2025 13:50:39.509] [main/DEBUG] [oshi.util.FileUtil/]: Reading file /sys/devices/system/cpu/cpu3/topology/physical_package_id
[21May2025 13:50:39.509] [main/DEBUG] [oshi.util.FileUtil/]: Reading file /sys/devices/system/cpu/cpu3/cpu_capacity
[21May2025 13:50:39.509] [main/DEBUG] [oshi.util.FileUtil/]: Reading file /sys/devices/system/cpu/cpu4/topology/core_id
[21May2025 13:50:39.509] [main/DEBUG] [oshi.util.FileUtil/]: Reading file /sys/devices/system/cpu/cpu4/topology/core_id
[21May2025 13:50:39.510] [main/DEBUG] [oshi.util.FileUtil/]: Reading file /sys/devices/system/cpu/cpu4/topology/physical_package_id
[21May2025 13:50:39.510] [main/DEBUG] [oshi.util.FileUtil/]: Reading file /sys/devices/system/cpu/cpu4/topology/physical_package_id
[21May2025 13:50:39.510] [main/DEBUG] [oshi.util.FileUtil/]: Reading file /sys/devices/system/cpu/cpu4/cpu_capacity
[21May2025 13:50:39.510] [main/DEBUG] [oshi.util.FileUtil/]: Reading file /sys/devices/system/cpu/cpu5/topology/core_id
[21May2025 13:50:39.510] [main/DEBUG] [oshi.util.FileUtil/]: Reading file /sys/devices/system/cpu/cpu5/topology/core_id
[21May2025 13:50:39.510] [main/DEBUG] [oshi.util.FileUtil/]: Reading file /sys/devices/system/cpu/cpu5/topology/physical_package_id
[21May2025 13:50:39.510] [main/DEBUG] [oshi.util.FileUtil/]: Reading file /sys/devices/system/cpu/cpu5/topology/physical_package_id
[21May2025 13:50:39.510] [main/DEBUG] [oshi.util.FileUtil/]: Reading file /sys/devices/system/cpu/cpu5/cpu_capacity
[21May2025 13:50:39.511] [main/DEBUG] [oshi.util.FileUtil/]: Reading file /sys/devices/system/cpu/cpu6/topology/core_id
[21May2025 13:50:39.511] [main/DEBUG] [oshi.util.FileUtil/]: Reading file /sys/devices/system/cpu/cpu6/topology/core_id
[21May2025 13:50:39.511] [main/DEBUG] [oshi.util.FileUtil/]: Reading file /sys/devices/system/cpu/cpu6/topology/physical_package_id
[21May2025 13:50:39.511] [main/DEBUG] [oshi.util.FileUtil/]: Reading file /sys/devices/system/cpu/cpu6/topology/physical_package_id
[21May2025 13:50:39.511] [main/DEBUG] [oshi.util.FileUtil/]: Reading file /sys/devices/system/cpu/cpu6/cpu_capacity
[21May2025 13:50:39.511] [main/DEBUG] [oshi.util.FileUtil/]: Reading file /sys/devices/system/cpu/cpu7/topology/core_id
[21May2025 13:50:39.511] [main/DEBUG] [oshi.util.FileUtil/]: Reading file /sys/devices/system/cpu/cpu7/topology/core_id
[21May2025 13:50:39.511] [main/DEBUG] [oshi.util.FileUtil/]: Reading file /sys/devices/system/cpu/cpu7/topology/physical_package_id
[21May2025 13:50:39.512] [main/DEBUG] [oshi.util.FileUtil/]: Reading file /sys/devices/system/cpu/cpu7/topology/physical_package_id
[21May2025 13:50:39.512] [main/DEBUG] [oshi.util.FileUtil/]: Reading file /sys/devices/system/cpu/cpu7/cpu_capacity
[21May2025 13:50:39.512] [main/DEBUG] [oshi.util.FileUtil/]: Reading file /sys/devices/system/cpu/cpu8/topology/core_id
[21May2025 13:50:39.512] [main/DEBUG] [oshi.util.FileUtil/]: Reading file /sys/devices/system/cpu/cpu8/topology/core_id
[21May2025 13:50:39.512] [main/DEBUG] [oshi.util.FileUtil/]: Reading file /sys/devices/system/cpu/cpu8/topology/physical_package_id
[21May2025 13:50:39.512] [main/DEBUG] [oshi.util.FileUtil/]: Reading file /sys/devices/system/cpu/cpu8/topology/physical_package_id
[21May2025 13:50:39.512] [main/DEBUG] [oshi.util.FileUtil/]: Reading file /sys/devices/system/cpu/cpu8/cpu_capacity
[21May2025 13:50:39.513] [main/DEBUG] [oshi.util.FileUtil/]: Reading file /sys/devices/system/cpu/cpu9/topology/core_id
[21May2025 13:50:39.513] [main/DEBUG] [oshi.util.FileUtil/]: Reading file /sys/devices/system/cpu/cpu9/topology/core_id
[21May2025 13:50:39.513] [main/DEBUG] [oshi.util.FileUtil/]: Reading file /sys/devices/system/cpu/cpu9/topology/physical_package_id
[21May2025 13:50:39.513] [main/DEBUG] [oshi.util.FileUtil/]: Reading file /sys/devices/system/cpu/cpu9/topology/physical_package_id
[21May2025 13:50:39.513] [main/DEBUG] [oshi.util.FileUtil/]: Reading file /sys/devices/system/cpu/cpu9/cpu_capacity
[21May2025 13:50:39.515] [main/DEBUG] [oshi.util.FileUtil/]: Reading file /proc/cpuinfo
[21May2025 13:50:39.521] [main/DEBUG] [oshi.util.FileUtil/]: Reading file /proc/self/auxv
[21May2025 13:50:39.523] [main/DEBUG] [oshi.util.FileUtil/]: No oshi.architecture.properties file found from ClassLoader cpw.mods.modlauncher.TransformingClassLoader@7d979d34
[21May2025 13:50:39.574] [main/DEBUG] [oshi.util.FileUtil/]: Reading file /proc/meminfo
[21May2025 13:50:39.575] [main/DEBUG] [oshi.util.FileUtil/]: Reading file /proc/meminfo
[21May2025 13:50:39.659] [pool-4-thread-1/DEBUG] [mixin/]: Mixing LivingEntityMixin from mixins.cofhcore.json into net.minecraft.world.entity.LivingEntity
[21May2025 13:50:39.672] [pool-4-thread-1/DEBUG] [mixin/]: Renaming synthetic method lambda$shield$0(Lorg/spongepowered/asm/mixin/injection/callback/CallbackInfoReturnable;Lnet/minecraft/world/damagesource/DamageSource;Lcofh/lib/api/capability/IShieldItem;)V to md660b25$lambda$shield$0$0 in mixins.cofhcore.json:LivingEntityMixin
[21May2025 13:50:39.677] [pool-4-thread-1/DEBUG] [net.minecraftforge.coremod.transformer.CoreModBaseTransformer/COREMOD]: Transforming net/minecraft/world/effect/MobEffectInstance
[21May2025 13:50:39.703] [pool-4-thread-1/DEBUG] [net.minecraftforge.coremod.transformer.CoreModBaseTransformer/COREMOD]: Transforming net/minecraft/world/item/ItemStack
[21May2025 13:50:39.862] [pool-4-thread-1/DEBUG] [net.minecraftforge.coremod.transformer.CoreModBaseTransformer/COREMOD]: Transforming net/minecraft/world/entity/EntityType
[21May2025 13:50:40.122] [pool-4-thread-1/DEBUG] [net.minecraftforge.coremod.transformer.CoreModBaseTransformer/COREMOD]: Transforming net/minecraft/world/level/block/LiquidBlock
[21May2025 13:50:40.147] [pool-4-thread-1/DEBUG] [net.minecraftforge.coremod.transformer.CoreModBaseTransformer/COREMOD]: Transforming net/minecraft/world/level/block/StairBlock
[21May2025 13:50:40.184] [pool-4-thread-1/DEBUG] [net.minecraftforge.coremod.transformer.CoreModBaseTransformer/COREMOD]: Transforming net/minecraft/world/level/block/FlowerPotBlock
[21May2025 13:50:40.615] [pool-4-thread-1/DEBUG] [net.minecraftforge.coremod.transformer.CoreModBaseTransformer/COREMOD]: Transforming net/minecraft/world/item/ItemStack
[21May2025 13:50:40.934] [pool-4-thread-1/DEBUG] [net.minecraftforge.coremod.transformer.CoreModBaseTransformer/COREMOD]: Transforming net/minecraft/world/entity/animal/frog/Tadpole
[21May2025 13:50:40.965] [pool-4-thread-1/DEBUG] [net.minecraftforge.coremod.transformer.CoreModBaseTransformer/COREMOD]: Transforming net/minecraft/world/item/BucketItem
[21May2025 13:50:40.975] [pool-4-thread-1/DEBUG] [mixin/]: Mixing ShearsItemMixin from mixins.cofhcore.json into net.minecraft.world.item.ShearsItem
[21May2025 13:50:41.009] [pool-4-thread-1/DEBUG] [mixin/]: Mixing HorseArmorItemMixin from mixins.cofhcore.json into net.minecraft.world.item.HorseArmorItem
[21May2025 13:50:41.013] [pool-4-thread-1/DEBUG] [mixin/]: Mixing ShieldItemMixin from mixins.cofhcore.json into net.minecraft.world.item.ShieldItem
[21May2025 13:50:41.467] [pool-4-thread-1/DEBUG] [net.minecraftforge.coremod.transformer.CoreModBaseTransformer/COREMOD]: Transforming net/minecraft/world/entity/monster/Spider
[21May2025 13:50:41.501] [Datafixer Bootstrap/INFO] [com.mojang.datafixers.DataFixerBuilder/]: 188 Datafixer optimizations took 84 milliseconds
[21May2025 13:50:41.506] [pool-4-thread-1/DEBUG] [net.minecraftforge.coremod.transformer.CoreModBaseTransformer/COREMOD]: Transforming net/minecraft/world/entity/monster/Zombie
[21May2025 13:50:41.552] [pool-4-thread-1/DEBUG] [net.minecraftforge.coremod.transformer.CoreModBaseTransformer/COREMOD]: Transforming net/minecraft/world/entity/monster/ZombieVillager
[21May2025 13:50:41.593] [pool-4-thread-1/DEBUG] [net.minecraftforge.coremod.transformer.CoreModBaseTransformer/COREMOD]: Transforming net/minecraft/world/entity/monster/Evoker$EvokerSummonSpellGoal
[21May2025 13:50:41.690] [pool-4-thread-1/DEBUG] [net.minecraftforge.coremod.transformer.CoreModBaseTransformer/COREMOD]: Transforming net/minecraft/world/entity/animal/horse/SkeletonTrapGoal
[21May2025 13:50:41.706] [pool-4-thread-1/DEBUG] [net.minecraftforge.coremod.transformer.CoreModBaseTransformer/COREMOD]: Transforming net/minecraft/world/entity/monster/Strider
[21May2025 13:50:41.800] [pool-4-thread-1/DEBUG] [net.minecraftforge.coremod.transformer.CoreModBaseTransformer/COREMOD]: Transforming net/minecraft/world/entity/npc/Villager
[21May2025 13:50:41.883] [pool-4-thread-1/DEBUG] [net.minecraftforge.coremod.transformer.CoreModBaseTransformer/COREMOD]: Transforming net/minecraft/world/effect/MobEffectInstance
[21May2025 13:50:42.240] [pool-4-thread-1/DEBUG] [net.minecraftforge.coremod.transformer.CoreModBaseTransformer/COREMOD]: Transforming net/minecraft/world/level/levelgen/structure/Structure
[21May2025 13:50:42.264] [pool-4-thread-1/DEBUG] [net.minecraftforge.coremod.transformer.CoreModBaseTransformer/COREMOD]: Transforming net/minecraft/world/level/levelgen/structure/structures/OceanRuinPieces$OceanRuinPiece
[21May2025 13:50:42.272] [pool-4-thread-1/DEBUG] [net.minecraftforge.coremod.transformer.CoreModBaseTransformer/COREMOD]: Transforming net/minecraft/world/level/levelgen/structure/structures/SwampHutPiece
[21May2025 13:50:42.278] [pool-4-thread-1/DEBUG] [net.minecraftforge.coremod.transformer.CoreModBaseTransformer/COREMOD]: Transforming net/minecraft/world/level/levelgen/structure/structures/OceanMonumentPieces$OceanMonumentPiece
[21May2025 13:50:42.290] [pool-4-thread-1/DEBUG] [net.minecraftforge.coremod.transformer.CoreModBaseTransformer/COREMOD]: Transforming net/minecraft/world/level/levelgen/structure/structures/WoodlandMansionPieces$WoodlandMansionPiece
[21May2025 13:50:42.358] [pool-4-thread-1/DEBUG] [net.minecraftforge.coremod.transformer.CoreModBaseTransformer/COREMOD]: Transforming net/minecraft/world/level/biome/Biome
[21May2025 13:50:42.485] [pool-4-thread-1/DEBUG] [net.minecraftforge.registries.GameData/REGISTRIES]: Creating vanilla freeze snapshot
[21May2025 13:50:42.486] [pool-4-thread-1/DEBUG] [net.minecraftforge.registries.ForgeRegistry/REGISTRIES]: Registry minecraft:block Sync: VANILLA -> ACTIVE
[21May2025 13:50:42.495] [pool-4-thread-1/DEBUG] [net.minecraftforge.registries.ForgeRegistry/REGISTRIES]: Registry minecraft:fluid Sync: VANILLA -> ACTIVE
[21May2025 13:50:42.495] [pool-4-thread-1/DEBUG] [net.minecraftforge.registries.ForgeRegistry/REGISTRIES]: Registry minecraft:item Sync: VANILLA -> ACTIVE
[21May2025 13:50:42.502] [pool-4-thread-1/DEBUG] [net.minecraftforge.registries.ForgeRegistry/REGISTRIES]: Registry minecraft:mob_effect Sync: VANILLA -> ACTIVE
[21May2025 13:50:42.503] [pool-4-thread-1/DEBUG] [net.minecraftforge.registries.ForgeRegistry/REGISTRIES]: Registry minecraft:sound_event Sync: VANILLA -> ACTIVE
[21May2025 13:50:42.509] [pool-4-thread-1/DEBUG] [net.minecraftforge.registries.ForgeRegistry/REGISTRIES]: Registry minecraft:potion Sync: VANILLA -> ACTIVE
[21May2025 13:50:42.510] [pool-4-thread-1/DEBUG] [net.minecraftforge.registries.ForgeRegistry/REGISTRIES]: Registry minecraft:enchantment Sync: VANILLA -> ACTIVE
[21May2025 13:50:42.510] [pool-4-thread-1/DEBUG] [net.minecraftforge.registries.ForgeRegistry/REGISTRIES]: Registry minecraft:entity_type Sync: VANILLA -> ACTIVE
[21May2025 13:50:42.511] [pool-4-thread-1/DEBUG] [net.minecraftforge.registries.ForgeRegistry/REGISTRIES]: Registry minecraft:block_entity_type Sync: VANILLA -> ACTIVE
[21May2025 13:50:42.512] [pool-4-thread-1/DEBUG] [net.minecraftforge.registries.ForgeRegistry/REGISTRIES]: Registry minecraft:particle_type Sync: VANILLA -> ACTIVE
[21May2025 13:50:42.513] [pool-4-thread-1/DEBUG] [net.minecraftforge.registries.ForgeRegistry/REGISTRIES]: Registry minecraft:menu Sync: VANILLA -> ACTIVE
[21May2025 13:50:42.513] [pool-4-thread-1/DEBUG] [net.minecraftforge.registries.ForgeRegistry/REGISTRIES]: Registry minecraft:painting_variant Sync: VANILLA -> ACTIVE
[21May2025 13:50:42.513] [pool-4-thread-1/DEBUG] [net.minecraftforge.registries.ForgeRegistry/REGISTRIES]: Registry minecraft:recipe_type Sync: VANILLA -> ACTIVE
[21May2025 13:50:42.513] [pool-4-thread-1/DEBUG] [net.minecraftforge.registries.ForgeRegistry/REGISTRIES]: Registry minecraft:recipe_serializer Sync: VANILLA -> ACTIVE
[21May2025 13:50:42.513] [pool-4-thread-1/DEBUG] [net.minecraftforge.registries.ForgeRegistry/REGISTRIES]: Registry minecraft:attribute Sync: VANILLA -> ACTIVE
[21May2025 13:50:42.513] [pool-4-thread-1/DEBUG] [net.minecraftforge.registries.ForgeRegistry/REGISTRIES]: Registry minecraft:stat_type Sync: VANILLA -> ACTIVE
[21May2025 13:50:42.513] [pool-4-thread-1/DEBUG] [net.minecraftforge.registries.ForgeRegistry/REGISTRIES]: Registry minecraft:command_argument_type Sync: VANILLA -> ACTIVE
[21May2025 13:50:42.514] [pool-4-thread-1/DEBUG] [net.minecraftforge.registries.ForgeRegistry/REGISTRIES]: Registry minecraft:villager_profession Sync: VANILLA -> ACTIVE
[21May2025 13:50:42.514] [pool-4-thread-1/DEBUG] [net.minecraftforge.registries.ForgeRegistry/REGISTRIES]: Registry minecraft:point_of_interest_type Sync: VANILLA -> ACTIVE
[21May2025 13:50:42.516] [pool-4-thread-1/DEBUG] [net.minecraftforge.registries.ForgeRegistry/REGISTRIES]: Registry minecraft:memory_module_type Sync: VANILLA -> ACTIVE
[21May2025 13:50:42.517] [pool-4-thread-1/DEBUG] [net.minecraftforge.registries.ForgeRegistry/REGISTRIES]: Registry minecraft:sensor_type Sync: VANILLA -> ACTIVE
[21May2025 13:50:42.517] [pool-4-thread-1/DEBUG] [net.minecraftforge.registries.ForgeRegistry/REGISTRIES]: Registry minecraft:schedule Sync: VANILLA -> ACTIVE
[21May2025 13:50:42.517] [pool-4-thread-1/DEBUG] [net.minecraftforge.registries.ForgeRegistry/REGISTRIES]: Registry minecraft:activity Sync: VANILLA -> ACTIVE
[21May2025 13:50:42.517] [pool-4-thread-1/DEBUG] [net.minecraftforge.registries.ForgeRegistry/REGISTRIES]: Registry minecraft:worldgen/carver Sync: VANILLA -> ACTIVE
[21May2025 13:50:42.517] [pool-4-thread-1/DEBUG] [net.minecraftforge.registries.ForgeRegistry/REGISTRIES]: Registry minecraft:worldgen/feature Sync: VANILLA -> ACTIVE
[21May2025 13:50:42.518] [pool-4-thread-1/DEBUG] [net.minecraftforge.registries.ForgeRegistry/REGISTRIES]: Registry minecraft:chunk_status Sync: VANILLA -> ACTIVE
[21May2025 13:50:42.518] [pool-4-thread-1/DEBUG] [net.minecraftforge.registries.ForgeRegistry/REGISTRIES]: Registry minecraft:worldgen/block_state_provider_type Sync: VANILLA -> ACTIVE
[21May2025 13:50:42.518] [pool-4-thread-1/DEBUG] [net.minecraftforge.registries.ForgeRegistry/REGISTRIES]: Registry minecraft:worldgen/foliage_placer_type Sync: VANILLA -> ACTIVE
[21May2025 13:50:42.518] [pool-4-thread-1/DEBUG] [net.minecraftforge.registries.ForgeRegistry/REGISTRIES]: Registry minecraft:worldgen/tree_decorator_type Sync: VANILLA -> ACTIVE
[21May2025 13:50:42.518] [pool-4-thread-1/DEBUG] [net.minecraftforge.registries.ForgeRegistry/REGISTRIES]: Registry minecraft:worldgen/biome Sync: VANILLA -> ACTIVE
[21May2025 13:50:42.525] [pool-4-thread-1/DEBUG] [net.minecraftforge.registries.GameData/REGISTRIES]: Vanilla freeze snapshot created
[21May2025 13:50:42.633] [Render thread/DEBUG] [mixin/]: Mixing client.ScreenMixin from configured.common.mixins.json into net.minecraft.client.gui.screens.Screen
[21May2025 13:50:42.707] [Render thread/WARN] [net.minecraft.server.packs.VanillaPackResourcesBuilder/]: Assets URL 'union:/home/honziggi/.gradle/caches/forge_gradle/minecraft_user_repo/net/minecraftforge/forge/1.20.1-47.2.0_mapped_parchment_2023.09.03-1.20.1/forge-1.20.1-47.2.0_mapped_parchment_2023.09.03-1.20.1.jar%23181!/assets/.mcassetsroot' uses unexpected schema
[21May2025 13:50:42.708] [Render thread/WARN] [net.minecraft.server.packs.VanillaPackResourcesBuilder/]: Assets URL 'union:/home/honziggi/.gradle/caches/forge_gradle/minecraft_user_repo/net/minecraftforge/forge/1.20.1-47.2.0_mapped_parchment_2023.09.03-1.20.1/forge-1.20.1-47.2.0_mapped_parchment_2023.09.03-1.20.1.jar%23181!/data/.mcassetsroot' uses unexpected schema
[21May2025 13:50:42.728] [Render thread/INFO] [com.mojang.authlib.yggdrasil.YggdrasilAuthenticationService/]: Environment: authHost='https://authserver.mojang.com', accountsHost='https://api.mojang.com', sessionHost='https://sessionserver.mojang.com', servicesHost='https://api.minecraftservices.com', name='PROD'
[21May2025 13:50:42.731] [Render thread/INFO] [net.minecraft.client.Minecraft/]: Setting user: Dev
[21May2025 13:50:42.790] [Render thread/INFO] [net.minecraft.client.Minecraft/]: Backend library: LWJGL version 3.3.1 build 7
[21May2025 13:50:42.821] [Render thread/DEBUG] [mixin/]: Mixing MouseHandlerMixin from mixins.cofhcore.json into net.minecraft.client.MouseHandler
[21May2025 13:50:42.876] [Render thread/DEBUG] [oshi.util.FileUtil/]: Reading file /sys/devices/system/cpu/cpu0/topology/core_id
[21May2025 13:50:42.876] [Render thread/DEBUG] [oshi.util.FileUtil/]: Reading file /sys/devices/system/cpu/cpu0/topology/core_id
[21May2025 13:50:42.876] [Render thread/DEBUG] [oshi.util.FileUtil/]: Reading file /sys/devices/system/cpu/cpu0/topology/physical_package_id
[21May2025 13:50:42.876] [Render thread/DEBUG] [oshi.util.FileUtil/]: Reading file /sys/devices/system/cpu/cpu0/topology/physical_package_id
[21May2025 13:50:42.876] [Render thread/DEBUG] [oshi.util.FileUtil/]: Reading file /sys/devices/system/cpu/cpu0/cpu_capacity
[21May2025 13:50:42.877] [Render thread/DEBUG] [oshi.util.FileUtil/]: Reading file /sys/devices/system/cpu/cpu1/topology/core_id
[21May2025 13:50:42.877] [Render thread/DEBUG] [oshi.util.FileUtil/]: Reading file /sys/devices/system/cpu/cpu1/topology/core_id
[21May2025 13:50:42.877] [Render thread/DEBUG] [oshi.util.FileUtil/]: Reading file /sys/devices/system/cpu/cpu1/topology/physical_package_id
[21May2025 13:50:42.877] [Render thread/DEBUG] [oshi.util.FileUtil/]: Reading file /sys/devices/system/cpu/cpu1/topology/physical_package_id
[21May2025 13:50:42.877] [Render thread/DEBUG] [oshi.util.FileUtil/]: Reading file /sys/devices/system/cpu/cpu1/cpu_capacity
[21May2025 13:50:42.878] [Render thread/DEBUG] [oshi.util.FileUtil/]: Reading file /sys/devices/system/cpu/cpu10/topology/core_id
[21May2025 13:50:42.878] [Render thread/DEBUG] [oshi.util.FileUtil/]: Reading file /sys/devices/system/cpu/cpu10/topology/core_id
[21May2025 13:50:42.878] [Render thread/DEBUG] [oshi.util.FileUtil/]: Reading file /sys/devices/system/cpu/cpu10/topology/physical_package_id
[21May2025 13:50:42.878] [Render thread/DEBUG] [oshi.util.FileUtil/]: Reading file /sys/devices/system/cpu/cpu10/topology/physical_package_id
[21May2025 13:50:42.878] [Render thread/DEBUG] [oshi.util.FileUtil/]: Reading file /sys/devices/system/cpu/cpu10/cpu_capacity
[21May2025 13:50:42.879] [Render thread/DEBUG] [oshi.util.FileUtil/]: Reading file /sys/devices/system/cpu/cpu11/topology/core_id
[21May2025 13:50:42.879] [Render thread/DEBUG] [oshi.util.FileUtil/]: Reading file /sys/devices/system/cpu/cpu11/topology/core_id
[21May2025 13:50:42.879] [Render thread/DEBUG] [oshi.util.FileUtil/]: Reading file /sys/devices/system/cpu/cpu11/topology/physical_package_id
[21May2025 13:50:42.879] [Render thread/DEBUG] [oshi.util.FileUtil/]: Reading file /sys/devices/system/cpu/cpu11/topology/physical_package_id
[21May2025 13:50:42.879] [Render thread/DEBUG] [oshi.util.FileUtil/]: Reading file /sys/devices/system/cpu/cpu11/cpu_capacity
[21May2025 13:50:42.879] [Render thread/DEBUG] [oshi.util.FileUtil/]: Reading file /sys/devices/system/cpu/cpu2/topology/core_id
[21May2025 13:50:42.879] [Render thread/DEBUG] [oshi.util.FileUtil/]: Reading file /sys/devices/system/cpu/cpu2/topology/core_id
[21May2025 13:50:42.879] [Render thread/DEBUG] [oshi.util.FileUtil/]: Reading file /sys/devices/system/cpu/cpu2/topology/physical_package_id
[21May2025 13:50:42.879] [Render thread/DEBUG] [oshi.util.FileUtil/]: Reading file /sys/devices/system/cpu/cpu2/topology/physical_package_id
[21May2025 13:50:42.879] [Render thread/DEBUG] [oshi.util.FileUtil/]: Reading file /sys/devices/system/cpu/cpu2/cpu_capacity
[21May2025 13:50:42.880] [Render thread/DEBUG] [oshi.util.FileUtil/]: Reading file /sys/devices/system/cpu/cpu3/topology/core_id
[21May2025 13:50:42.880] [Render thread/DEBUG] [oshi.util.FileUtil/]: Reading file /sys/devices/system/cpu/cpu3/topology/core_id
[21May2025 13:50:42.880] [Render thread/DEBUG] [oshi.util.FileUtil/]: Reading file /sys/devices/system/cpu/cpu3/topology/physical_package_id
[21May2025 13:50:42.880] [Render thread/DEBUG] [oshi.util.FileUtil/]: Reading file /sys/devices/system/cpu/cpu3/topology/physical_package_id
[21May2025 13:50:42.880] [Render thread/DEBUG] [oshi.util.FileUtil/]: Reading file /sys/devices/system/cpu/cpu3/cpu_capacity
[21May2025 13:50:42.880] [Render thread/DEBUG] [oshi.util.FileUtil/]: Reading file /sys/devices/system/cpu/cpu4/topology/core_id
[21May2025 13:50:42.880] [Render thread/DEBUG] [oshi.util.FileUtil/]: Reading file /sys/devices/system/cpu/cpu4/topology/core_id
[21May2025 13:50:42.880] [Render thread/DEBUG] [oshi.util.FileUtil/]: Reading file /sys/devices/system/cpu/cpu4/topology/physical_package_id
[21May2025 13:50:42.880] [Render thread/DEBUG] [oshi.util.FileUtil/]: Reading file /sys/devices/system/cpu/cpu4/topology/physical_package_id
[21May2025 13:50:42.880] [Render thread/DEBUG] [oshi.util.FileUtil/]: Reading file /sys/devices/system/cpu/cpu4/cpu_capacity
[21May2025 13:50:42.880] [Render thread/DEBUG] [oshi.util.FileUtil/]: Reading file /sys/devices/system/cpu/cpu5/topology/core_id
[21May2025 13:50:42.881] [Render thread/DEBUG] [oshi.util.FileUtil/]: Reading file /sys/devices/system/cpu/cpu5/topology/core_id
[21May2025 13:50:42.881] [Render thread/DEBUG] [oshi.util.FileUtil/]: Reading file /sys/devices/system/cpu/cpu5/topology/physical_package_id
[21May2025 13:50:42.881] [Render thread/DEBUG] [oshi.util.FileUtil/]: Reading file /sys/devices/system/cpu/cpu5/topology/physical_package_id
[21May2025 13:50:42.881] [Render thread/DEBUG] [oshi.util.FileUtil/]: Reading file /sys/devices/system/cpu/cpu5/cpu_capacity
[21May2025 13:50:42.881] [Render thread/DEBUG] [oshi.util.FileUtil/]: Reading file /sys/devices/system/cpu/cpu6/topology/core_id
[21May2025 13:50:42.881] [Render thread/DEBUG] [oshi.util.FileUtil/]: Reading file /sys/devices/system/cpu/cpu6/topology/core_id
[21May2025 13:50:42.881] [Render thread/DEBUG] [oshi.util.FileUtil/]: Reading file /sys/devices/system/cpu/cpu6/topology/physical_package_id
[21May2025 13:50:42.881] [Render thread/DEBUG] [oshi.util.FileUtil/]: Reading file /sys/devices/system/cpu/cpu6/topology/physical_package_id
[21May2025 13:50:42.881] [Render thread/DEBUG] [oshi.util.FileUtil/]: Reading file /sys/devices/system/cpu/cpu6/cpu_capacity
[21May2025 13:50:42.881] [Render thread/DEBUG] [oshi.util.FileUtil/]: Reading file /sys/devices/system/cpu/cpu7/topology/core_id
[21May2025 13:50:42.881] [Render thread/DEBUG] [oshi.util.FileUtil/]: Reading file /sys/devices/system/cpu/cpu7/topology/core_id
[21May2025 13:50:42.881] [Render thread/DEBUG] [oshi.util.FileUtil/]: Reading file /sys/devices/system/cpu/cpu7/topology/physical_package_id
[21May2025 13:50:42.881] [Render thread/DEBUG] [oshi.util.FileUtil/]: Reading file /sys/devices/system/cpu/cpu7/topology/physical_package_id
[21May2025 13:50:42.881] [Render thread/DEBUG] [oshi.util.FileUtil/]: Reading file /sys/devices/system/cpu/cpu7/cpu_capacity
[21May2025 13:50:42.882] [Render thread/DEBUG] [oshi.util.FileUtil/]: Reading file /sys/devices/system/cpu/cpu8/topology/core_id
[21May2025 13:50:42.882] [Render thread/DEBUG] [oshi.util.FileUtil/]: Reading file /sys/devices/system/cpu/cpu8/topology/core_id
[21May2025 13:50:42.882] [Render thread/DEBUG] [oshi.util.FileUtil/]: Reading file /sys/devices/system/cpu/cpu8/topology/physical_package_id
[21May2025 13:50:42.882] [Render thread/DEBUG] [oshi.util.FileUtil/]: Reading file /sys/devices/system/cpu/cpu8/topology/physical_package_id
[21May2025 13:50:42.882] [Render thread/DEBUG] [oshi.util.FileUtil/]: Reading file /sys/devices/system/cpu/cpu8/cpu_capacity
[21May2025 13:50:42.882] [Render thread/DEBUG] [oshi.util.FileUtil/]: Reading file /sys/devices/system/cpu/cpu9/topology/core_id
[21May2025 13:50:42.882] [Render thread/DEBUG] [oshi.util.FileUtil/]: Reading file /sys/devices/system/cpu/cpu9/topology/core_id
[21May2025 13:50:42.882] [Render thread/DEBUG] [oshi.util.FileUtil/]: Reading file /sys/devices/system/cpu/cpu9/topology/physical_package_id
[21May2025 13:50:42.882] [Render thread/DEBUG] [oshi.util.FileUtil/]: Reading file /sys/devices/system/cpu/cpu9/topology/physical_package_id
[21May2025 13:50:42.882] [Render thread/DEBUG] [oshi.util.FileUtil/]: Reading file /sys/devices/system/cpu/cpu9/cpu_capacity
[21May2025 13:50:42.883] [Render thread/DEBUG] [oshi.util.FileUtil/]: Reading file /proc/cpuinfo
[21May2025 13:50:42.888] [Render thread/DEBUG] [oshi.util.FileUtil/]: Reading file /proc/self/auxv
[21May2025 13:50:42.935] [Render thread/DEBUG] [net.minecraftforge.common.ForgeI18n/CORE]: Loading I18N data entries: 6430
[21May2025 13:50:42.950] [Render thread/DEBUG] [net.minecraftforge.fml.ModWorkManager/LOADING]: Using 12 threads for parallel mod-loading
[21May2025 13:50:42.956] [Render thread/DEBUG] [net.minecraftforge.fml.javafmlmod.FMLJavaModLanguageProvider/LOADING]: Loading FMLModContainer from classloader cpw.mods.modlauncher.TransformingClassLoader@7d979d34 - got cpw.mods.cl.ModuleClassLoader@415156bf
[21May2025 13:50:42.957] [Render thread/DEBUG] [net.minecraftforge.fml.javafmlmod.FMLModContainer/LOADING]: Creating FMLModContainer instance for com.mrcrayfish.configured.Configured
[21May2025 13:50:42.961] [Render thread/DEBUG] [net.minecraftforge.fml.javafmlmod.FMLJavaModLanguageProvider/LOADING]: Loading FMLModContainer from classloader cpw.mods.modlauncher.TransformingClassLoader@7d979d34 - got cpw.mods.cl.ModuleClassLoader@415156bf
[21May2025 13:50:42.961] [Render thread/DEBUG] [net.minecraftforge.fml.javafmlmod.FMLModContainer/LOADING]: Creating FMLModContainer instance for snownee.jade.util.CommonProxy
[21May2025 13:50:42.963] [Render thread/DEBUG] [net.minecraftforge.fml.javafmlmod.FMLJavaModLanguageProvider/LOADING]: Loading FMLModContainer from classloader cpw.mods.modlauncher.TransformingClassLoader@7d979d34 - got cpw.mods.cl.ModuleClassLoader@415156bf
[21May2025 13:50:42.963] [Render thread/DEBUG] [net.minecraftforge.fml.javafmlmod.FMLModContainer/LOADING]: Creating FMLModContainer instance for mezz.jei.forge.JustEnoughItems
[21May2025 13:50:42.965] [Render thread/DEBUG] [thedarkcolour.kotlinforforge.LoggerKt/LOADING]: Loading KotlinModContainer from classloader cpw.mods.modlauncher.TransformingClassLoader@7d979d34 - got cpw.mods.cl.ModuleClassLoader@415156bf}
[21May2025 13:50:42.965] [Render thread/DEBUG] [thedarkcolour.kotlinforforge.LoggerKt/LOADING]: Creating KotlinModContainer instance for honziggi.branik_mod.BranikMod
[21May2025 13:50:42.967] [Render thread/DEBUG] [thedarkcolour.kotlinforforge.LoggerKt/LOADING]: Loading KotlinModContainer from classloader cpw.mods.modlauncher.TransformingClassLoader@7d979d34 - got cpw.mods.cl.ModuleClassLoader@415156bf}
[21May2025 13:50:42.967] [Render thread/DEBUG] [thedarkcolour.kotlinforforge.LoggerKt/LOADING]: Creating KotlinModContainer instance for thedarkcolour.kotlinforforge.test.KotlinForForge
[21May2025 13:50:42.967] [Render thread/DEBUG] [net.minecraftforge.fml.javafmlmod.FMLJavaModLanguageProvider/LOADING]: Loading FMLModContainer from classloader cpw.mods.modlauncher.TransformingClassLoader@7d979d34 - got cpw.mods.cl.ModuleClassLoader@415156bf
[21May2025 13:50:42.967] [Render thread/DEBUG] [net.minecraftforge.fml.javafmlmod.FMLModContainer/LOADING]: Creating FMLModContainer instance for net.minecraftforge.common.ForgeMod
[21May2025 13:50:42.969] [Render thread/DEBUG] [net.minecraftforge.fml.javafmlmod.FMLJavaModLanguageProvider/LOADING]: Loading FMLModContainer from classloader cpw.mods.modlauncher.TransformingClassLoader@7d979d34 - got cpw.mods.cl.ModuleClassLoader@415156bf
[21May2025 13:50:42.969] [Render thread/DEBUG] [net.minecraftforge.fml.javafmlmod.FMLModContainer/LOADING]: Creating FMLModContainer instance for cofh.core.CoFHCore
[21May2025 13:50:42.970] [Render thread/DEBUG] [net.minecraftforge.fml.javafmlmod.FMLJavaModLanguageProvider/LOADING]: Loading FMLModContainer from classloader cpw.mods.modlauncher.TransformingClassLoader@7d979d34 - got cpw.mods.cl.ModuleClassLoader@415156bf
[21May2025 13:50:42.971] [Render thread/DEBUG] [net.minecraftforge.fml.javafmlmod.FMLModContainer/LOADING]: Creating FMLModContainer instance for de.maxhenkel.pipez.Main
[21May2025 13:50:42.971] [Render thread/DEBUG] [net.minecraftforge.fml.javafmlmod.FMLJavaModLanguageProvider/LOADING]: Loading FMLModContainer from classloader cpw.mods.modlauncher.TransformingClassLoader@7d979d34 - got cpw.mods.cl.ModuleClassLoader@415156bf
[21May2025 13:50:42.971] [Render thread/DEBUG] [net.minecraftforge.fml.javafmlmod.FMLModContainer/LOADING]: Creating FMLModContainer instance for cofh.thermal.core.ThermalCore
[21May2025 13:50:42.972] [Render thread/DEBUG] [net.minecraftforge.fml.javafmlmod.FMLJavaModLanguageProvider/LOADING]: Loading FMLModContainer from classloader cpw.mods.modlauncher.TransformingClassLoader@7d979d34 - got cpw.mods.cl.ModuleClassLoader@415156bf
[21May2025 13:50:42.972] [Render thread/DEBUG] [net.minecraftforge.fml.javafmlmod.FMLModContainer/LOADING]: Creating FMLModContainer instance for cofh.thermal.foundation.ThermalFoundation
[21May2025 13:50:42.973] [Render thread/DEBUG] [net.minecraftforge.fml.javafmlmod.FMLJavaModLanguageProvider/LOADING]: Loading FMLModContainer from classloader cpw.mods.modlauncher.TransformingClassLoader@7d979d34 - got cpw.mods.cl.ModuleClassLoader@415156bf
[21May2025 13:50:42.973] [Render thread/DEBUG] [net.minecraftforge.fml.javafmlmod.FMLModContainer/LOADING]: Creating FMLModContainer instance for cofh.thermal.expansion.ThermalExpansion
[21May2025 13:50:42.973] [Render thread/DEBUG] [net.minecraftforge.fml.javafmlmod.FMLJavaModLanguageProvider/LOADING]: Loading FMLModContainer from classloader cpw.mods.modlauncher.TransformingClassLoader@7d979d34 - got cpw.mods.cl.ModuleClassLoader@415156bf
[21May2025 13:50:42.974] [Render thread/DEBUG] [net.minecraftforge.fml.javafmlmod.FMLModContainer/LOADING]: Creating FMLModContainer instance for cofh.thermal.dynamics.ThermalDynamics
[21May2025 13:50:42.997] [modloading-worker-0/DEBUG] [net.minecraftforge.fml.config.ConfigTracker/CONFIG]: Config file pipez-server.toml for pipez tracking
[21May2025 13:50:42.997] [modloading-worker-0/DEBUG] [net.minecraftforge.fml.config.ConfigTracker/CONFIG]: Config file jei-server.toml for jei tracking
[21May2025 13:50:42.997] [modloading-worker-0/DEBUG] [net.minecraftforge.versions.forge.ForgeVersion/CORE]: Forge Version package package net.minecraftforge.versions.forge, Forge, version 47.2 from cpw.mods.modlauncher.TransformingClassLoader@7d979d34
[21May2025 13:50:42.998] [modloading-worker-0/DEBUG] [net.minecraftforge.fml.ModLoadingContext/]: Attempted to register an empty config for type CLIENT on mod pipez
[21May2025 13:50:42.999] [modloading-worker-0/DEBUG] [net.minecraftforge.versions.forge.ForgeVersion/CORE]: Found Forge version 47.2.0
[21May2025 13:50:42.999] [modloading-worker-0/DEBUG] [net.minecraftforge.versions.forge.ForgeVersion/CORE]: Found Forge spec 47.2
[21May2025 13:50:42.999] [modloading-worker-0/DEBUG] [net.minecraftforge.versions.forge.ForgeVersion/CORE]: Found Forge group net.minecraftforge
[21May2025 13:50:43.000] [modloading-worker-0/DEBUG] [net.minecraftforge.versions.mcp.MCPVersion/CORE]: MCP Version package package net.minecraftforge.versions.mcp, Minecraft, version 1.20.1 from cpw.mods.modlauncher.TransformingClassLoader@7d979d34
[21May2025 13:50:43.000] [modloading-worker-0/DEBUG] [net.minecraftforge.versions.mcp.MCPVersion/CORE]: Found MC version information 1.20.1
[21May2025 13:50:43.000] [modloading-worker-0/DEBUG] [net.minecraftforge.versions.mcp.MCPVersion/CORE]: Found MCP version information 20230612.114412
[21May2025 13:50:43.000] [modloading-worker-0/INFO] [net.minecraftforge.common.ForgeMod/FORGEMOD]: Forge mod loading, version 47.2.0, for MC 1.20.1 with MCP 20230612.114412
[21May2025 13:50:43.000] [modloading-worker-0/INFO] [net.minecraftforge.common.MinecraftForge/FORGE]: MinecraftForge v47.2.0 Initialized
[21May2025 13:50:43.005] [modloading-worker-0/DEBUG] [net.minecraftforge.fml.javafmlmod.AutomaticEventSubscriber/LOADING]: Attempting to inject @EventBusSubscriber classes into the eventbus for configured
[21May2025 13:50:43.007] [modloading-worker-0/DEBUG] [net.minecraftforge.fml.javafmlmod.AutomaticEventSubscriber/LOADING]: Auto-subscribing com.mrcrayfish.configured.client.ClientConfigured to FORGE
[21May2025 13:50:43.015] [modloading-worker-0/DEBUG] [thermal_dynamics/]: Channel thermal_dynamics:general, Register packet, ID: 1
[21May2025 13:50:43.017] [modloading-worker-0/DEBUG] [thermal_dynamics/]: Channel thermal_dynamics:general, Register packet, ID: 32
[21May2025 13:50:43.019] [modloading-worker-0/DEBUG] [thermal_dynamics/]: Channel thermal_dynamics:general, Register packet, ID: 34
[21May2025 13:50:43.020] [modloading-worker-0/DEBUG] [thermal_dynamics/]: Channel thermal_dynamics:general, Register packet, ID: 100
[21May2025 13:50:43.023] [modloading-worker-0/DEBUG] [cofh_core/]: Channel cofh_core:general, Register packet, ID: 1
[21May2025 13:50:43.025] [modloading-worker-0/DEBUG] [cofh_core/]: Channel cofh_core:general, Register packet, ID: 2
[21May2025 13:50:43.026] [modloading-worker-0/DEBUG] [cofh_core/]: Channel cofh_core:general, Register packet, ID: 3
[21May2025 13:50:43.027] [modloading-worker-0/DEBUG] [cofh_core/]: Channel cofh_core:general, Register packet, ID: 4
[21May2025 13:50:43.029] [modloading-worker-0/DEBUG] [cofh_core/]: Channel cofh_core:general, Register packet, ID: 5
[21May2025 13:50:43.030] [modloading-worker-0/DEBUG] [cofh_core/]: Channel cofh_core:general, Register packet, ID: 8
[21May2025 13:50:43.049] [modloading-worker-0/DEBUG] [cofh_core/]: Channel cofh_core:general, Register packet, ID: 16
[21May2025 13:50:43.059] [modloading-worker-0/DEBUG] [mixin/]: Mixing MultiPlayerGameModeMixin from mixins.cofhcore.json into net.minecraft.client.multiplayer.MultiPlayerGameMode
[21May2025 13:50:43.059] [modloading-worker-0/DEBUG] [cofh_core/]: Channel cofh_core:general, Register packet, ID: 17
[21May2025 13:50:43.087] [modloading-worker-0/DEBUG] [cofh_core/]: Channel cofh_core:general, Register packet, ID: 20
[21May2025 13:50:43.088] [modloading-worker-0/DEBUG] [cofh_core/]: Channel cofh_core:general, Register packet, ID: 21
[21May2025 13:50:43.089] [modloading-worker-0/DEBUG] [cofh_core/]: Channel cofh_core:general, Register packet, ID: 24
[21May2025 13:50:43.091] [modloading-worker-0/DEBUG] [cofh_core/]: Channel cofh_core:general, Register packet, ID: 25
[21May2025 13:50:43.091] [modloading-worker-0/DEBUG] [cofh_core/]: Channel cofh_core:general, Register packet, ID: 28
[21May2025 13:50:43.094] [modloading-worker-0/DEBUG] [net.minecraftforge.fml.javafmlmod.AutomaticEventSubscriber/LOADING]: Attempting to inject @EventBusSubscriber classes into the eventbus for thermal_foundation
[21May2025 13:50:43.094] [modloading-worker-0/DEBUG] [net.minecraftforge.fml.javafmlmod.AutomaticEventSubscriber/LOADING]: Auto-subscribing cofh.thermal.foundation.init.data.TFndDataGen to MOD
[21May2025 13:50:43.095] [modloading-worker-0/DEBUG] [cofh_core/]: Channel cofh_core:general, Register packet, ID: 32
[21May2025 13:50:43.096] [modloading-worker-0/DEBUG] [cofh_core/]: Channel cofh_core:general, Register packet, ID: 33
[21May2025 13:50:43.097] [modloading-worker-0/DEBUG] [cofh_core/]: Channel cofh_core:general, Register packet, ID: 34
[21May2025 13:50:43.098] [modloading-worker-0/DEBUG] [cofh_core/]: Channel cofh_core:general, Register packet, ID: 35
[21May2025 13:50:43.100] [modloading-worker-0/DEBUG] [cofh_core/]: Channel cofh_core:general, Register packet, ID: 36
[21May2025 13:50:43.100] [modloading-worker-0/DEBUG] [net.minecraftforge.fml.javafmlmod.AutomaticEventSubscriber/LOADING]: Auto-subscribing cofh.thermal.foundation.common.event.TFndCommonSetupEvents to FORGE
[21May2025 13:50:43.101] [modloading-worker-0/DEBUG] [cofh_core/]: Channel cofh_core:general, Register packet, ID: 37
[21May2025 13:50:43.102] [modloading-worker-0/DEBUG] [cofh_core/]: Channel cofh_core:general, Register packet, ID: 38
[21May2025 13:50:43.103] [modloading-worker-0/DEBUG] [cofh_core/]: Channel cofh_core:general, Register packet, ID: 64
[21May2025 13:50:43.103] [modloading-worker-0/DEBUG] [cofh_core/]: Channel cofh_core:general, Register packet, ID: 65
[21May2025 13:50:43.105] [modloading-worker-0/DEBUG] [mezz.jei.common.platform.Services/]: Loaded mezz.jei.forge.platform.PlatformHelper@1a664ce4 for service interface mezz.jei.common.platform.IPlatformHelper
[21May2025 13:50:43.105] [modloading-worker-0/DEBUG] [cofh_core/]: Channel cofh_core:general, Register packet, ID: 66
[21May2025 13:50:43.105] [modloading-worker-0/DEBUG] [net.minecraftforge.fml.javafmlmod.AutomaticEventSubscriber/LOADING]: Attempting to inject @EventBusSubscriber classes into the eventbus for thermal_dynamics
[21May2025 13:50:43.105] [modloading-worker-0/DEBUG] [net.minecraftforge.fml.javafmlmod.AutomaticEventSubscriber/LOADING]: Auto-subscribing cofh.thermal.dynamics.init.data.TDynDataGen to MOD
[21May2025 13:50:43.106] [modloading-worker-0/DEBUG] [net.minecraftforge.fml.javafmlmod.AutomaticEventSubscriber/LOADING]: Auto-subscribing cofh.thermal.dynamics.client.event.TDynClientSetupEvents to MOD
[21May2025 13:50:43.108] [modloading-worker-0/DEBUG] [net.minecraftforge.fml.javafmlmod.AutomaticEventSubscriber/LOADING]: Attempting to inject @EventBusSubscriber classes into the eventbus for jade
[21May2025 13:50:43.114] [modloading-worker-0/DEBUG] [cofh_core/]: Channel cofh_core:general, Register packet, ID: 67
[21May2025 13:50:43.115] [modloading-worker-0/DEBUG] [net.minecraftforge.fml.javafmlmod.AutomaticEventSubscriber/LOADING]: Attempting to inject @EventBusSubscriber classes into the eventbus for thermal_expansion
[21May2025 13:50:43.116] [modloading-worker-0/DEBUG] [net.minecraftforge.fml.javafmlmod.AutomaticEventSubscriber/LOADING]: Auto-subscribing cofh.thermal.expansion.init.data.TExpDataGen to MOD
[21May2025 13:50:43.116] [modloading-worker-0/DEBUG] [cofh_core/]: Channel cofh_core:general, Register packet, ID: 96
[21May2025 13:50:43.117] [modloading-worker-0/DEBUG] [cofh_core/]: Channel cofh_core:general, Register packet, ID: 97
[21May2025 13:50:43.125] [modloading-worker-0/DEBUG] [net.minecraftforge.fml.javafmlmod.AutomaticEventSubscriber/LOADING]: Attempting to inject @EventBusSubscriber classes into the eventbus for pipez
[21May2025 13:50:43.129] [modloading-worker-0/DEBUG] [io.netty.util.internal.PlatformDependent0/]: -Dio.netty.noUnsafe: false
[21May2025 13:50:43.130] [modloading-worker-0/DEBUG] [io.netty.util.internal.PlatformDependent0/]: Java version: 17
[21May2025 13:50:43.131] [modloading-worker-0/DEBUG] [io.netty.util.internal.PlatformDependent0/]: sun.misc.Unsafe.theUnsafe: available
[21May2025 13:50:43.132] [modloading-worker-0/DEBUG] [io.netty.util.internal.PlatformDependent0/]: sun.misc.Unsafe.copyMemory: available
[21May2025 13:50:43.132] [modloading-worker-0/DEBUG] [io.netty.util.internal.PlatformDependent0/]: sun.misc.Unsafe.storeFence: available
[21May2025 13:50:43.132] [modloading-worker-0/DEBUG] [net.minecraftforge.fml.config.ConfigTracker/CONFIG]: Config file cofh_core-client.toml for cofh_core tracking
[21May2025 13:50:43.132] [modloading-worker-0/DEBUG] [io.netty.util.internal.PlatformDependent0/]: java.nio.Buffer.address: available
[21May2025 13:50:43.133] [modloading-worker-0/DEBUG] [io.netty.util.internal.PlatformDependent0/]: direct buffer constructor: unavailable
java.lang.UnsupportedOperationException: Reflective setAccessible(true) disabled
	at io.netty.util.internal.ReflectionUtil.trySetAccessible(ReflectionUtil.java:31) ~[netty-common-4.1.82.Final.jar%23141!/:4.1.82.Final]
	at io.netty.util.internal.PlatformDependent0$5.run(PlatformDependent0.java:288) ~[netty-common-4.1.82.Final.jar%23141!/:4.1.82.Final]
	at java.security.AccessController.doPrivileged(AccessController.java:318) ~[?:?]
	at io.netty.util.internal.PlatformDependent0.<clinit>(PlatformDependent0.java:282) ~[netty-common-4.1.82.Final.jar%23141!/:4.1.82.Final]
	at io.netty.util.internal.PlatformDependent.isAndroid(PlatformDependent.java:333) ~[netty-common-4.1.82.Final.jar%23141!/:4.1.82.Final]
	at io.netty.util.internal.PlatformDependent.<clinit>(PlatformDependent.java:88) ~[netty-common-4.1.82.Final.jar%23141!/:4.1.82.Final]
	at io.netty.util.ConstantPool.<init>(ConstantPool.java:34) ~[netty-common-4.1.82.Final.jar%23141!/:4.1.82.Final]
	at io.netty.util.AttributeKey$1.<init>(AttributeKey.java:27) ~[netty-common-4.1.82.Final.jar%23141!/:4.1.82.Final]
	at io.netty.util.AttributeKey.<clinit>(AttributeKey.java:27) ~[netty-common-4.1.82.Final.jar%23141!/:4.1.82.Final]
	at net.minecraftforge.network.NetworkConstants.<clinit>(NetworkConstants.java:34) ~[forge-1.20.1-47.2.0_mapped_parchment_2023.09.03-1.20.1.jar%23180%23187!/:?]
	at net.minecraftforge.common.ForgeMod.<init>(ForgeMod.java:429) ~[forge-1.20.1-47.2.0_mapped_parchment_2023.09.03-1.20.1.jar%23180%23187!/:?]
	at jdk.internal.reflect.NativeConstructorAccessorImpl.newInstance0(Native Method) ~[?:?]
	at jdk.internal.reflect.NativeConstructorAccessorImpl.newInstance(NativeConstructorAccessorImpl.java:77) ~[?:?]
	at jdk.internal.reflect.DelegatingConstructorAccessorImpl.newInstance(DelegatingConstructorAccessorImpl.java:45) ~[?:?]
	at java.lang.reflect.Constructor.newInstanceWithCaller(Constructor.java:500) ~[?:?]
	at java.lang.reflect.Constructor.newInstance(Constructor.java:481) ~[?:?]
	at net.minecraftforge.fml.javafmlmod.FMLModContainer.constructMod(FMLModContainer.java:68) ~[javafmllanguage-1.20.1-47.2.0.jar%23182!/:?]
	at net.minecraftforge.fml.ModContainer.lambda$buildTransitionHandler$10(ModContainer.java:123) ~[fmlcore-1.20.1-47.2.0.jar%23185!/:?]
	at java.util.concurrent.CompletableFuture$AsyncRun.run(CompletableFuture.java:1804) ~[?:?]
	at java.util.concurrent.CompletableFuture$AsyncRun.exec(CompletableFuture.java:1796) ~[?:?]
	at java.util.concurrent.ForkJoinTask.doExec(ForkJoinTask.java:373) ~[?:?]
	at java.util.concurrent.ForkJoinPool$WorkQueue.topLevelExec(ForkJoinPool.java:1182) ~[?:?]
	at java.util.concurrent.ForkJoinPool.scan(ForkJoinPool.java:1655) ~[?:?]
	at java.util.concurrent.ForkJoinPool.runWorker(ForkJoinPool.java:1622) ~[?:?]
	at java.util.concurrent.ForkJoinWorkerThread.run(ForkJoinWorkerThread.java:165) ~[?:?]
[21May2025 13:50:43.136] [modloading-worker-0/DEBUG] [io.netty.util.internal.PlatformDependent0/]: java.nio.Bits.unaligned: available, true
[21May2025 13:50:43.139] [modloading-worker-0/DEBUG] [io.netty.util.internal.PlatformDependent0/]: jdk.internal.misc.Unsafe.allocateUninitializedArray(int): unavailable
java.lang.IllegalAccessException: class io.netty.util.internal.PlatformDependent0$7 (in module io.netty.common) cannot access class jdk.internal.misc.Unsafe (in module java.base) because module java.base does not export jdk.internal.misc to module io.netty.common
	at jdk.internal.reflect.Reflection.newIllegalAccessException(Reflection.java:392) ~[?:?]
	at java.lang.reflect.AccessibleObject.checkAccess(AccessibleObject.java:674) ~[?:?]
	at java.lang.reflect.Method.invoke(Method.java:561) ~[?:?]
	at io.netty.util.internal.PlatformDependent0$7.run(PlatformDependent0.java:410) ~[netty-common-4.1.82.Final.jar%23141!/:4.1.82.Final]
	at java.security.AccessController.doPrivileged(AccessController.java:318) ~[?:?]
	at io.netty.util.internal.PlatformDependent0.<clinit>(PlatformDependent0.java:401) ~[netty-common-4.1.82.Final.jar%23141!/:4.1.82.Final]
	at io.netty.util.internal.PlatformDependent.isAndroid(PlatformDependent.java:333) ~[netty-common-4.1.82.Final.jar%23141!/:4.1.82.Final]
	at io.netty.util.internal.PlatformDependent.<clinit>(PlatformDependent.java:88) ~[netty-common-4.1.82.Final.jar%23141!/:4.1.82.Final]
	at io.netty.util.ConstantPool.<init>(ConstantPool.java:34) ~[netty-common-4.1.82.Final.jar%23141!/:4.1.82.Final]
	at io.netty.util.AttributeKey$1.<init>(AttributeKey.java:27) ~[netty-common-4.1.82.Final.jar%23141!/:4.1.82.Final]
	at io.netty.util.AttributeKey.<clinit>(AttributeKey.java:27) ~[netty-common-4.1.82.Final.jar%23141!/:4.1.82.Final]
	at net.minecraftforge.network.NetworkConstants.<clinit>(NetworkConstants.java:34) ~[forge-1.20.1-47.2.0_mapped_parchment_2023.09.03-1.20.1.jar%23180%23187!/:?]
	at net.minecraftforge.common.ForgeMod.<init>(ForgeMod.java:429) ~[forge-1.20.1-47.2.0_mapped_parchment_2023.09.03-1.20.1.jar%23180%23187!/:?]
	at jdk.internal.reflect.NativeConstructorAccessorImpl.newInstance0(Native Method) ~[?:?]
	at jdk.internal.reflect.NativeConstructorAccessorImpl.newInstance(NativeConstructorAccessorImpl.java:77) ~[?:?]
	at jdk.internal.reflect.DelegatingConstructorAccessorImpl.newInstance(DelegatingConstructorAccessorImpl.java:45) ~[?:?]
	at java.lang.reflect.Constructor.newInstanceWithCaller(Constructor.java:500) ~[?:?]
	at java.lang.reflect.Constructor.newInstance(Constructor.java:481) ~[?:?]
	at net.minecraftforge.fml.javafmlmod.FMLModContainer.constructMod(FMLModContainer.java:68) ~[javafmllanguage-1.20.1-47.2.0.jar%23182!/:?]
	at net.minecraftforge.fml.ModContainer.lambda$buildTransitionHandler$10(ModContainer.java:123) ~[fmlcore-1.20.1-47.2.0.jar%23185!/:?]
	at java.util.concurrent.CompletableFuture$AsyncRun.run(CompletableFuture.java:1804) ~[?:?]
	at java.util.concurrent.CompletableFuture$AsyncRun.exec(CompletableFuture.java:1796) ~[?:?]
	at java.util.concurrent.ForkJoinTask.doExec(ForkJoinTask.java:373) ~[?:?]
	at java.util.concurrent.ForkJoinPool$WorkQueue.topLevelExec(ForkJoinPool.java:1182) ~[?:?]
	at java.util.concurrent.ForkJoinPool.scan(ForkJoinPool.java:1655) ~[?:?]
	at java.util.concurrent.ForkJoinPool.runWorker(ForkJoinPool.java:1622) ~[?:?]
	at java.util.concurrent.ForkJoinWorkerThread.run(ForkJoinWorkerThread.java:165) ~[?:?]
[21May2025 13:50:43.141] [modloading-worker-0/DEBUG] [net.minecraftforge.fml.config.ConfigTracker/CONFIG]: Config file cofh_core-server.toml for cofh_core tracking
[21May2025 13:50:43.141] [modloading-worker-0/DEBUG] [io.netty.util.internal.PlatformDependent0/]: java.nio.DirectByteBuffer.<init>(long, int): unavailable
[21May2025 13:50:43.141] [modloading-worker-0/DEBUG] [io.netty.util.internal.PlatformDependent/]: sun.misc.Unsafe: available
[21May2025 13:50:43.144] [modloading-worker-0/DEBUG] [io.netty.util.internal.PlatformDependent/]: maxDirectMemory: 4135583744 bytes (maybe)
[21May2025 13:50:43.145] [modloading-worker-0/DEBUG] [io.netty.util.internal.PlatformDependent/]: -Dio.netty.tmpdir: /tmp (java.io.tmpdir)
[21May2025 13:50:43.145] [modloading-worker-0/DEBUG] [io.netty.util.internal.PlatformDependent/]: -Dio.netty.bitMode: 64 (sun.arch.data.model)
[21May2025 13:50:43.146] [modloading-worker-0/DEBUG] [io.netty.util.internal.PlatformDependent/]: -Dio.netty.maxDirectMemory: -1 bytes
[21May2025 13:50:43.146] [modloading-worker-0/DEBUG] [io.netty.util.internal.PlatformDependent/]: -Dio.netty.uninitializedArrayAllocationThreshold: -1
[21May2025 13:50:43.151] [modloading-worker-0/DEBUG] [io.netty.util.internal.CleanerJava9/]: java.nio.ByteBuffer.cleaner(): available
[21May2025 13:50:43.151] [modloading-worker-0/DEBUG] [io.netty.util.internal.PlatformDependent/]: -Dio.netty.noPreferDirect: false
[21May2025 13:50:43.187] [modloading-worker-0/DEBUG] [net.minecraftforge.fml.javafmlmod.AutomaticEventSubscriber/LOADING]: Attempting to inject @EventBusSubscriber classes into the eventbus for cofh_core
[21May2025 13:50:43.188] [modloading-worker-0/DEBUG] [net.minecraftforge.fml.javafmlmod.AutomaticEventSubscriber/LOADING]: Auto-subscribing cofh.core.init.data.CoreDataGen to MOD
[21May2025 13:50:43.189] [modloading-worker-0/DEBUG] [net.minecraftforge.fml.javafmlmod.AutomaticEventSubscriber/LOADING]: Auto-subscribing cofh.core.init.CoreShaders to MOD
[21May2025 13:50:43.200] [modloading-worker-0/DEBUG] [net.minecraftforge.common.ForgeMod/FORGEMOD]: Loading Network data for FML net version: FML3
[21May2025 13:50:43.207] [modloading-worker-0/DEBUG] [mixin/]: Mixing GameRendererMixin from mixins.cofhcore.json into net.minecraft.client.renderer.GameRenderer
[21May2025 13:50:43.217] [modloading-worker-0/DEBUG] [mezz.jei.common.config.file.ConfigSerializer/]: Loading config file: /home/honziggi/Desktop/branik-mod-main/run/config/jei/jei-debug.ini
[21May2025 13:50:43.219] [modloading-worker-0/DEBUG] [mezz.jei.common.config.file.ConfigSerializer/]: Saving config file: /home/honziggi/Desktop/branik-mod-main/run/config/jei/jei-debug.ini
[21May2025 13:50:43.224] [modloading-worker-0/DEBUG] [mezz.jei.common.config.file.ConfigSerializer/]: Loading config file: /home/honziggi/Desktop/branik-mod-main/run/config/jei/jei-mod-id-format.ini
[21May2025 13:50:43.225] [modloading-worker-0/DEBUG] [mezz.jei.common.config.file.ConfigSerializer/]: Saving config file: /home/honziggi/Desktop/branik-mod-main/run/config/jei/jei-mod-id-format.ini
[21May2025 13:50:43.226] [modloading-worker-0/DEBUG] [net.minecraftforge.fml.config.ConfigTracker/CONFIG]: Config file forge-client.toml for forge tracking
[21May2025 13:50:43.227] [modloading-worker-0/DEBUG] [net.minecraftforge.fml.config.ConfigTracker/CONFIG]: Config file forge-server.toml for forge tracking
[21May2025 13:50:43.227] [modloading-worker-0/DEBUG] [net.minecraftforge.fml.ModLoadingContext/]: Attempted to register an empty config for type COMMON on mod forge
[21May2025 13:50:43.228] [modloading-worker-0/DEBUG] [mezz.jei.common.config.file.ConfigSerializer/]: Loading config file: /home/honziggi/Desktop/branik-mod-main/run/config/jei/jei-colors.ini
[21May2025 13:50:43.230] [modloading-worker-0/DEBUG] [mezz.jei.common.config.file.ConfigSerializer/]: Saving config file: /home/honziggi/Desktop/branik-mod-main/run/config/jei/jei-colors.ini
[21May2025 13:50:43.237] [modloading-worker-0/DEBUG] [mezz.jei.common.config.file.ConfigSerializer/]: Loading config file: /home/honziggi/Desktop/branik-mod-main/run/config/jei/jei-client.ini
[21May2025 13:50:43.239] [modloading-worker-0/DEBUG] [mezz.jei.common.config.file.ConfigSerializer/]: Saving config file: /home/honziggi/Desktop/branik-mod-main/run/config/jei/jei-client.ini
[21May2025 13:50:43.241] [modloading-worker-0/DEBUG] [net.minecraftforge.fml.javafmlmod.AutomaticEventSubscriber/LOADING]: Auto-subscribing cofh.core.common.item.ItemTracker to FORGE
[21May2025 13:50:43.242] [modloading-worker-0/DEBUG] [net.minecraftforge.fml.javafmlmod.AutomaticEventSubscriber/LOADING]: Attempting to inject @EventBusSubscriber classes into the eventbus for forge
[21May2025 13:50:43.242] [modloading-worker-0/DEBUG] [net.minecraftforge.fml.javafmlmod.AutomaticEventSubscriber/LOADING]: Auto-subscribing net.minecraftforge.common.ForgeSpawnEggItem$CommonHandler to MOD
[21May2025 13:50:43.244] [modloading-worker-0/INFO] [mezz.jei.library.load.PluginCaller/]: Sending ConfigManager...
[21May2025 13:50:43.244] [modloading-worker-0/DEBUG] [net.minecraftforge.fml.javafmlmod.AutomaticEventSubscriber/LOADING]: Auto-subscribing net.minecraftforge.common.ForgeSpawnEggItem$ColorRegisterHandler to MOD
[21May2025 13:50:43.246] [modloading-worker-0/DEBUG] [mezz.jei.library.load.PluginCallerTimerRunnable/]: Sending ConfigManager: jei:minecraft...
[21May2025 13:50:43.246] [modloading-worker-0/DEBUG] [mezz.jei.library.load.PluginCallerTimerRunnable/]: Sending ConfigManager: configured:jei_plugin...
[21May2025 13:50:43.246] [modloading-worker-0/DEBUG] [mezz.jei.library.load.PluginCallerTimerRunnable/]: Sending ConfigManager: jade:main...
[21May2025 13:50:43.246] [modloading-worker-0/DEBUG] [mezz.jei.library.load.PluginCallerTimerRunnable/]: Sending ConfigManager: jei:debug...
[21May2025 13:50:43.246] [modloading-worker-0/DEBUG] [mezz.jei.library.load.PluginCallerTimerRunnable/]: Sending ConfigManager: jei:gui...
[21May2025 13:50:43.246] [modloading-worker-0/DEBUG] [mezz.jei.library.load.PluginCallerTimerRunnable/]: Sending ConfigManager: jei:forge_gui...
[21May2025 13:50:43.246] [modloading-worker-0/DEBUG] [mezz.jei.library.load.PluginCallerTimerRunnable/]: Sending ConfigManager: cofh_core:default...
[21May2025 13:50:43.246] [modloading-worker-0/DEBUG] [mezz.jei.library.load.PluginCallerTimerRunnable/]: Sending ConfigManager: pipez:pipez...
[21May2025 13:50:43.246] [modloading-worker-0/DEBUG] [mezz.jei.library.load.PluginCallerTimerRunnable/]: Sending ConfigManager: thermal:core...
[21May2025 13:50:43.246] [modloading-worker-0/DEBUG] [mezz.jei.library.load.PluginCallerTimerRunnable/]: Sending ConfigManager: thermal:expansion...
[21May2025 13:50:43.246] [modloading-worker-0/DEBUG] [mezz.jei.library.load.PluginCallerTimerRunnable/]: Sending ConfigManager: jei:internal...
[21May2025 13:50:43.247] [modloading-worker-0/INFO] [mezz.jei.library.load.PluginCaller/]: Sending ConfigManager took 2.177 ms
[21May2025 13:50:43.248] [modloading-worker-0/DEBUG] [net.minecraftforge.fml.javafmlmod.AutomaticEventSubscriber/LOADING]: Auto-subscribing cofh.core.common.event.ShieldEvents to FORGE
[21May2025 13:50:43.248] [modloading-worker-0/DEBUG] [net.minecraftforge.fml.javafmlmod.AutomaticEventSubscriber/LOADING]: Auto-subscribing net.minecraftforge.client.model.data.ModelDataManager to FORGE
[21May2025 13:50:43.250] [modloading-worker-0/DEBUG] [net.minecraftforge.fml.javafmlmod.AutomaticEventSubscriber/LOADING]: Auto-subscribing net.minecraftforge.client.ForgeHooksClient$ClientEvents to MOD
[21May2025 13:50:43.251] [modloading-worker-0/DEBUG] [net.minecraftforge.fml.javafmlmod.AutomaticEventSubscriber/LOADING]: Auto-subscribing cofh.core.common.event.EffectEvents to FORGE
[21May2025 13:50:43.255] [modloading-worker-0/DEBUG] [net.minecraftforge.fml.javafmlmod.AutomaticEventSubscriber/LOADING]: Attempting to inject @EventBusSubscriber classes into the eventbus for jei
[21May2025 13:50:43.256] [modloading-worker-0/DEBUG] [net.minecraftforge.fml.javafmlmod.AutomaticEventSubscriber/LOADING]: Auto-subscribing net.minecraftforge.client.ClientForgeMod to MOD
[21May2025 13:50:43.260] [modloading-worker-0/DEBUG] [net.minecraftforge.fml.javafmlmod.AutomaticEventSubscriber/LOADING]: Auto-subscribing cofh.core.common.event.CoreCommonEvents to FORGE
[21May2025 13:50:43.265] [modloading-worker-0/DEBUG] [net.minecraftforge.fml.javafmlmod.AutomaticEventSubscriber/LOADING]: Auto-subscribing cofh.core.common.event.ArmorEvents to FORGE
[21May2025 13:50:43.268] [modloading-worker-0/DEBUG] [net.minecraftforge.fml.javafmlmod.AutomaticEventSubscriber/LOADING]: Auto-subscribing cofh.core.common.event.AreaEffectEvents to FORGE
[21May2025 13:50:43.271] [modloading-worker-0/DEBUG] [net.minecraftforge.fml.javafmlmod.AutomaticEventSubscriber/LOADING]: Auto-subscribing cofh.core.common.event.ArcheryEvents to FORGE
[21May2025 13:50:43.274] [modloading-worker-0/DEBUG] [net.minecraftforge.fml.javafmlmod.AutomaticEventSubscriber/LOADING]: Auto-subscribing cofh.core.common.TransientLightManager to FORGE
[21May2025 13:50:43.278] [modloading-worker-0/DEBUG] [net.minecraftforge.fml.javafmlmod.AutomaticEventSubscriber/LOADING]: Auto-subscribing cofh.core.client.event.CoreClientSetupEvents to MOD
[21May2025 13:50:43.284] [modloading-worker-0/DEBUG] [net.minecraftforge.fml.javafmlmod.AutomaticEventSubscriber/LOADING]: Auto-subscribing cofh.core.client.event.CoreClientEvents to FORGE
[21May2025 13:50:43.285] [modloading-worker-0/DEBUG] [net.minecraftforge.fml.javafmlmod.AutomaticEventSubscriber/LOADING]: Attempting to inject @EventBusSubscriber classes into the eventbus for thermal
[21May2025 13:50:43.285] [modloading-worker-0/DEBUG] [net.minecraftforge.fml.javafmlmod.AutomaticEventSubscriber/LOADING]: Auto-subscribing cofh.thermal.core.init.data.TCoreDataGen to MOD
[21May2025 13:50:43.286] [modloading-worker-0/DEBUG] [net.minecraftforge.fml.javafmlmod.AutomaticEventSubscriber/LOADING]: Auto-subscribing cofh.thermal.core.common.event.TCoreCommonSetupEvents to FORGE
[21May2025 13:50:43.287] [modloading-worker-0/DEBUG] [net.minecraftforge.fml.javafmlmod.AutomaticEventSubscriber/LOADING]: Auto-subscribing cofh.thermal.core.common.event.TCoreCommonEvents to FORGE
[21May2025 13:50:43.288] [modloading-worker-0/DEBUG] [net.minecraftforge.fml.javafmlmod.AutomaticEventSubscriber/LOADING]: Auto-subscribing cofh.thermal.core.client.event.TCoreClientSetupEvents to MOD
[21May2025 13:50:43.293] [modloading-worker-0/DEBUG] [net.minecraftforge.fml.javafmlmod.AutomaticEventSubscriber/LOADING]: Auto-subscribing cofh.thermal.core.client.event.TCoreClientEvents to FORGE
[21May2025 13:50:43.294] [modloading-worker-0/DEBUG] [mixin/]: Mixing LevelRendererMixin from mixins.cofhcore.json into net.minecraft.client.renderer.LevelRenderer
[21May2025 13:50:43.327] [modloading-worker-0/INFO] [thedarkcolour.kotlinforforge.test.KotlinForForge/]: Kotlin For Forge Enabled!
[21May2025 13:50:43.328] [modloading-worker-0/INFO] [branik_mod/]: Hello world!
[21May2025 13:50:43.328] [modloading-worker-0/DEBUG] [thedarkcolour.kotlinforforge.LoggerKt/LOADING]: Attempting to inject @EventBusSubscriber kotlin objects in to the event bus for kotlinforforge
[21May2025 13:50:43.356] [modloading-worker-0/DEBUG] [net.minecraftforge.fml.javafmlmod.AutomaticEventSubscriber/LOADING]: Auto-subscribing cofh.thermal.core.client.ThermalTextures to MOD
[21May2025 13:50:43.359] [modloading-worker-0/DEBUG] [net.minecraftforge.fml.javafmlmod.AutomaticEventSubscriber/LOADING]: Auto-subscribing cofh.core.client.event.AreaEffectClientEvents to FORGE
[21May2025 13:50:43.379] [modloading-worker-0/INFO] [branik_mod/]: All items, block, and menus registered
[21May2025 13:50:43.380] [modloading-worker-0/DEBUG] [thedarkcolour.kotlinforforge.LoggerKt/LOADING]: Attempting to inject @EventBusSubscriber kotlin objects in to the event bus for branik_mod
[21May2025 13:50:43.383] [modloading-worker-0/DEBUG] [thedarkcolour.kotlinforforge.LoggerKt/LOADING]: Auto-subscribing kotlin object net.minecraftforge.fml.common.Mod$EventBusSubscriber to FORGE
[21May2025 13:50:43.389] [modloading-worker-0/DEBUG] [thedarkcolour.kotlinforforge.LoggerKt/LOADING]: Auto-subscribing kotlin object net.minecraftforge.fml.common.Mod$EventBusSubscriber to FORGE
[21May2025 13:50:43.391] [modloading-worker-0/DEBUG] [thedarkcolour.kotlinforforge.LoggerKt/LOADING]: Auto-subscribing kotlin object net.minecraftforge.fml.common.Mod$EventBusSubscriber to FORGE
[21May2025 13:50:43.396] [modloading-worker-0/DEBUG] [thedarkcolour.kotlinforforge.LoggerKt/LOADING]: Auto-subscribing kotlin object net.minecraftforge.fml.common.Mod$EventBusSubscriber to FORGE
[21May2025 13:50:43.400] [Render thread/DEBUG] [net.minecraftforge.fml.config.ConfigTracker/CONFIG]: Config file cofh_core-common.toml for cofh_core tracking
[21May2025 13:50:43.404] [Render thread/DEBUG] [net.minecraftforge.fml.config.ConfigTracker/CONFIG]: Config file thermal-client.toml for thermal tracking
[21May2025 13:50:43.405] [Render thread/DEBUG] [net.minecraftforge.fml.config.ConfigTracker/CONFIG]: Config file thermal-server.toml for thermal tracking
[21May2025 13:50:43.406] [Render thread/DEBUG] [net.minecraftforge.fml.config.ConfigTracker/CONFIG]: Config file thermal-common.toml for thermal tracking
[21May2025 13:50:43.426] [Render thread/DEBUG] [net.minecraftforge.registries.ObjectHolderRegistry/REGISTRIES]: Processing ObjectHolder annotations
[21May2025 13:50:43.444] [Render thread/DEBUG] [net.minecraftforge.registries.ObjectHolderRegistry/REGISTRIES]: Found 4824 ObjectHolder annotations
[21May2025 13:50:43.447] [Render thread/DEBUG] [net.minecraftforge.common.capabilities.CapabilityManager/CAPABILITIES]: Attempting to automatically register: Lnet/minecraftforge/energy/IEnergyStorage;
[21May2025 13:50:43.448] [Render thread/DEBUG] [net.minecraftforge.common.capabilities.CapabilityManager/CAPABILITIES]: Attempting to automatically register: Lnet/minecraftforge/fluids/capability/IFluidHandler;
[21May2025 13:50:43.448] [Render thread/DEBUG] [net.minecraftforge.common.capabilities.CapabilityManager/CAPABILITIES]: Attempting to automatically register: Lnet/minecraftforge/fluids/capability/IFluidHandlerItem;
[21May2025 13:50:43.448] [Render thread/DEBUG] [net.minecraftforge.common.capabilities.CapabilityManager/CAPABILITIES]: Attempting to automatically register: Lnet/minecraftforge/items/IItemHandler;
[21May2025 13:50:43.453] [Render thread/DEBUG] [net.minecraftforge.registries.GameData/REGISTRIES]: Unfreezing vanilla registries
[21May2025 13:50:43.456] [Render thread/DEBUG] [net.minecraftforge.registries.GameData/REGISTRIES]: Applying holder lookups: minecraft:sound_event
[21May2025 13:50:43.459] [Render thread/DEBUG] [net.minecraftforge.registries.GameData/REGISTRIES]: Holder lookups applied: minecraft:sound_event
[21May2025 13:50:43.464] [Render thread/DEBUG] [net.minecraftforge.registries.GameData/REGISTRIES]: Applying holder lookups: minecraft:fluid
[21May2025 13:50:43.465] [Render thread/DEBUG] [net.minecraftforge.registries.GameData/REGISTRIES]: Holder lookups applied: minecraft:fluid
[21May2025 13:50:43.548] [Render thread/DEBUG] [net.minecraftforge.registries.GameData/REGISTRIES]: Applying holder lookups: minecraft:block
[21May2025 13:50:43.549] [Render thread/DEBUG] [net.minecraftforge.registries.GameData/REGISTRIES]: Holder lookups applied: minecraft:block
[21May2025 13:50:43.550] [Render thread/DEBUG] [net.minecraftforge.registries.GameData/REGISTRIES]: Applying holder lookups: minecraft:attribute
[21May2025 13:50:43.551] [Render thread/DEBUG] [net.minecraftforge.registries.GameData/REGISTRIES]: Holder lookups applied: minecraft:attribute
[21May2025 13:50:43.552] [Render thread/DEBUG] [net.minecraftforge.registries.GameData/REGISTRIES]: Applying holder lookups: minecraft:mob_effect
[21May2025 13:50:43.553] [Render thread/DEBUG] [net.minecraftforge.registries.GameData/REGISTRIES]: Holder lookups applied: minecraft:mob_effect
[21May2025 13:50:43.556] [Render thread/DEBUG] [net.minecraftforge.registries.GameData/REGISTRIES]: Applying holder lookups: minecraft:particle_type
[21May2025 13:50:43.557] [Render thread/DEBUG] [net.minecraftforge.registries.GameData/REGISTRIES]: Holder lookups applied: minecraft:particle_type
[21May2025 13:50:43.588] [Render thread/DEBUG] [net.minecraftforge.registries.GameData/REGISTRIES]: Applying holder lookups: minecraft:item
[21May2025 13:50:43.590] [Render thread/DEBUG] [net.minecraftforge.registries.GameData/REGISTRIES]: Holder lookups applied: minecraft:item
[21May2025 13:50:43.602] [Render thread/DEBUG] [net.minecraftforge.registries.GameData/REGISTRIES]: Applying holder lookups: minecraft:entity_type
[21May2025 13:50:43.603] [Render thread/DEBUG] [net.minecraftforge.registries.GameData/REGISTRIES]: Holder lookups applied: minecraft:entity_type
[21May2025 13:50:43.603] [Render thread/DEBUG] [net.minecraftforge.registries.GameData/REGISTRIES]: Applying holder lookups: minecraft:sensor_type
[21May2025 13:50:43.603] [Render thread/DEBUG] [net.minecraftforge.registries.GameData/REGISTRIES]: Holder lookups applied: minecraft:sensor_type
[21May2025 13:50:43.604] [Render thread/DEBUG] [net.minecraftforge.registries.GameData/REGISTRIES]: Applying holder lookups: minecraft:memory_module_type
[21May2025 13:50:43.604] [Render thread/DEBUG] [net.minecraftforge.registries.GameData/REGISTRIES]: Holder lookups applied: minecraft:memory_module_type
[21May2025 13:50:43.604] [Render thread/DEBUG] [net.minecraftforge.registries.GameData/REGISTRIES]: Applying holder lookups: minecraft:potion
[21May2025 13:50:43.604] [Render thread/DEBUG] [net.minecraftforge.registries.GameData/REGISTRIES]: Holder lookups applied: minecraft:potion
[21May2025 13:50:43.605] [Render thread/DEBUG] [net.minecraftforge.registries.GameData/REGISTRIES]: Applying holder lookups: minecraft:game_event
[21May2025 13:50:43.605] [Render thread/DEBUG] [net.minecraftforge.registries.GameData/REGISTRIES]: Holder lookups applied: minecraft:game_event
[21May2025 13:50:43.605] [Render thread/DEBUG] [net.minecraftforge.registries.GameData/REGISTRIES]: Applying holder lookups: minecraft:enchantment
[21May2025 13:50:43.605] [Render thread/DEBUG] [net.minecraftforge.registries.GameData/REGISTRIES]: Holder lookups applied: minecraft:enchantment
[21May2025 13:50:43.638] [Render thread/DEBUG] [net.minecraftforge.registries.GameData/REGISTRIES]: Applying holder lookups: minecraft:block_entity_type
[21May2025 13:50:43.639] [Render thread/DEBUG] [net.minecraftforge.registries.GameData/REGISTRIES]: Holder lookups applied: minecraft:block_entity_type
[21May2025 13:50:43.640] [Render thread/DEBUG] [net.minecraftforge.registries.GameData/REGISTRIES]: Applying holder lookups: minecraft:painting_variant
[21May2025 13:50:43.640] [Render thread/DEBUG] [net.minecraftforge.registries.GameData/REGISTRIES]: Holder lookups applied: minecraft:painting_variant
[21May2025 13:50:43.640] [Render thread/DEBUG] [net.minecraftforge.registries.GameData/REGISTRIES]: Applying holder lookups: minecraft:stat_type
[21May2025 13:50:43.641] [Render thread/DEBUG] [net.minecraftforge.registries.GameData/REGISTRIES]: Holder lookups applied: minecraft:stat_type
[21May2025 13:50:43.641] [Render thread/DEBUG] [net.minecraftforge.registries.GameData/REGISTRIES]: Applying holder lookups: minecraft:custom_stat
[21May2025 13:50:43.642] [Render thread/DEBUG] [net.minecraftforge.registries.GameData/REGISTRIES]: Holder lookups applied: minecraft:custom_stat
[21May2025 13:50:43.642] [Render thread/DEBUG] [net.minecraftforge.registries.GameData/REGISTRIES]: Applying holder lookups: minecraft:chunk_status
[21May2025 13:50:43.643] [Render thread/DEBUG] [net.minecraftforge.registries.GameData/REGISTRIES]: Holder lookups applied: minecraft:chunk_status
[21May2025 13:50:43.643] [Render thread/DEBUG] [net.minecraftforge.registries.GameData/REGISTRIES]: Applying holder lookups: minecraft:rule_test
[21May2025 13:50:43.643] [Render thread/DEBUG] [net.minecraftforge.registries.GameData/REGISTRIES]: Holder lookups applied: minecraft:rule_test
[21May2025 13:50:43.643] [Render thread/DEBUG] [net.minecraftforge.registries.GameData/REGISTRIES]: Applying holder lookups: minecraft:rule_block_entity_modifier
[21May2025 13:50:43.643] [Render thread/DEBUG] [net.minecraftforge.registries.GameData/REGISTRIES]: Holder lookups applied: minecraft:rule_block_entity_modifier
[21May2025 13:50:43.644] [Render thread/DEBUG] [net.minecraftforge.registries.GameData/REGISTRIES]: Applying holder lookups: minecraft:pos_rule_test
[21May2025 13:50:43.644] [Render thread/DEBUG] [net.minecraftforge.registries.GameData/REGISTRIES]: Holder lookups applied: minecraft:pos_rule_test
[21May2025 13:50:43.655] [Render thread/DEBUG] [net.minecraftforge.registries.GameData/REGISTRIES]: Applying holder lookups: minecraft:menu
[21May2025 13:50:43.656] [Render thread/DEBUG] [net.minecraftforge.registries.GameData/REGISTRIES]: Holder lookups applied: minecraft:menu
[21May2025 13:50:43.657] [Render thread/DEBUG] [net.minecraftforge.registries.GameData/REGISTRIES]: Applying holder lookups: minecraft:recipe_type
[21May2025 13:50:43.658] [Render thread/DEBUG] [net.minecraftforge.registries.GameData/REGISTRIES]: Holder lookups applied: minecraft:recipe_type
[21May2025 13:50:43.675] [Render thread/DEBUG] [net.minecraftforge.registries.GameData/REGISTRIES]: Applying holder lookups: minecraft:recipe_serializer
[21May2025 13:50:43.676] [Render thread/DEBUG] [net.minecraftforge.registries.GameData/REGISTRIES]: Holder lookups applied: minecraft:recipe_serializer
[21May2025 13:50:43.676] [Render thread/DEBUG] [net.minecraftforge.registries.GameData/REGISTRIES]: Applying holder lookups: minecraft:position_source_type
[21May2025 13:50:43.676] [Render thread/DEBUG] [net.minecraftforge.registries.GameData/REGISTRIES]: Holder lookups applied: minecraft:position_source_type
[21May2025 13:50:43.678] [Render thread/DEBUG] [net.minecraftforge.registries.GameData/REGISTRIES]: Applying holder lookups: minecraft:command_argument_type
[21May2025 13:50:43.679] [Render thread/DEBUG] [net.minecraftforge.registries.GameData/REGISTRIES]: Holder lookups applied: minecraft:command_argument_type
[21May2025 13:50:43.679] [Render thread/DEBUG] [net.minecraftforge.registries.GameData/REGISTRIES]: Applying holder lookups: minecraft:villager_type
[21May2025 13:50:43.680] [Render thread/DEBUG] [net.minecraftforge.registries.GameData/REGISTRIES]: Holder lookups applied: minecraft:villager_type
[21May2025 13:50:43.680] [Render thread/DEBUG] [net.minecraftforge.registries.GameData/REGISTRIES]: Applying holder lookups: minecraft:villager_profession
[21May2025 13:50:43.680] [Render thread/DEBUG] [net.minecraftforge.registries.GameData/REGISTRIES]: Holder lookups applied: minecraft:villager_profession
[21May2025 13:50:43.680] [Render thread/DEBUG] [net.minecraftforge.registries.GameData/REGISTRIES]: Applying holder lookups: minecraft:point_of_interest_type
[21May2025 13:50:43.680] [Render thread/DEBUG] [net.minecraftforge.registries.GameData/REGISTRIES]: Holder lookups applied: minecraft:point_of_interest_type
[21May2025 13:50:43.680] [Render thread/DEBUG] [net.minecraftforge.registries.GameData/REGISTRIES]: Applying holder lookups: minecraft:schedule
[21May2025 13:50:43.681] [Render thread/DEBUG] [net.minecraftforge.registries.GameData/REGISTRIES]: Holder lookups applied: minecraft:schedule
[21May2025 13:50:43.681] [Render thread/DEBUG] [net.minecraftforge.registries.GameData/REGISTRIES]: Applying holder lookups: minecraft:activity
[21May2025 13:50:43.681] [Render thread/DEBUG] [net.minecraftforge.registries.GameData/REGISTRIES]: Holder lookups applied: minecraft:activity
[21May2025 13:50:43.681] [Render thread/DEBUG] [net.minecraftforge.registries.GameData/REGISTRIES]: Applying holder lookups: minecraft:loot_pool_entry_type
[21May2025 13:50:43.681] [Render thread/DEBUG] [net.minecraftforge.registries.GameData/REGISTRIES]: Holder lookups applied: minecraft:loot_pool_entry_type
[21May2025 13:50:43.681] [Render thread/DEBUG] [net.minecraftforge.registries.GameData/REGISTRIES]: Applying holder lookups: minecraft:loot_function_type
[21May2025 13:50:43.681] [Render thread/DEBUG] [net.minecraftforge.registries.GameData/REGISTRIES]: Holder lookups applied: minecraft:loot_function_type
[21May2025 13:50:43.684] [Render thread/DEBUG] [net.minecraftforge.registries.GameData/REGISTRIES]: Applying holder lookups: minecraft:loot_condition_type
[21May2025 13:50:43.684] [Render thread/DEBUG] [net.minecraftforge.registries.GameData/REGISTRIES]: Holder lookups applied: minecraft:loot_condition_type
[21May2025 13:50:43.684] [Render thread/DEBUG] [net.minecraftforge.registries.GameData/REGISTRIES]: Applying holder lookups: minecraft:loot_number_provider_type
[21May2025 13:50:43.685] [Render thread/DEBUG] [net.minecraftforge.registries.GameData/REGISTRIES]: Holder lookups applied: minecraft:loot_number_provider_type
[21May2025 13:50:43.685] [Render thread/DEBUG] [net.minecraftforge.registries.GameData/REGISTRIES]: Applying holder lookups: minecraft:loot_nbt_provider_type
[21May2025 13:50:43.685] [Render thread/DEBUG] [net.minecraftforge.registries.GameData/REGISTRIES]: Holder lookups applied: minecraft:loot_nbt_provider_type
[21May2025 13:50:43.685] [Render thread/DEBUG] [net.minecraftforge.registries.GameData/REGISTRIES]: Applying holder lookups: minecraft:loot_score_provider_type
[21May2025 13:50:43.685] [Render thread/DEBUG] [net.minecraftforge.registries.GameData/REGISTRIES]: Holder lookups applied: minecraft:loot_score_provider_type
[21May2025 13:50:43.685] [Render thread/DEBUG] [net.minecraftforge.registries.GameData/REGISTRIES]: Applying holder lookups: minecraft:float_provider_type
[21May2025 13:50:43.686] [Render thread/DEBUG] [net.minecraftforge.registries.GameData/REGISTRIES]: Holder lookups applied: minecraft:float_provider_type
[21May2025 13:50:43.686] [Render thread/DEBUG] [net.minecraftforge.registries.GameData/REGISTRIES]: Applying holder lookups: minecraft:int_provider_type
[21May2025 13:50:43.686] [Render thread/DEBUG] [net.minecraftforge.registries.GameData/REGISTRIES]: Holder lookups applied: minecraft:int_provider_type
[21May2025 13:50:43.686] [Render thread/DEBUG] [net.minecraftforge.registries.GameData/REGISTRIES]: Applying holder lookups: minecraft:height_provider_type
[21May2025 13:50:43.686] [Render thread/DEBUG] [net.minecraftforge.registries.GameData/REGISTRIES]: Holder lookups applied: minecraft:height_provider_type
[21May2025 13:50:43.686] [Render thread/DEBUG] [net.minecraftforge.registries.GameData/REGISTRIES]: Applying holder lookups: minecraft:block_predicate_type
[21May2025 13:50:43.686] [Render thread/DEBUG] [net.minecraftforge.registries.GameData/REGISTRIES]: Holder lookups applied: minecraft:block_predicate_type
[21May2025 13:50:43.687] [Render thread/DEBUG] [net.minecraftforge.registries.GameData/REGISTRIES]: Applying holder lookups: minecraft:worldgen/carver
[21May2025 13:50:43.687] [Render thread/DEBUG] [net.minecraftforge.registries.GameData/REGISTRIES]: Holder lookups applied: minecraft:worldgen/carver
[21May2025 13:50:43.687] [Render thread/DEBUG] [net.minecraftforge.registries.GameData/REGISTRIES]: Applying holder lookups: minecraft:worldgen/feature
[21May2025 13:50:43.687] [Render thread/DEBUG] [net.minecraftforge.registries.GameData/REGISTRIES]: Holder lookups applied: minecraft:worldgen/feature
[21May2025 13:50:43.687] [Render thread/DEBUG] [net.minecraftforge.registries.GameData/REGISTRIES]: Applying holder lookups: minecraft:worldgen/structure_processor
[21May2025 13:50:43.687] [Render thread/DEBUG] [net.minecraftforge.registries.GameData/REGISTRIES]: Holder lookups applied: minecraft:worldgen/structure_processor
[21May2025 13:50:43.687] [Render thread/DEBUG] [net.minecraftforge.registries.GameData/REGISTRIES]: Applying holder lookups: minecraft:worldgen/structure_placement
[21May2025 13:50:43.687] [Render thread/DEBUG] [net.minecraftforge.registries.GameData/REGISTRIES]: Holder lookups applied: minecraft:worldgen/structure_placement
[21May2025 13:50:43.688] [Render thread/DEBUG] [net.minecraftforge.registries.GameData/REGISTRIES]: Applying holder lookups: minecraft:worldgen/structure_piece
[21May2025 13:50:43.688] [Render thread/DEBUG] [net.minecraftforge.registries.GameData/REGISTRIES]: Holder lookups applied: minecraft:worldgen/structure_piece
[21May2025 13:50:43.688] [Render thread/DEBUG] [net.minecraftforge.registries.GameData/REGISTRIES]: Applying holder lookups: minecraft:worldgen/structure_type
[21May2025 13:50:43.688] [Render thread/DEBUG] [net.minecraftforge.registries.GameData/REGISTRIES]: Holder lookups applied: minecraft:worldgen/structure_type
[21May2025 13:50:43.688] [Render thread/DEBUG] [net.minecraftforge.registries.GameData/REGISTRIES]: Applying holder lookups: minecraft:worldgen/placement_modifier_type
[21May2025 13:50:43.689] [Render thread/DEBUG] [net.minecraftforge.registries.GameData/REGISTRIES]: Holder lookups applied: minecraft:worldgen/placement_modifier_type
[21May2025 13:50:43.689] [Render thread/DEBUG] [net.minecraftforge.registries.GameData/REGISTRIES]: Applying holder lookups: minecraft:worldgen/block_state_provider_type
[21May2025 13:50:43.689] [Render thread/DEBUG] [net.minecraftforge.registries.GameData/REGISTRIES]: Holder lookups applied: minecraft:worldgen/block_state_provider_type
[21May2025 13:50:43.689] [Render thread/DEBUG] [net.minecraftforge.registries.GameData/REGISTRIES]: Applying holder lookups: minecraft:worldgen/foliage_placer_type
[21May2025 13:50:43.689] [Render thread/DEBUG] [net.minecraftforge.registries.GameData/REGISTRIES]: Holder lookups applied: minecraft:worldgen/foliage_placer_type
[21May2025 13:50:43.689] [Render thread/DEBUG] [net.minecraftforge.registries.GameData/REGISTRIES]: Applying holder lookups: minecraft:worldgen/trunk_placer_type
[21May2025 13:50:43.690] [Render thread/DEBUG] [net.minecraftforge.registries.GameData/REGISTRIES]: Holder lookups applied: minecraft:worldgen/trunk_placer_type
[21May2025 13:50:43.690] [Render thread/DEBUG] [net.minecraftforge.registries.GameData/REGISTRIES]: Applying holder lookups: minecraft:worldgen/root_placer_type
[21May2025 13:50:43.690] [Render thread/DEBUG] [net.minecraftforge.registries.GameData/REGISTRIES]: Holder lookups applied: minecraft:worldgen/root_placer_type
[21May2025 13:50:43.690] [Render thread/DEBUG] [net.minecraftforge.registries.GameData/REGISTRIES]: Applying holder lookups: minecraft:worldgen/tree_decorator_type
[21May2025 13:50:43.690] [Render thread/DEBUG] [net.minecraftforge.registries.GameData/REGISTRIES]: Holder lookups applied: minecraft:worldgen/tree_decorator_type
[21May2025 13:50:43.690] [Render thread/DEBUG] [net.minecraftforge.registries.GameData/REGISTRIES]: Applying holder lookups: minecraft:worldgen/feature_size_type
[21May2025 13:50:43.690] [Render thread/DEBUG] [net.minecraftforge.registries.GameData/REGISTRIES]: Holder lookups applied: minecraft:worldgen/feature_size_type
[21May2025 13:50:43.690] [Render thread/DEBUG] [net.minecraftforge.registries.GameData/REGISTRIES]: Applying holder lookups: minecraft:worldgen/biome_source
[21May2025 13:50:43.691] [Render thread/DEBUG] [net.minecraftforge.registries.GameData/REGISTRIES]: Holder lookups applied: minecraft:worldgen/biome_source
[21May2025 13:50:43.691] [Render thread/DEBUG] [net.minecraftforge.registries.GameData/REGISTRIES]: Applying holder lookups: minecraft:worldgen/chunk_generator
[21May2025 13:50:43.691] [Render thread/DEBUG] [net.minecraftforge.registries.GameData/REGISTRIES]: Holder lookups applied: minecraft:worldgen/chunk_generator
[21May2025 13:50:43.691] [Render thread/DEBUG] [net.minecraftforge.registries.GameData/REGISTRIES]: Applying holder lookups: minecraft:worldgen/material_condition
[21May2025 13:50:43.691] [Render thread/DEBUG] [net.minecraftforge.registries.GameData/REGISTRIES]: Holder lookups applied: minecraft:worldgen/material_condition
[21May2025 13:50:43.691] [Render thread/DEBUG] [net.minecraftforge.registries.GameData/REGISTRIES]: Applying holder lookups: minecraft:worldgen/material_rule
[21May2025 13:50:43.691] [Render thread/DEBUG] [net.minecraftforge.registries.GameData/REGISTRIES]: Holder lookups applied: minecraft:worldgen/material_rule
[21May2025 13:50:43.691] [Render thread/DEBUG] [net.minecraftforge.registries.GameData/REGISTRIES]: Applying holder lookups: minecraft:worldgen/density_function_type
[21May2025 13:50:43.692] [Render thread/DEBUG] [net.minecraftforge.registries.GameData/REGISTRIES]: Holder lookups applied: minecraft:worldgen/density_function_type
[21May2025 13:50:43.692] [Render thread/DEBUG] [net.minecraftforge.registries.GameData/REGISTRIES]: Applying holder lookups: minecraft:worldgen/structure_pool_element
[21May2025 13:50:43.692] [Render thread/DEBUG] [net.minecraftforge.registries.GameData/REGISTRIES]: Holder lookups applied: minecraft:worldgen/structure_pool_element
[21May2025 13:50:43.692] [Render thread/DEBUG] [net.minecraftforge.registries.GameData/REGISTRIES]: Applying holder lookups: minecraft:cat_variant
[21May2025 13:50:43.692] [Render thread/DEBUG] [net.minecraftforge.registries.GameData/REGISTRIES]: Holder lookups applied: minecraft:cat_variant
[21May2025 13:50:43.692] [Render thread/DEBUG] [net.minecraftforge.registries.GameData/REGISTRIES]: Applying holder lookups: minecraft:frog_variant
[21May2025 13:50:43.692] [Render thread/DEBUG] [net.minecraftforge.registries.GameData/REGISTRIES]: Holder lookups applied: minecraft:frog_variant
[21May2025 13:50:43.692] [Render thread/DEBUG] [net.minecraftforge.registries.GameData/REGISTRIES]: Applying holder lookups: minecraft:banner_pattern
[21May2025 13:50:43.693] [Render thread/DEBUG] [net.minecraftforge.registries.GameData/REGISTRIES]: Holder lookups applied: minecraft:banner_pattern
[21May2025 13:50:43.693] [Render thread/DEBUG] [net.minecraftforge.registries.GameData/REGISTRIES]: Applying holder lookups: minecraft:instrument
[21May2025 13:50:43.693] [Render thread/DEBUG] [net.minecraftforge.registries.GameData/REGISTRIES]: Holder lookups applied: minecraft:instrument
[21May2025 13:50:43.693] [Render thread/DEBUG] [net.minecraftforge.registries.GameData/REGISTRIES]: Applying holder lookups: minecraft:decorated_pot_patterns
[21May2025 13:50:43.693] [Render thread/DEBUG] [net.minecraftforge.registries.GameData/REGISTRIES]: Holder lookups applied: minecraft:decorated_pot_patterns
[21May2025 13:50:43.695] [Render thread/DEBUG] [net.minecraftforge.registries.GameData/REGISTRIES]: Applying holder lookups: minecraft:creative_mode_tab
[21May2025 13:50:43.695] [Render thread/DEBUG] [net.minecraftforge.registries.GameData/REGISTRIES]: Holder lookups applied: minecraft:creative_mode_tab
[21May2025 13:50:43.701] [Render thread/DEBUG] [net.minecraftforge.registries.GameData/REGISTRIES]: Applying holder lookups: forge:biome_modifier_serializers
[21May2025 13:50:43.701] [Render thread/DEBUG] [net.minecraftforge.registries.GameData/REGISTRIES]: Holder lookups applied: forge:biome_modifier_serializers
[21May2025 13:50:43.702] [Render thread/DEBUG] [net.minecraftforge.registries.GameData/REGISTRIES]: Applying holder lookups: forge:display_contexts
[21May2025 13:50:43.702] [Render thread/DEBUG] [net.minecraftforge.registries.GameData/REGISTRIES]: Holder lookups applied: forge:display_contexts
[21May2025 13:50:43.703] [Render thread/DEBUG] [net.minecraftforge.registries.GameData/REGISTRIES]: Applying holder lookups: forge:entity_data_serializers
[21May2025 13:50:43.704] [Render thread/DEBUG] [net.minecraftforge.registries.GameData/REGISTRIES]: Holder lookups applied: forge:entity_data_serializers
[21May2025 13:50:43.715] [Render thread/DEBUG] [net.minecraftforge.registries.GameData/REGISTRIES]: Applying holder lookups: forge:fluid_type
[21May2025 13:50:43.715] [Render thread/DEBUG] [net.minecraftforge.registries.GameData/REGISTRIES]: Holder lookups applied: forge:fluid_type
[21May2025 13:50:43.716] [Render thread/DEBUG] [net.minecraftforge.registries.GameData/REGISTRIES]: Applying holder lookups: forge:global_loot_modifier_serializers
[21May2025 13:50:43.716] [Render thread/DEBUG] [net.minecraftforge.registries.GameData/REGISTRIES]: Holder lookups applied: forge:global_loot_modifier_serializers
[21May2025 13:50:43.720] [Render thread/DEBUG] [net.minecraftforge.registries.GameData/REGISTRIES]: Applying holder lookups: forge:holder_set_type
[21May2025 13:50:43.721] [Render thread/DEBUG] [net.minecraftforge.registries.GameData/REGISTRIES]: Holder lookups applied: forge:holder_set_type
[21May2025 13:50:43.722] [Render thread/DEBUG] [net.minecraftforge.registries.GameData/REGISTRIES]: Applying holder lookups: forge:structure_modifier_serializers
[21May2025 13:50:43.722] [Render thread/DEBUG] [net.minecraftforge.registries.GameData/REGISTRIES]: Holder lookups applied: forge:structure_modifier_serializers
[21May2025 13:50:43.722] [Render thread/DEBUG] [net.minecraftforge.registries.GameData/REGISTRIES]: Applying holder lookups: minecraft:worldgen/biome
[21May2025 13:50:43.723] [Render thread/DEBUG] [net.minecraftforge.registries.GameData/REGISTRIES]: Holder lookups applied: minecraft:worldgen/biome
[21May2025 13:50:43.728] [Render thread/DEBUG] [net.minecraftforge.registries.GameData/REGISTRIES]: Applying holder lookups: thermal_dynamics:grid_type
[21May2025 13:50:43.729] [Render thread/DEBUG] [net.minecraftforge.registries.GameData/REGISTRIES]: Holder lookups applied: thermal_dynamics:grid_type
[21May2025 13:50:43.801] [Render thread/DEBUG] [net.minecraftforge.client.loading.ClientModLoader/CORE]: Generating PackInfo named mod:configured for mod file /home/honziggi/.gradle/caches/forge_gradle/deobf_dependencies/curse/maven/configured-457570/5180900_mapped_parchment_2023.09.03-1.20.1/configured-457570-5180900_mapped_parchment_2023.09.03-1.20.1.jar
[21May2025 13:50:43.801] [Render thread/DEBUG] [net.minecraftforge.client.loading.ClientModLoader/CORE]: Generating PackInfo named mod:jade for mod file /home/honziggi/.gradle/caches/forge_gradle/deobf_dependencies/maven/modrinth/jade/11.13.1+forge_mapped_parchment_2023.09.03-1.20.1/jade-11.13.1+forge_mapped_parchment_2023.09.03-1.20.1.jar
[21May2025 13:50:43.801] [Render thread/DEBUG] [net.minecraftforge.client.loading.ClientModLoader/CORE]: Generating PackInfo named mod:jei for mod file /home/honziggi/.gradle/caches/forge_gradle/deobf_dependencies/curse/maven/jei-238222/6075247_mapped_parchment_2023.09.03-1.20.1/jei-238222-6075247_mapped_parchment_2023.09.03-1.20.1.jar
[21May2025 13:50:43.801] [Render thread/DEBUG] [net.minecraftforge.client.loading.ClientModLoader/CORE]: Generating PackInfo named mod:branik_mod for mod file /home/honziggi/Desktop/branik-mod-main/build/resources/main
[21May2025 13:50:43.802] [Render thread/DEBUG] [net.minecraftforge.client.loading.ClientModLoader/CORE]: Generating PackInfo named mod:kotlinforforge for mod file 
[21May2025 13:50:43.802] [Render thread/DEBUG] [net.minecraftforge.client.loading.ClientModLoader/CORE]: Generating PackInfo named mod:forge for mod file /
[21May2025 13:50:43.802] [Render thread/DEBUG] [net.minecraftforge.client.loading.ClientModLoader/CORE]: Generating PackInfo named mod:cofh_core for mod file /home/honziggi/.gradle/caches/forge_gradle/deobf_dependencies/curse/maven/cofh-core-69162/5374122_mapped_parchment_2023.09.03-1.20.1/cofh-core-69162-5374122_mapped_parchment_2023.09.03-1.20.1.jar
[21May2025 13:50:43.802] [Render thread/DEBUG] [net.minecraftforge.client.loading.ClientModLoader/CORE]: Generating PackInfo named mod:pipez for mod file /home/honziggi/.gradle/caches/forge_gradle/deobf_dependencies/curse/maven/pipez-443900/4916633_mapped_parchment_2023.09.03-1.20.1/pipez-443900-4916633_mapped_parchment_2023.09.03-1.20.1.jar
[21May2025 13:50:43.802] [Render thread/DEBUG] [net.minecraftforge.client.loading.ClientModLoader/CORE]: Generating PackInfo named mod:thermal for mod file 
[21May2025 13:50:43.802] [Render thread/DEBUG] [net.minecraftforge.client.loading.ClientModLoader/CORE]: Generating PackInfo named mod:thermal_foundation for mod file /home/honziggi/.gradle/caches/forge_gradle/deobf_dependencies/curse/maven/thermal-foundation-222880/5443583_mapped_parchment_2023.09.03-1.20.1/thermal-foundation-222880-5443583_mapped_parchment_2023.09.03-1.20.1.jar
[21May2025 13:50:43.802] [Render thread/DEBUG] [net.minecraftforge.client.loading.ClientModLoader/CORE]: Generating PackInfo named mod:thermal_expansion for mod file /home/honziggi/.gradle/caches/forge_gradle/deobf_dependencies/curse/maven/thermal-expansion-69163/5372749_mapped_parchment_2023.09.03-1.20.1/thermal-expansion-69163-5372749_mapped_parchment_2023.09.03-1.20.1.jar
[21May2025 13:50:43.802] [Render thread/DEBUG] [net.minecraftforge.client.loading.ClientModLoader/CORE]: Generating PackInfo named mod:thermal_dynamics for mod file /home/honziggi/.gradle/caches/forge_gradle/deobf_dependencies/curse/maven/thermal-dynamics-227443/5372747_mapped_parchment_2023.09.03-1.20.1/thermal-dynamics-227443-5372747_mapped_parchment_2023.09.03-1.20.1.jar
[21May2025 13:50:44.102] [Render thread/INFO] [net.minecraftforge.gametest.ForgeGameTestHooks/]: Enabled Gametest Namespaces: [branik_mod]
[21May2025 13:50:44.270] [Render thread/ERROR] [com.mojang.text2speech.Narrator/]: Error while loading the narrator
com.mojang.text2speech.Narrator$InitializeException: Failed to load library flite
	at com.mojang.text2speech.NarratorLinux$FliteLibrary.loadNative(NarratorLinux.java:69) ~[text2speech-1.17.9.jar:?]
	at com.mojang.text2speech.NarratorLinux.<init>(NarratorLinux.java:18) ~[text2speech-1.17.9.jar:?]
	at com.mojang.text2speech.Narrator.getNarrator(Narrator.java:41) ~[text2speech-1.17.9.jar:?]
	at net.minecraft.client.GameNarrator.<init>(GameNarrator.java:19) ~[forge-1.20.1-47.2.0_mapped_parchment_2023.09.03-1.20.1.jar:?]
	at net.minecraft.client.Minecraft.<init>(Minecraft.java:553) ~[forge-1.20.1-47.2.0_mapped_parchment_2023.09.03-1.20.1.jar:?]
	at net.minecraft.client.main.Main.main(Main.java:182) ~[forge-1.20.1-47.2.0_mapped_parchment_2023.09.03-1.20.1.jar:?]
	at jdk.internal.reflect.NativeMethodAccessorImpl.invoke0(Native Method) ~[?:?]
	at jdk.internal.reflect.NativeMethodAccessorImpl.invoke(NativeMethodAccessorImpl.java:77) ~[?:?]
	at jdk.internal.reflect.DelegatingMethodAccessorImpl.invoke(DelegatingMethodAccessorImpl.java:43) ~[?:?]
	at java.lang.reflect.Method.invoke(Method.java:569) ~[?:?]
	at net.minecraftforge.fml.loading.targets.CommonLaunchHandler.runTarget(CommonLaunchHandler.java:111) ~[fmlloader-1.20.1-47.2.0.jar:?]
	at net.minecraftforge.fml.loading.targets.CommonLaunchHandler.clientService(CommonLaunchHandler.java:99) ~[fmlloader-1.20.1-47.2.0.jar:?]
	at net.minecraftforge.fml.loading.targets.ForgeClientUserdevLaunchHandler.devService(ForgeClientUserdevLaunchHandler.java:19) ~[fmlloader-1.20.1-47.2.0.jar:?]
	at net.minecraftforge.fml.loading.targets.CommonDevLaunchHandler.lambda$makeService$7(CommonDevLaunchHandler.java:135) ~[fmlloader-1.20.1-47.2.0.jar:?]
	at cpw.mods.modlauncher.LaunchServiceHandlerDecorator.launch(LaunchServiceHandlerDecorator.java:30) ~[modlauncher-10.0.9.jar:?]
	at cpw.mods.modlauncher.LaunchServiceHandler.launch(LaunchServiceHandler.java:53) ~[modlauncher-10.0.9.jar:?]
	at cpw.mods.modlauncher.LaunchServiceHandler.launch(LaunchServiceHandler.java:71) ~[modlauncher-10.0.9.jar:?]
	at cpw.mods.modlauncher.Launcher.run(Launcher.java:108) ~[modlauncher-10.0.9.jar:?]
	at cpw.mods.modlauncher.Launcher.main(Launcher.java:78) ~[modlauncher-10.0.9.jar:?]
	at cpw.mods.modlauncher.BootstrapLaunchConsumer.accept(BootstrapLaunchConsumer.java:26) ~[modlauncher-10.0.9.jar:?]
	at cpw.mods.modlauncher.BootstrapLaunchConsumer.accept(BootstrapLaunchConsumer.java:23) ~[modlauncher-10.0.9.jar:?]
	at cpw.mods.bootstraplauncher.BootstrapLauncher.main(BootstrapLauncher.java:141) ~[bootstraplauncher-1.1.2.jar:?]
Caused by: java.lang.UnsatisfiedLinkError: Unable to load library 'flite':
libflite.so: cannot open shared object file: No such file or directory
libflite.so: cannot open shared object file: No such file or directory
Native library (linux-x86-64/libflite.so) not found in resource path (/home/honziggi/Desktop/branik-mod-main/build/classes/java/main:/home/honziggi/Desktop/branik-mod-main/build/classes/kotlin/main:/home/honziggi/Desktop/branik-mod-main/build/resources/main:/home/honziggi/.gradle/caches/modules-2/files-2.1/org.jetbrains.kotlin/kotlin-stdlib/2.0.0/b48df2c4aede9586cc931ead433bc02d6fd7879e/kotlin-stdlib-2.0.0.jar:/home/honziggi/.gradle/caches/modules-2/files-2.1/thedarkcolour/kotlinforforge/4.11.0/a1b4a8bfd43ae2382200f3157897083bed242088/kotlinforforge-4.11.0-all.jar:/home/honziggi/.gradle/caches/forge_gradle/deobf_dependencies/curse/maven/ctm-267602/2642375_mapped_parchment_2023.09.03-1.20.1/ctm-267602-2642375_mapped_parchment_2023.09.03-1.20.1.jar:/home/honziggi/.gradle/caches/forge_gradle/deobf_dependencies/curse/maven/jei-238222/6075247_mapped_parchment_2023.09.03-1.20.1/jei-238222-6075247_mapped_parchment_2023.09.03-1.20.1.jar:/home/honziggi/.gradle/caches/forge_gradle/deobf_dependencies/curse/maven/configured-457570/5180900_mapped_parchment_2023.09.03-1.20.1/configured-457570-5180900_mapped_parchment_2023.09.03-1.20.1.jar:/home/honziggi/.gradle/caches/forge_gradle/deobf_dependencies/curse/maven/thermal-expansion-69163/5372749_mapped_parchment_2023.09.03-1.20.1/thermal-expansion-69163-5372749_mapped_parchment_2023.09.03-1.20.1.jar:/home/honziggi/.gradle/caches/forge_gradle/deobf_dependencies/curse/maven/thermal-dynamics-227443/5372747_mapped_parchment_2023.09.03-1.20.1/thermal-dynamics-227443-5372747_mapped_parchment_2023.09.03-1.20.1.jar:/home/honziggi/.gradle/caches/forge_gradle/deobf_dependencies/curse/maven/thermal-foundation-222880/5443583_mapped_parchment_2023.09.03-1.20.1/thermal-foundation-222880-5443583_mapped_parchment_2023.09.03-1.20.1.jar:/home/honziggi/.gradle/caches/forge_gradle/deobf_dependencies/curse/maven/cofh-core-69162/5374122_mapped_parchment_2023.09.03-1.20.1/cofh-core-69162-5374122_mapped_parchment_2023.09.03-1.20.1.jar:/home/honziggi/.gradle/caches/forge_gradle/deobf_dependencies/curse/maven/pipez-443900/4916633_mapped_parchment_2023.09.03-1.20.1/pipez-443900-4916633_mapped_parchment_2023.09.03-1.20.1.jar:/home/honziggi/.gradle/caches/forge_gradle/deobf_dependencies/maven/modrinth/jade/11.13.1+forge_mapped_parchment_2023.09.03-1.20.1/jade-11.13.1+forge_mapped_parchment_2023.09.03-1.20.1.jar:/home/honziggi/.gradle/caches/forge_gradle/minecraft_user_repo/net/minecraftforge/forge/1.20.1-47.2.0_mapped_parchment_2023.09.03-1.20.1/forge-1.20.1-47.2.0_mapped_parchment_2023.09.03-1.20.1.jar:/home/honziggi/.gradle/caches/forge_gradle/minecraft_repo/versions/1.20.1/client-extra.jar:/home/honziggi/.gradle/caches/modules-2/files-2.1/org.jetbrains/annotations/24.0.1/13c5c75c4206580aa4d683bffee658caae6c9f43/annotations-24.0.1.jar:/home/honziggi/.gradle/caches/modules-2/files-2.1/net.minecraftforge/fmlearlydisplay/1.20.1-47.2.0/4c56a03dcedcb909c7eaa8469dd5a36c493a0008/fmlearlydisplay-1.20.1-47.2.0.jar:/home/honziggi/.gradle/caches/modules-2/files-2.1/net.minecraftforge/javafmllanguage/1.20.1-47.2.0/7f9181f85acc66547685a72020713fc8cbde98/javafmllanguage-1.20.1-47.2.0.jar:/home/honziggi/.gradle/caches/modules-2/files-2.1/net.minecraftforge/lowcodelanguage/1.20.1-47.2.0/7872f5205685fdd26fae39b1be79b0e60ca5b7bd/lowcodelanguage-1.20.1-47.2.0.jar:/home/honziggi/.gradle/caches/modules-2/files-2.1/net.minecraftforge/mclanguage/1.20.1-47.2.0/d501d161cabed08b3c139a2c6217b02a39f3c3e9/mclanguage-1.20.1-47.2.0.jar:/home/honziggi/.gradle/caches/modules-2/files-2.1/net.minecraftforge/fmlcore/1.20.1-47.2.0/ffd3c6debac0a388c9e33ac43c9f5eafb91cb466/fmlcore-1.20.1-47.2.0.jar:/home/honziggi/.gradle/caches/modules-2/files-2.1/net.minecraftforge/fmlloader/1.20.1-47.2.0/7811231940c0a8b6008453bbc64fdf7fa1280fe9/fmlloader-1.20.1-47.2.0.jar:/home/honziggi/.gradle/caches/modules-2/files-2.1/net.minecraftforge/JarJarSelector/0.3.19/376cc9c8ea60720cf027c01fc033de915699801c/JarJarSelector-0.3.19.jar:/home/honziggi/.gradle/caches/modules-2/files-2.1/net.minecraftforge/JarJarMetadata/0.3.19/83feaa9b770e6ac0e96ee4fc23fa89325c5fe2/JarJarMetadata-0.3.19.jar:/home/honziggi/.gradle/caches/modules-2/files-2.1/com.google.guava/guava/31.1-jre/60458f877d055d0c9114d9e1a2efb737b4bc282c/guava-31.1-jre.jar:/home/honziggi/.gradle/caches/modules-2/files-2.1/com.google.code.findbugs/jsr305/3.0.2/25ea2e8b0c338a877313bd4672d3fe056ea78f0d/jsr305-3.0.2.jar:/home/honziggi/.gradle/caches/modules-2/files-2.1/ca.weblite/java-objc-bridge/1.1/1227f9e0666314f9de41477e3ec277e542ed7f7b/java-objc-bridge-1.1.jar:/home/honziggi/.gradle/caches/modules-2/files-2.1/net.minecraftforge/coremods/5.0.1/386b00279628b105b2d507539c46e134e96f6237/coremods-5.0.1.jar:/home/honziggi/.gradle/caches/modules-2/files-2.1/net.minecraftforge/forgespi/7.0.1/3b4972a0cdb135853dba219be61a79b22cff1309/forgespi-7.0.1.jar:/home/honziggi/.gradle/caches/modules-2/files-2.1/net.minecraftforge/mergetool/1.1.5/f3da18e12c696d35a47c82cbb2cc8b5aa15e1154/mergetool-1.1.5-api.jar:/home/honziggi/.gradle/caches/parchmentgradle/org/parchmentmc/data/parchment-1.20.1/2023.09.03/parchment-1.20.1-2023.09.03.zip:/home/honziggi/.gradle/caches/modules-2/files-2.1/net.minecraftforge/accesstransformers/8.0.4/272d240aa73f42195b2a68e2ebd8b701ecf41f63/accesstransformers-8.0.4.jar:/home/honziggi/.gradle/caches/modules-2/files-2.1/net.minecraftforge/eventbus/6.0.5/699143dd438431d06b57416944f7cedbe52e1475/eventbus-6.0.5.jar:/home/honziggi/.gradle/caches/modules-2/files-2.1/cpw.mods/modlauncher/10.0.9/6d9443f56f50bb85cea383686ff9c867391458b/modlauncher-10.0.9.jar:/home/honziggi/.gradle/caches/modules-2/files-2.1/cpw.mods/bootstraplauncher/1.1.2/c546e00443d8432cda6baa1c860346980742628/bootstraplauncher-1.1.2.jar:/home/honziggi/.gradle/caches/modules-2/files-2.1/cpw.mods/securejarhandler/2.1.10/51e6a22c6c716beb11e244bf5b8be480f51dd6b5/securejarhandler-2.1.10.jar:/home/honziggi/.gradle/caches/modules-2/files-2.1/org.openjdk.nashorn/nashorn-core/15.3/43977e804697048fc8d81d333a36c17d07a5b3dd/nashorn-core-15.3.jar:/home/honziggi/.gradle/caches/modules-2/files-2.1/org.ow2.asm/asm-commons/9.5/19ab5b5800a3910d30d3a3e64fdb00fd0cb42de0/asm-commons-9.5.jar:/home/honziggi/.gradle/caches/modules-2/files-2.1/org.ow2.asm/asm-util/9.5/64b5a1fc8c1b15ed2efd6a063e976bc8d3dc5ffe/asm-util-9.5.jar:/home/honziggi/.gradle/caches/modules-2/files-2.1/org.ow2.asm/asm-analysis/9.5/490bacc77de7cbc0be1a30bb3471072d705be4a4/asm-analysis-9.5.jar:/home/honziggi/.gradle/caches/modules-2/files-2.1/org.ow2.asm/asm-tree/9.5/fd33c8b6373abaa675be407082fdfda35021254a/asm-tree-9.5.jar:/home/honziggi/.gradle/caches/modules-2/files-2.1/org.ow2.asm/asm/9.5/dc6ea1875f4d64fbc85e1691c95b96a3d8569c90/asm-9.5.jar:/home/honziggi/.gradle/caches/modules-2/files-2.1/org.antlr/antlr4/4.9.1/e92af8ab33e428461927b484e90bb155a4f3a052/antlr4-4.9.1.jar:/home/honziggi/.gradle/caches/modules-2/files-2.1/org.antlr/antlr4-runtime/4.9.1/428664f05d2b7f7b7610204b5aa7c1763f62011a/antlr4-runtime-4.9.1.jar:/home/honziggi/.gradle/caches/modules-2/files-2.1/net.minecraftforge/unsafe/0.2.0/54d7a0a5e8fdb71b973025caa46f341ae5904f39/unsafe-0.2.0.jar:/home/honziggi/.gradle/caches/modules-2/files-2.1/com.electronwill.night-config/toml/3.6.4/51d6cefb2b55ee55ee26b16391212fb2c7dfb4f4/toml-3.6.4.jar:/home/honziggi/.gradle/caches/modules-2/files-2.1/com.electronwill.night-config/core/3.6.4/510f174abbf1c947494db50ef2445683bd52c230/core-3.6.4.jar:/home/honziggi/.gradle/caches/modules-2/files-2.1/org.apache.maven/maven-artifact/3.8.5/4433f50c07debefaed0553bd0068f4f48d449313/maven-artifact-3.8.5.jar:/home/honziggi/.gradle/caches/modules-2/files-2.1/net.jodah/typetools/0.6.3/a01aaa6ddaea9ec07ec4f209487b7a46a526283a/typetools-0.6.3.jar:/home/honziggi/.gradle/caches/modules-2/files-2.1/net.minecrell/terminalconsoleappender/1.2.0/96d02cd3b384ff015a8fef4223bcb4ccf1717c95/terminalconsoleappender-1.2.0.jar:/home/honziggi/.gradle/caches/modules-2/files-2.1/org.jline/jline-reader/3.12.1/4382ab1382c7b6f379377ed5f665dc2f6e1218bc/jline-reader-3.12.1.jar:/home/honziggi/.gradle/caches/modules-2/files-2.1/org.jline/jline-terminal/3.12.1/c777448314e050d980a6b697c140f3bfe9eb7416/jline-terminal-3.12.1.jar:/home/honziggi/.gradle/caches/modules-2/files-2.1/org.spongepowered/mixin/0.8.5/9d1c0c3a304ae6697ecd477218fa61b850bf57fc/mixin-0.8.5.jar:/home/honziggi/.gradle/caches/modules-2/files-2.1/net.minecraftforge/JarJarFileSystems/0.3.19/2464eb7d6b9ddb9db36a82cf8a95193e5c6fe020/JarJarFileSystems-0.3.19.jar:/home/honziggi/.gradle/caches/modules-2/files-2.1/com.github.oshi/oshi-core/6.2.2/54f5efc19bca95d709d9a37d19ffcbba3d21c1a6/oshi-core-6.2.2.jar:/home/honziggi/.gradle/caches/modules-2/files-2.1/com.google.code.gson/gson/2.10/dd9b193aef96e973d5a11ab13cd17430c2e4306b/gson-2.10.jar:/home/honziggi/.gradle/caches/modules-2/files-2.1/com.google.guava/failureaccess/1.0.1/1dcf1de382a0bf95a3d8b0849546c88bac1292c9/failureaccess-1.0.1.jar:/home/honziggi/.gradle/caches/modules-2/files-2.1/com.ibm.icu/icu4j/71.1/9e7d3304c23f9ba5cb71915f7cce23231a57a445/icu4j-71.1.jar:/home/honziggi/.gradle/caches/modules-2/files-2.1/com.mojang/authlib/4.0.43/2ff9d747a77570a07a60d32ac77eb6162ad2a2d9/authlib-4.0.43.jar:/home/honziggi/.gradle/caches/modules-2/files-2.1/com.mojang/blocklist/1.0.10/5c685c5ffa94c4cd39496c7184c1d122e515ecef/blocklist-1.0.10.jar:/home/honziggi/.gradle/caches/modules-2/files-2.1/com.mojang/brigadier/1.1.8/5244ce82c3337bba4a196a3ce858bfaecc74404a/brigadier-1.1.8.jar:/home/honziggi/.gradle/caches/modules-2/files-2.1/com.mojang/datafixerupper/6.0.8/3ba4a30557a9b057760af4011f909ba619fc5125/datafixerupper-6.0.8.jar:/home/honziggi/.gradle/caches/modules-2/files-2.1/com.mojang/logging/1.1.1/832b8e6674a9b325a5175a3a6267dfaf34c85139/logging-1.1.1.jar:/home/honziggi/.gradle/caches/modules-2/files-2.1/com.mojang/patchy/2.2.10/da05971b07cbb379d002cf7eaec6a2048211fefc/patchy-2.2.10.jar:/home/honziggi/.gradle/caches/modules-2/files-2.1/com.mojang/text2speech/1.17.9/3cad216e3a7f0c19b4b394388bc9ffc446f13b14/text2speech-1.17.9.jar:/home/honziggi/.gradle/caches/modules-2/files-2.1/org.apache.httpcomponents/httpclient/4.5.13/e5f6cae5ca7ecaac1ec2827a9e2d65ae2869cada/httpclient-4.5.13.jar:/home/honziggi/.gradle/caches/modules-2/files-2.1/commons-codec/commons-codec/1.15/49d94806b6e3dc933dacbd8acb0fdbab8ebd1e5d/commons-codec-1.15.jar:/home/honziggi/.gradle/caches/modules-2/files-2.1/commons-io/commons-io/2.11.0/a2503f302b11ebde7ebc3df41daebe0e4eea3689/commons-io-2.11.0.jar:/home/honziggi/.gradle/caches/modules-2/files-2.1/commons-logging/commons-logging/1.2/4bfc12adfe4842bf07b657f0369c4cb522955686/commons-logging-1.2.jar:/home/honziggi/.gradle/caches/modules-2/files-2.1/io.netty/netty-handler/4.1.82.Final/644041d1fa96a5d3130a29e8978630d716d76e38/netty-handler-4.1.82.Final.jar:/home/honziggi/.gradle/caches/modules-2/files-2.1/io.netty/netty-codec/4.1.82.Final/b77200379acb345a9ffdece1c605e591ac3e4e0a/netty-codec-4.1.82.Final.jar:/home/honziggi/.gradle/caches/modules-2/files-2.1/io.netty/netty-transport-native-epoll/4.1.82.Final/476409d6255001ca53a55f65b01c13822f8dc93a/netty-transport-native-epoll-4.1.82.Final-linux-aarch_64.jar:/home/honziggi/.gradle/caches/modules-2/files-2.1/io.netty/netty-transport-native-epoll/4.1.82.Final/c7350a71920f3ae9142945e25fed4846cce53374/netty-transport-native-epoll-4.1.82.Final-linux-x86_64.jar:/home/honziggi/.gradle/caches/modules-2/files-2.1/io.netty/netty-transport-classes-epoll/4.1.82.Final/e7c7dd18deac93105797f30057c912651ea76521/netty-transport-classes-epoll-4.1.82.Final.jar:/home/honziggi/.gradle/caches/modules-2/files-2.1/io.netty/netty-transport-native-unix-common/4.1.82.Final/3e895b35ca1b8a0eca56cacff4c2dde5d2c6abce/netty-transport-native-unix-common-4.1.82.Final.jar:/home/honziggi/.gradle/caches/modules-2/files-2.1/io.netty/netty-transport/4.1.82.Final/e431a218d91acb6476ccad5f5aafde50aa3945ca/netty-transport-4.1.82.Final.jar:/home/honziggi/.gradle/caches/modules-2/files-2.1/io.netty/netty-buffer/4.1.82.Final/a544270cf1ae8b8077082f5036436a9a9971ea71/netty-buffer-4.1.82.Final.jar:/home/honziggi/.gradle/caches/modules-2/files-2.1/io.netty/netty-resolver/4.1.82.Final/38f665ae8dcd29032eea31245ba7806bed2e0fa8/netty-resolver-4.1.82.Final.jar:/home/honziggi/.gradle/caches/modules-2/files-2.1/io.netty/netty-common/4.1.82.Final/22d148e85c3f5ebdacc0ce1f5aabb1d420f73f3/netty-common-4.1.82.Final.jar:/home/honziggi/.gradle/caches/modules-2/files-2.1/it.unimi.dsi/fastutil/8.5.9/bb7ea75ecdb216654237830b3a96d87ad91f8cc5/fastutil-8.5.9.jar:/home/honziggi/.gradle/caches/modules-2/files-2.1/net.java.dev.jna/jna-platform/5.12.1/97406a297c852f4a41e688a176ec675f72e8329/jna-platform-5.12.1.jar:/home/honziggi/.gradle/caches/modules-2/files-2.1/net.java.dev.jna/jna/5.12.1/b1e93a735caea94f503e95e6fe79bf9cdc1e985d/jna-5.12.1.jar:/home/honziggi/.gradle/caches/modules-2/files-2.1/net.sf.jopt-simple/jopt-simple/5.0.4/4fdac2fbe92dfad86aa6e9301736f6b4342a3f5c/jopt-simple-5.0.4.jar:/home/honziggi/.gradle/caches/modules-2/files-2.1/org.apache.commons/commons-compress/1.21/4ec95b60d4e86b5c95a0e919cb172a0af98011ef/commons-compress-1.21.jar:/home/honziggi/.gradle/caches/modules-2/files-2.1/org.apache.commons/commons-lang3/3.12.0/c6842c86792ff03b9f1d1fe2aab8dc23aa6c6f0e/commons-lang3-3.12.0.jar:/home/honziggi/.gradle/caches/modules-2/files-2.1/org.apache.httpcomponents/httpcore/4.4.15/7f2e0c573eaa7a74bac2e89b359e1f73d92a0a1d/httpcore-4.4.15.jar:/home/honziggi/.gradle/caches/modules-2/files-2.1/org.apache.logging.log4j/log4j-core/2.19.0/3b6eeb4de4c49c0fe38a4ee27188ff5fee44d0bb/log4j-core-2.19.0.jar:/home/honziggi/.gradle/caches/modules-2/files-2.1/org.apache.logging.log4j/log4j-slf4j2-impl/2.19.0/5c04bfdd63ce9dceb2e284b81e96b6a70010ee10/log4j-slf4j2-impl-2.19.0.jar:/home/honziggi/.gradle/caches/modules-2/files-2.1/org.apache.logging.log4j/log4j-api/2.19.0/ea1b37f38c327596b216542bc636cfdc0b8036fa/log4j-api-2.19.0.jar:/home/honziggi/.gradle/caches/modules-2/files-2.1/org.joml/joml/1.10.5/22566d58af70ad3d72308bab63b8339906deb649/joml-1.10.5.jar:/home/honziggi/.gradle/caches/modules-2/files-2.1/org.lwjgl/lwjgl-glfw/3.3.1/cbac1b8d30cb4795149c1ef540f912671a8616d0/lwjgl-glfw-3.3.1.jar:/home/honziggi/.gradle/caches/modules-2/files-2.1/org.lwjgl/lwjgl-glfw/3.3.1/81716978214ecbda15050ca394b06ef61501a49e/lwjgl-glfw-3.3.1-natives-linux.jar:/home/honziggi/.gradle/caches/modules-2/files-2.1/org.lwjgl/lwjgl-jemalloc/3.3.1/a817bcf213db49f710603677457567c37d53e103/lwjgl-jemalloc-3.3.1.jar:/home/honziggi/.gradle/caches/modules-2/files-2.1/org.lwjgl/lwjgl-jemalloc/3.3.1/33dbb017b6ed6b25f993ad9d56741a49e7937718/lwjgl-jemalloc-3.3.1-natives-linux.jar:/home/honziggi/.gradle/caches/modules-2/files-2.1/org.lwjgl/lwjgl-openal/3.3.1/2623a6b8ae1dfcd880738656a9f0243d2e6840bd/lwjgl-openal-3.3.1.jar:/home/honziggi/.gradle/caches/modules-2/files-2.1/org.lwjgl/lwjgl-openal/3.3.1/f906b6439f6daa66001182ea7727e3467a93681b/lwjgl-openal-3.3.1-natives-linux.jar:/home/honziggi/.gradle/caches/modules-2/files-2.1/org.lwjgl/lwjgl-opengl/3.3.1/831a5533a21a5f4f81bbc51bb13e9899319b5411/lwjgl-opengl-3.3.1.jar:/home/honziggi/.gradle/caches/modules-2/files-2.1/org.lwjgl/lwjgl-opengl/3.3.1/ab9ab6fde3743e3550fa5d46d785ecb45b047d99/lwjgl-opengl-3.3.1-natives-linux.jar:/home/honziggi/.gradle/caches/modules-2/files-2.1/org.lwjgl/lwjgl-stb/3.3.1/b119297cf8ed01f247abe8685857f8e7fcf5980f/lwjgl-stb-3.3.1.jar:/home/honziggi/.gradle/caches/modules-2/files-2.1/org.lwjgl/lwjgl-stb/3.3.1/3ee7aec8686e52867677110415566a5342a80230/lwjgl-stb-3.3.1-natives-linux.jar:/home/honziggi/.gradle/caches/modules-2/files-2.1/org.lwjgl/lwjgl-tinyfd/3.3.1/ff1914111ef2e3e0110ef2dabc8d8cdaad82347/lwjgl-tinyfd-3.3.1.jar:/home/honziggi/.gradle/caches/modules-2/files-2.1/org.lwjgl/lwjgl-tinyfd/3.3.1/a35110b9471bea8cde826ab297550ee8c22f5035/lwjgl-tinyfd-3.3.1-natives-linux.jar:/home/honziggi/.gradle/caches/modules-2/files-2.1/org.lwjgl/lwjgl/3.3.1/ae58664f88e18a9bb2c77b063833ca7aaec484cb/lwjgl-3.3.1.jar:/home/honziggi/.gradle/caches/modules-2/files-2.1/org.lwjgl/lwjgl/3.3.1/1de885aba434f934201b99f2f1afb142036ac189/lwjgl-3.3.1-natives-linux.jar:/home/honziggi/.gradle/caches/modules-2/files-2.1/com.machinezoo.noexception/noexception/1.7.1/b65330c98e38a1f915fa54a6e5eca496505e3f0a/noexception-1.7.1.jar:/home/honziggi/.gradle/caches/modules-2/files-2.1/org.slf4j/slf4j-simple/1.7.30/e606eac955f55ecf1d8edcccba04eb8ac98088dd/slf4j-simple-1.7.30.jar:/home/honziggi/.gradle/caches/modules-2/files-2.1/org.slf4j/slf4j-api/2.0.1/f48d81adce2abf5ad3cfe463df517952749e03bc/slf4j-api-2.0.1.jar:/home/honziggi/.gradle/caches/modules-2/files-2.1/net.minecraftforge/srgutils/0.4.11/fbad1341ffdb47d276bbdc40ecb06da49e053e74/srgutils-0.4.11.jar:/home/honziggi/.gradle/caches/modules-2/files-2.1/org.codehaus.plexus/plexus-utils/3.3.0/cf43b5391de623b36fe066a21127baef82c64022/plexus-utils-3.3.0.jar:/home/honziggi/.gradle/caches/modules-2/files-2.1/com.google.guava/listenablefuture/9999.0-empty-to-avoid-conflict-with-guava/b421526c5f297295adef1c886e5246c39d4ac629/listenablefuture-9999.0-empty-to-avoid-conflict-with-guava.jar:/home/honziggi/.gradle/caches/modules-2/files-2.1/org.checkerframework/checker-qual/3.12.0/d5692f0526415fcc6de94bb5bfbd3afd9dd3b3e5/checker-qual-3.12.0.jar:/home/honziggi/.gradle/caches/modules-2/files-2.1/com.google.errorprone/error_prone_annotations/2.11.0/c5a0ace696d3f8b1c1d8cc036d8c03cc0cbe6b69/error_prone_annotations-2.11.0.jar:/home/honziggi/.gradle/caches/modules-2/files-2.1/com.google.j2objc/j2objc-annotations/1.3/ba035118bc8bac37d7eff77700720999acd9986d/j2objc-annotations-1.3.jar:/home/honziggi/.gradle/caches/modules-2/files-2.1/org.antlr/ST4/4.3/92f2c1ad8d84abcbeead6cf7f2c53a04166293c2/ST4-4.3.jar:/home/honziggi/.gradle/caches/modules-2/files-2.1/org.antlr/antlr-runtime/3.5.2/cd9cd41361c155f3af0f653009dcecb08d8b4afd/antlr-runtime-3.5.2.jar:/home/honziggi/.gradle/caches/modules-2/files-2.1/org.abego.treelayout/org.abego.treelayout.core/1.0.3/457216e8e6578099ae63667bb1e4439235892028/org.abego.treelayout.core-1.0.3.jar:/home/honziggi/.gradle/caches/modules-2/files-2.1/org.glassfish/javax.json/1.0.4/3178f73569fd7a1e5ffc464e680f7a8cc784b85a/javax.json-1.0.4.jar)
	at com.sun.jna.NativeLibrary.loadLibrary(NativeLibrary.java:307) ~[jna-5.12.1.jar:5.12.1 (b0)]
	at com.sun.jna.NativeLibrary.getInstance(NativeLibrary.java:467) ~[jna-5.12.1.jar:5.12.1 (b0)]
	at com.sun.jna.NativeLibrary.getInstance(NativeLibrary.java:409) ~[jna-5.12.1.jar:5.12.1 (b0)]
	at com.mojang.text2speech.NarratorLinux$FliteLibrary.loadNative(NarratorLinux.java:67) ~[text2speech-1.17.9.jar:?]
	... 21 more
	Suppressed: java.lang.UnsatisfiedLinkError: libflite.so: cannot open shared object file: No such file or directory
		at com.sun.jna.Native.open(Native Method) ~[jna-5.12.1.jar:5.12.1 (b0)]
		at com.sun.jna.NativeLibrary.loadLibrary(NativeLibrary.java:197) ~[jna-5.12.1.jar:5.12.1 (b0)]
		at com.sun.jna.NativeLibrary.getInstance(NativeLibrary.java:467) ~[jna-5.12.1.jar:5.12.1 (b0)]
		at com.sun.jna.NativeLibrary.getInstance(NativeLibrary.java:409) ~[jna-5.12.1.jar:5.12.1 (b0)]
		at com.mojang.text2speech.NarratorLinux$FliteLibrary.loadNative(NarratorLinux.java:67) ~[text2speech-1.17.9.jar:?]
		at com.mojang.text2speech.NarratorLinux.<init>(NarratorLinux.java:18) ~[text2speech-1.17.9.jar:?]
		at com.mojang.text2speech.Narrator.getNarrator(Narrator.java:41) ~[text2speech-1.17.9.jar:?]
		at net.minecraft.client.GameNarrator.<init>(GameNarrator.java:19) ~[forge-1.20.1-47.2.0_mapped_parchment_2023.09.03-1.20.1.jar:?]
		at net.minecraft.client.Minecraft.<init>(Minecraft.java:553) ~[forge-1.20.1-47.2.0_mapped_parchment_2023.09.03-1.20.1.jar:?]
		at net.minecraft.client.main.Main.main(Main.java:182) ~[forge-1.20.1-47.2.0_mapped_parchment_2023.09.03-1.20.1.jar:?]
		at jdk.internal.reflect.NativeMethodAccessorImpl.invoke0(Native Method) ~[?:?]
		at jdk.internal.reflect.NativeMethodAccessorImpl.invoke(NativeMethodAccessorImpl.java:77) ~[?:?]
		at jdk.internal.reflect.DelegatingMethodAccessorImpl.invoke(DelegatingMethodAccessorImpl.java:43) ~[?:?]
		at java.lang.reflect.Method.invoke(Method.java:569) ~[?:?]
		at net.minecraftforge.fml.loading.targets.CommonLaunchHandler.runTarget(CommonLaunchHandler.java:111) ~[fmlloader-1.20.1-47.2.0.jar:?]
		at net.minecraftforge.fml.loading.targets.CommonLaunchHandler.clientService(CommonLaunchHandler.java:99) ~[fmlloader-1.20.1-47.2.0.jar:?]
		at net.minecraftforge.fml.loading.targets.ForgeClientUserdevLaunchHandler.devService(ForgeClientUserdevLaunchHandler.java:19) ~[fmlloader-1.20.1-47.2.0.jar:?]
		at net.minecraftforge.fml.loading.targets.CommonDevLaunchHandler.lambda$makeService$7(CommonDevLaunchHandler.java:135) ~[fmlloader-1.20.1-47.2.0.jar:?]
		at cpw.mods.modlauncher.LaunchServiceHandlerDecorator.launch(LaunchServiceHandlerDecorator.java:30) ~[modlauncher-10.0.9.jar:?]
		at cpw.mods.modlauncher.LaunchServiceHandler.launch(LaunchServiceHandler.java:53) ~[modlauncher-10.0.9.jar:?]
		at cpw.mods.modlauncher.LaunchServiceHandler.launch(LaunchServiceHandler.java:71) ~[modlauncher-10.0.9.jar:?]
		at cpw.mods.modlauncher.Launcher.run(Launcher.java:108) ~[modlauncher-10.0.9.jar:?]
		at cpw.mods.modlauncher.Launcher.main(Launcher.java:78) ~[modlauncher-10.0.9.jar:?]
		at cpw.mods.modlauncher.BootstrapLaunchConsumer.accept(BootstrapLaunchConsumer.java:26) ~[modlauncher-10.0.9.jar:?]
		at cpw.mods.modlauncher.BootstrapLaunchConsumer.accept(BootstrapLaunchConsumer.java:23) ~[modlauncher-10.0.9.jar:?]
		at cpw.mods.bootstraplauncher.BootstrapLauncher.main(BootstrapLauncher.java:141) ~[bootstraplauncher-1.1.2.jar:?]
	Suppressed: java.lang.UnsatisfiedLinkError: libflite.so: cannot open shared object file: No such file or directory
		at com.sun.jna.Native.open(Native Method) ~[jna-5.12.1.jar:5.12.1 (b0)]
		at com.sun.jna.NativeLibrary.loadLibrary(NativeLibrary.java:210) ~[jna-5.12.1.jar:5.12.1 (b0)]
		at com.sun.jna.NativeLibrary.getInstance(NativeLibrary.java:467) ~[jna-5.12.1.jar:5.12.1 (b0)]
		at com.sun.jna.NativeLibrary.getInstance(NativeLibrary.java:409) ~[jna-5.12.1.jar:5.12.1 (b0)]
		at com.mojang.text2speech.NarratorLinux$FliteLibrary.loadNative(NarratorLinux.java:67) ~[text2speech-1.17.9.jar:?]
		at com.mojang.text2speech.NarratorLinux.<init>(NarratorLinux.java:18) ~[text2speech-1.17.9.jar:?]
		at com.mojang.text2speech.Narrator.getNarrator(Narrator.java:41) ~[text2speech-1.17.9.jar:?]
		at net.minecraft.client.GameNarrator.<init>(GameNarrator.java:19) ~[forge-1.20.1-47.2.0_mapped_parchment_2023.09.03-1.20.1.jar:?]
		at net.minecraft.client.Minecraft.<init>(Minecraft.java:553) ~[forge-1.20.1-47.2.0_mapped_parchment_2023.09.03-1.20.1.jar:?]
		at net.minecraft.client.main.Main.main(Main.java:182) ~[forge-1.20.1-47.2.0_mapped_parchment_2023.09.03-1.20.1.jar:?]
		at jdk.internal.reflect.NativeMethodAccessorImpl.invoke0(Native Method) ~[?:?]
		at jdk.internal.reflect.NativeMethodAccessorImpl.invoke(NativeMethodAccessorImpl.java:77) ~[?:?]
		at jdk.internal.reflect.DelegatingMethodAccessorImpl.invoke(DelegatingMethodAccessorImpl.java:43) ~[?:?]
		at java.lang.reflect.Method.invoke(Method.java:569) ~[?:?]
		at net.minecraftforge.fml.loading.targets.CommonLaunchHandler.runTarget(CommonLaunchHandler.java:111) ~[fmlloader-1.20.1-47.2.0.jar:?]
		at net.minecraftforge.fml.loading.targets.CommonLaunchHandler.clientService(CommonLaunchHandler.java:99) ~[fmlloader-1.20.1-47.2.0.jar:?]
		at net.minecraftforge.fml.loading.targets.ForgeClientUserdevLaunchHandler.devService(ForgeClientUserdevLaunchHandler.java:19) ~[fmlloader-1.20.1-47.2.0.jar:?]
		at net.minecraftforge.fml.loading.targets.CommonDevLaunchHandler.lambda$makeService$7(CommonDevLaunchHandler.java:135) ~[fmlloader-1.20.1-47.2.0.jar:?]
		at cpw.mods.modlauncher.LaunchServiceHandlerDecorator.launch(LaunchServiceHandlerDecorator.java:30) ~[modlauncher-10.0.9.jar:?]
		at cpw.mods.modlauncher.LaunchServiceHandler.launch(LaunchServiceHandler.java:53) ~[modlauncher-10.0.9.jar:?]
		at cpw.mods.modlauncher.LaunchServiceHandler.launch(LaunchServiceHandler.java:71) ~[modlauncher-10.0.9.jar:?]
		at cpw.mods.modlauncher.Launcher.run(Launcher.java:108) ~[modlauncher-10.0.9.jar:?]
		at cpw.mods.modlauncher.Launcher.main(Launcher.java:78) ~[modlauncher-10.0.9.jar:?]
		at cpw.mods.modlauncher.BootstrapLaunchConsumer.accept(BootstrapLaunchConsumer.java:26) ~[modlauncher-10.0.9.jar:?]
		at cpw.mods.modlauncher.BootstrapLaunchConsumer.accept(BootstrapLaunchConsumer.java:23) ~[modlauncher-10.0.9.jar:?]
		at cpw.mods.bootstraplauncher.BootstrapLauncher.main(BootstrapLauncher.java:141) ~[bootstraplauncher-1.1.2.jar:?]
	Suppressed: java.io.IOException: Native library (linux-x86-64/libflite.so) not found in resource path (/home/honziggi/Desktop/branik-mod-main/build/classes/java/main:/home/honziggi/Desktop/branik-mod-main/build/classes/kotlin/main:/home/honziggi/Desktop/branik-mod-main/build/resources/main:/home/honziggi/.gradle/caches/modules-2/files-2.1/org.jetbrains.kotlin/kotlin-stdlib/2.0.0/b48df2c4aede9586cc931ead433bc02d6fd7879e/kotlin-stdlib-2.0.0.jar:/home/honziggi/.gradle/caches/modules-2/files-2.1/thedarkcolour/kotlinforforge/4.11.0/a1b4a8bfd43ae2382200f3157897083bed242088/kotlinforforge-4.11.0-all.jar:/home/honziggi/.gradle/caches/forge_gradle/deobf_dependencies/curse/maven/ctm-267602/2642375_mapped_parchment_2023.09.03-1.20.1/ctm-267602-2642375_mapped_parchment_2023.09.03-1.20.1.jar:/home/honziggi/.gradle/caches/forge_gradle/deobf_dependencies/curse/maven/jei-238222/6075247_mapped_parchment_2023.09.03-1.20.1/jei-238222-6075247_mapped_parchment_2023.09.03-1.20.1.jar:/home/honziggi/.gradle/caches/forge_gradle/deobf_dependencies/curse/maven/configured-457570/5180900_mapped_parchment_2023.09.03-1.20.1/configured-457570-5180900_mapped_parchment_2023.09.03-1.20.1.jar:/home/honziggi/.gradle/caches/forge_gradle/deobf_dependencies/curse/maven/thermal-expansion-69163/5372749_mapped_parchment_2023.09.03-1.20.1/thermal-expansion-69163-5372749_mapped_parchment_2023.09.03-1.20.1.jar:/home/honziggi/.gradle/caches/forge_gradle/deobf_dependencies/curse/maven/thermal-dynamics-227443/5372747_mapped_parchment_2023.09.03-1.20.1/thermal-dynamics-227443-5372747_mapped_parchment_2023.09.03-1.20.1.jar:/home/honziggi/.gradle/caches/forge_gradle/deobf_dependencies/curse/maven/thermal-foundation-222880/5443583_mapped_parchment_2023.09.03-1.20.1/thermal-foundation-222880-5443583_mapped_parchment_2023.09.03-1.20.1.jar:/home/honziggi/.gradle/caches/forge_gradle/deobf_dependencies/curse/maven/cofh-core-69162/5374122_mapped_parchment_2023.09.03-1.20.1/cofh-core-69162-5374122_mapped_parchment_2023.09.03-1.20.1.jar:/home/honziggi/.gradle/caches/forge_gradle/deobf_dependencies/curse/maven/pipez-443900/4916633_mapped_parchment_2023.09.03-1.20.1/pipez-443900-4916633_mapped_parchment_2023.09.03-1.20.1.jar:/home/honziggi/.gradle/caches/forge_gradle/deobf_dependencies/maven/modrinth/jade/11.13.1+forge_mapped_parchment_2023.09.03-1.20.1/jade-11.13.1+forge_mapped_parchment_2023.09.03-1.20.1.jar:/home/honziggi/.gradle/caches/forge_gradle/minecraft_user_repo/net/minecraftforge/forge/1.20.1-47.2.0_mapped_parchment_2023.09.03-1.20.1/forge-1.20.1-47.2.0_mapped_parchment_2023.09.03-1.20.1.jar:/home/honziggi/.gradle/caches/forge_gradle/minecraft_repo/versions/1.20.1/client-extra.jar:/home/honziggi/.gradle/caches/modules-2/files-2.1/org.jetbrains/annotations/24.0.1/13c5c75c4206580aa4d683bffee658caae6c9f43/annotations-24.0.1.jar:/home/honziggi/.gradle/caches/modules-2/files-2.1/net.minecraftforge/fmlearlydisplay/1.20.1-47.2.0/4c56a03dcedcb909c7eaa8469dd5a36c493a0008/fmlearlydisplay-1.20.1-47.2.0.jar:/home/honziggi/.gradle/caches/modules-2/files-2.1/net.minecraftforge/javafmllanguage/1.20.1-47.2.0/7f9181f85acc66547685a72020713fc8cbde98/javafmllanguage-1.20.1-47.2.0.jar:/home/honziggi/.gradle/caches/modules-2/files-2.1/net.minecraftforge/lowcodelanguage/1.20.1-47.2.0/7872f5205685fdd26fae39b1be79b0e60ca5b7bd/lowcodelanguage-1.20.1-47.2.0.jar:/home/honziggi/.gradle/caches/modules-2/files-2.1/net.minecraftforge/mclanguage/1.20.1-47.2.0/d501d161cabed08b3c139a2c6217b02a39f3c3e9/mclanguage-1.20.1-47.2.0.jar:/home/honziggi/.gradle/caches/modules-2/files-2.1/net.minecraftforge/fmlcore/1.20.1-47.2.0/ffd3c6debac0a388c9e33ac43c9f5eafb91cb466/fmlcore-1.20.1-47.2.0.jar:/home/honziggi/.gradle/caches/modules-2/files-2.1/net.minecraftforge/fmlloader/1.20.1-47.2.0/7811231940c0a8b6008453bbc64fdf7fa1280fe9/fmlloader-1.20.1-47.2.0.jar:/home/honziggi/.gradle/caches/modules-2/files-2.1/net.minecraftforge/JarJarSelector/0.3.19/376cc9c8ea60720cf027c01fc033de915699801c/JarJarSelector-0.3.19.jar:/home/honziggi/.gradle/caches/modules-2/files-2.1/net.minecraftforge/JarJarMetadata/0.3.19/83feaa9b770e6ac0e96ee4fc23fa89325c5fe2/JarJarMetadata-0.3.19.jar:/home/honziggi/.gradle/caches/modules-2/files-2.1/com.google.guava/guava/31.1-jre/60458f877d055d0c9114d9e1a2efb737b4bc282c/guava-31.1-jre.jar:/home/honziggi/.gradle/caches/modules-2/files-2.1/com.google.code.findbugs/jsr305/3.0.2/25ea2e8b0c338a877313bd4672d3fe056ea78f0d/jsr305-3.0.2.jar:/home/honziggi/.gradle/caches/modules-2/files-2.1/ca.weblite/java-objc-bridge/1.1/1227f9e0666314f9de41477e3ec277e542ed7f7b/java-objc-bridge-1.1.jar:/home/honziggi/.gradle/caches/modules-2/files-2.1/net.minecraftforge/coremods/5.0.1/386b00279628b105b2d507539c46e134e96f6237/coremods-5.0.1.jar:/home/honziggi/.gradle/caches/modules-2/files-2.1/net.minecraftforge/forgespi/7.0.1/3b4972a0cdb135853dba219be61a79b22cff1309/forgespi-7.0.1.jar:/home/honziggi/.gradle/caches/modules-2/files-2.1/net.minecraftforge/mergetool/1.1.5/f3da18e12c696d35a47c82cbb2cc8b5aa15e1154/mergetool-1.1.5-api.jar:/home/honziggi/.gradle/caches/parchmentgradle/org/parchmentmc/data/parchment-1.20.1/2023.09.03/parchment-1.20.1-2023.09.03.zip:/home/honziggi/.gradle/caches/modules-2/files-2.1/net.minecraftforge/accesstransformers/8.0.4/272d240aa73f42195b2a68e2ebd8b701ecf41f63/accesstransformers-8.0.4.jar:/home/honziggi/.gradle/caches/modules-2/files-2.1/net.minecraftforge/eventbus/6.0.5/699143dd438431d06b57416944f7cedbe52e1475/eventbus-6.0.5.jar:/home/honziggi/.gradle/caches/modules-2/files-2.1/cpw.mods/modlauncher/10.0.9/6d9443f56f50bb85cea383686ff9c867391458b/modlauncher-10.0.9.jar:/home/honziggi/.gradle/caches/modules-2/files-2.1/cpw.mods/bootstraplauncher/1.1.2/c546e00443d8432cda6baa1c860346980742628/bootstraplauncher-1.1.2.jar:/home/honziggi/.gradle/caches/modules-2/files-2.1/cpw.mods/securejarhandler/2.1.10/51e6a22c6c716beb11e244bf5b8be480f51dd6b5/securejarhandler-2.1.10.jar:/home/honziggi/.gradle/caches/modules-2/files-2.1/org.openjdk.nashorn/nashorn-core/15.3/43977e804697048fc8d81d333a36c17d07a5b3dd/nashorn-core-15.3.jar:/home/honziggi/.gradle/caches/modules-2/files-2.1/org.ow2.asm/asm-commons/9.5/19ab5b5800a3910d30d3a3e64fdb00fd0cb42de0/asm-commons-9.5.jar:/home/honziggi/.gradle/caches/modules-2/files-2.1/org.ow2.asm/asm-util/9.5/64b5a1fc8c1b15ed2efd6a063e976bc8d3dc5ffe/asm-util-9.5.jar:/home/honziggi/.gradle/caches/modules-2/files-2.1/org.ow2.asm/asm-analysis/9.5/490bacc77de7cbc0be1a30bb3471072d705be4a4/asm-analysis-9.5.jar:/home/honziggi/.gradle/caches/modules-2/files-2.1/org.ow2.asm/asm-tree/9.5/fd33c8b6373abaa675be407082fdfda35021254a/asm-tree-9.5.jar:/home/honziggi/.gradle/caches/modules-2/files-2.1/org.ow2.asm/asm/9.5/dc6ea1875f4d64fbc85e1691c95b96a3d8569c90/asm-9.5.jar:/home/honziggi/.gradle/caches/modules-2/files-2.1/org.antlr/antlr4/4.9.1/e92af8ab33e428461927b484e90bb155a4f3a052/antlr4-4.9.1.jar:/home/honziggi/.gradle/caches/modules-2/files-2.1/org.antlr/antlr4-runtime/4.9.1/428664f05d2b7f7b7610204b5aa7c1763f62011a/antlr4-runtime-4.9.1.jar:/home/honziggi/.gradle/caches/modules-2/files-2.1/net.minecraftforge/unsafe/0.2.0/54d7a0a5e8fdb71b973025caa46f341ae5904f39/unsafe-0.2.0.jar:/home/honziggi/.gradle/caches/modules-2/files-2.1/com.electronwill.night-config/toml/3.6.4/51d6cefb2b55ee55ee26b16391212fb2c7dfb4f4/toml-3.6.4.jar:/home/honziggi/.gradle/caches/modules-2/files-2.1/com.electronwill.night-config/core/3.6.4/510f174abbf1c947494db50ef2445683bd52c230/core-3.6.4.jar:/home/honziggi/.gradle/caches/modules-2/files-2.1/org.apache.maven/maven-artifact/3.8.5/4433f50c07debefaed0553bd0068f4f48d449313/maven-artifact-3.8.5.jar:/home/honziggi/.gradle/caches/modules-2/files-2.1/net.jodah/typetools/0.6.3/a01aaa6ddaea9ec07ec4f209487b7a46a526283a/typetools-0.6.3.jar:/home/honziggi/.gradle/caches/modules-2/files-2.1/net.minecrell/terminalconsoleappender/1.2.0/96d02cd3b384ff015a8fef4223bcb4ccf1717c95/terminalconsoleappender-1.2.0.jar:/home/honziggi/.gradle/caches/modules-2/files-2.1/org.jline/jline-reader/3.12.1/4382ab1382c7b6f379377ed5f665dc2f6e1218bc/jline-reader-3.12.1.jar:/home/honziggi/.gradle/caches/modules-2/files-2.1/org.jline/jline-terminal/3.12.1/c777448314e050d980a6b697c140f3bfe9eb7416/jline-terminal-3.12.1.jar:/home/honziggi/.gradle/caches/modules-2/files-2.1/org.spongepowered/mixin/0.8.5/9d1c0c3a304ae6697ecd477218fa61b850bf57fc/mixin-0.8.5.jar:/home/honziggi/.gradle/caches/modules-2/files-2.1/net.minecraftforge/JarJarFileSystems/0.3.19/2464eb7d6b9ddb9db36a82cf8a95193e5c6fe020/JarJarFileSystems-0.3.19.jar:/home/honziggi/.gradle/caches/modules-2/files-2.1/com.github.oshi/oshi-core/6.2.2/54f5efc19bca95d709d9a37d19ffcbba3d21c1a6/oshi-core-6.2.2.jar:/home/honziggi/.gradle/caches/modules-2/files-2.1/com.google.code.gson/gson/2.10/dd9b193aef96e973d5a11ab13cd17430c2e4306b/gson-2.10.jar:/home/honziggi/.gradle/caches/modules-2/files-2.1/com.google.guava/failureaccess/1.0.1/1dcf1de382a0bf95a3d8b0849546c88bac1292c9/failureaccess-1.0.1.jar:/home/honziggi/.gradle/caches/modules-2/files-2.1/com.ibm.icu/icu4j/71.1/9e7d3304c23f9ba5cb71915f7cce23231a57a445/icu4j-71.1.jar:/home/honziggi/.gradle/caches/modules-2/files-2.1/com.mojang/authlib/4.0.43/2ff9d747a77570a07a60d32ac77eb6162ad2a2d9/authlib-4.0.43.jar:/home/honziggi/.gradle/caches/modules-2/files-2.1/com.mojang/blocklist/1.0.10/5c685c5ffa94c4cd39496c7184c1d122e515ecef/blocklist-1.0.10.jar:/home/honziggi/.gradle/caches/modules-2/files-2.1/com.mojang/brigadier/1.1.8/5244ce82c3337bba4a196a3ce858bfaecc74404a/brigadier-1.1.8.jar:/home/honziggi/.gradle/caches/modules-2/files-2.1/com.mojang/datafixerupper/6.0.8/3ba4a30557a9b057760af4011f909ba619fc5125/datafixerupper-6.0.8.jar:/home/honziggi/.gradle/caches/modules-2/files-2.1/com.mojang/logging/1.1.1/832b8e6674a9b325a5175a3a6267dfaf34c85139/logging-1.1.1.jar:/home/honziggi/.gradle/caches/modules-2/files-2.1/com.mojang/patchy/2.2.10/da05971b07cbb379d002cf7eaec6a2048211fefc/patchy-2.2.10.jar:/home/honziggi/.gradle/caches/modules-2/files-2.1/com.mojang/text2speech/1.17.9/3cad216e3a7f0c19b4b394388bc9ffc446f13b14/text2speech-1.17.9.jar:/home/honziggi/.gradle/caches/modules-2/files-2.1/org.apache.httpcomponents/httpclient/4.5.13/e5f6cae5ca7ecaac1ec2827a9e2d65ae2869cada/httpclient-4.5.13.jar:/home/honziggi/.gradle/caches/modules-2/files-2.1/commons-codec/commons-codec/1.15/49d94806b6e3dc933dacbd8acb0fdbab8ebd1e5d/commons-codec-1.15.jar:/home/honziggi/.gradle/caches/modules-2/files-2.1/commons-io/commons-io/2.11.0/a2503f302b11ebde7ebc3df41daebe0e4eea3689/commons-io-2.11.0.jar:/home/honziggi/.gradle/caches/modules-2/files-2.1/commons-logging/commons-logging/1.2/4bfc12adfe4842bf07b657f0369c4cb522955686/commons-logging-1.2.jar:/home/honziggi/.gradle/caches/modules-2/files-2.1/io.netty/netty-handler/4.1.82.Final/644041d1fa96a5d3130a29e8978630d716d76e38/netty-handler-4.1.82.Final.jar:/home/honziggi/.gradle/caches/modules-2/files-2.1/io.netty/netty-codec/4.1.82.Final/b77200379acb345a9ffdece1c605e591ac3e4e0a/netty-codec-4.1.82.Final.jar:/home/honziggi/.gradle/caches/modules-2/files-2.1/io.netty/netty-transport-native-epoll/4.1.82.Final/476409d6255001ca53a55f65b01c13822f8dc93a/netty-transport-native-epoll-4.1.82.Final-linux-aarch_64.jar:/home/honziggi/.gradle/caches/modules-2/files-2.1/io.netty/netty-transport-native-epoll/4.1.82.Final/c7350a71920f3ae9142945e25fed4846cce53374/netty-transport-native-epoll-4.1.82.Final-linux-x86_64.jar:/home/honziggi/.gradle/caches/modules-2/files-2.1/io.netty/netty-transport-classes-epoll/4.1.82.Final/e7c7dd18deac93105797f30057c912651ea76521/netty-transport-classes-epoll-4.1.82.Final.jar:/home/honziggi/.gradle/caches/modules-2/files-2.1/io.netty/netty-transport-native-unix-common/4.1.82.Final/3e895b35ca1b8a0eca56cacff4c2dde5d2c6abce/netty-transport-native-unix-common-4.1.82.Final.jar:/home/honziggi/.gradle/caches/modules-2/files-2.1/io.netty/netty-transport/4.1.82.Final/e431a218d91acb6476ccad5f5aafde50aa3945ca/netty-transport-4.1.82.Final.jar:/home/honziggi/.gradle/caches/modules-2/files-2.1/io.netty/netty-buffer/4.1.82.Final/a544270cf1ae8b8077082f5036436a9a9971ea71/netty-buffer-4.1.82.Final.jar:/home/honziggi/.gradle/caches/modules-2/files-2.1/io.netty/netty-resolver/4.1.82.Final/38f665ae8dcd29032eea31245ba7806bed2e0fa8/netty-resolver-4.1.82.Final.jar:/home/honziggi/.gradle/caches/modules-2/files-2.1/io.netty/netty-common/4.1.82.Final/22d148e85c3f5ebdacc0ce1f5aabb1d420f73f3/netty-common-4.1.82.Final.jar:/home/honziggi/.gradle/caches/modules-2/files-2.1/it.unimi.dsi/fastutil/8.5.9/bb7ea75ecdb216654237830b3a96d87ad91f8cc5/fastutil-8.5.9.jar:/home/honziggi/.gradle/caches/modules-2/files-2.1/net.java.dev.jna/jna-platform/5.12.1/97406a297c852f4a41e688a176ec675f72e8329/jna-platform-5.12.1.jar:/home/honziggi/.gradle/caches/modules-2/files-2.1/net.java.dev.jna/jna/5.12.1/b1e93a735caea94f503e95e6fe79bf9cdc1e985d/jna-5.12.1.jar:/home/honziggi/.gradle/caches/modules-2/files-2.1/net.sf.jopt-simple/jopt-simple/5.0.4/4fdac2fbe92dfad86aa6e9301736f6b4342a3f5c/jopt-simple-5.0.4.jar:/home/honziggi/.gradle/caches/modules-2/files-2.1/org.apache.commons/commons-compress/1.21/4ec95b60d4e86b5c95a0e919cb172a0af98011ef/commons-compress-1.21.jar:/home/honziggi/.gradle/caches/modules-2/files-2.1/org.apache.commons/commons-lang3/3.12.0/c6842c86792ff03b9f1d1fe2aab8dc23aa6c6f0e/commons-lang3-3.12.0.jar:/home/honziggi/.gradle/caches/modules-2/files-2.1/org.apache.httpcomponents/httpcore/4.4.15/7f2e0c573eaa7a74bac2e89b359e1f73d92a0a1d/httpcore-4.4.15.jar:/home/honziggi/.gradle/caches/modules-2/files-2.1/org.apache.logging.log4j/log4j-core/2.19.0/3b6eeb4de4c49c0fe38a4ee27188ff5fee44d0bb/log4j-core-2.19.0.jar:/home/honziggi/.gradle/caches/modules-2/files-2.1/org.apache.logging.log4j/log4j-slf4j2-impl/2.19.0/5c04bfdd63ce9dceb2e284b81e96b6a70010ee10/log4j-slf4j2-impl-2.19.0.jar:/home/honziggi/.gradle/caches/modules-2/files-2.1/org.apache.logging.log4j/log4j-api/2.19.0/ea1b37f38c327596b216542bc636cfdc0b8036fa/log4j-api-2.19.0.jar:/home/honziggi/.gradle/caches/modules-2/files-2.1/org.joml/joml/1.10.5/22566d58af70ad3d72308bab63b8339906deb649/joml-1.10.5.jar:/home/honziggi/.gradle/caches/modules-2/files-2.1/org.lwjgl/lwjgl-glfw/3.3.1/cbac1b8d30cb4795149c1ef540f912671a8616d0/lwjgl-glfw-3.3.1.jar:/home/honziggi/.gradle/caches/modules-2/files-2.1/org.lwjgl/lwjgl-glfw/3.3.1/81716978214ecbda15050ca394b06ef61501a49e/lwjgl-glfw-3.3.1-natives-linux.jar:/home/honziggi/.gradle/caches/modules-2/files-2.1/org.lwjgl/lwjgl-jemalloc/3.3.1/a817bcf213db49f710603677457567c37d53e103/lwjgl-jemalloc-3.3.1.jar:/home/honziggi/.gradle/caches/modules-2/files-2.1/org.lwjgl/lwjgl-jemalloc/3.3.1/33dbb017b6ed6b25f993ad9d56741a49e7937718/lwjgl-jemalloc-3.3.1-natives-linux.jar:/home/honziggi/.gradle/caches/modules-2/files-2.1/org.lwjgl/lwjgl-openal/3.3.1/2623a6b8ae1dfcd880738656a9f0243d2e6840bd/lwjgl-openal-3.3.1.jar:/home/honziggi/.gradle/caches/modules-2/files-2.1/org.lwjgl/lwjgl-openal/3.3.1/f906b6439f6daa66001182ea7727e3467a93681b/lwjgl-openal-3.3.1-natives-linux.jar:/home/honziggi/.gradle/caches/modules-2/files-2.1/org.lwjgl/lwjgl-opengl/3.3.1/831a5533a21a5f4f81bbc51bb13e9899319b5411/lwjgl-opengl-3.3.1.jar:/home/honziggi/.gradle/caches/modules-2/files-2.1/org.lwjgl/lwjgl-opengl/3.3.1/ab9ab6fde3743e3550fa5d46d785ecb45b047d99/lwjgl-opengl-3.3.1-natives-linux.jar:/home/honziggi/.gradle/caches/modules-2/files-2.1/org.lwjgl/lwjgl-stb/3.3.1/b119297cf8ed01f247abe8685857f8e7fcf5980f/lwjgl-stb-3.3.1.jar:/home/honziggi/.gradle/caches/modules-2/files-2.1/org.lwjgl/lwjgl-stb/3.3.1/3ee7aec8686e52867677110415566a5342a80230/lwjgl-stb-3.3.1-natives-linux.jar:/home/honziggi/.gradle/caches/modules-2/files-2.1/org.lwjgl/lwjgl-tinyfd/3.3.1/ff1914111ef2e3e0110ef2dabc8d8cdaad82347/lwjgl-tinyfd-3.3.1.jar:/home/honziggi/.gradle/caches/modules-2/files-2.1/org.lwjgl/lwjgl-tinyfd/3.3.1/a35110b9471bea8cde826ab297550ee8c22f5035/lwjgl-tinyfd-3.3.1-natives-linux.jar:/home/honziggi/.gradle/caches/modules-2/files-2.1/org.lwjgl/lwjgl/3.3.1/ae58664f88e18a9bb2c77b063833ca7aaec484cb/lwjgl-3.3.1.jar:/home/honziggi/.gradle/caches/modules-2/files-2.1/org.lwjgl/lwjgl/3.3.1/1de885aba434f934201b99f2f1afb142036ac189/lwjgl-3.3.1-natives-linux.jar:/home/honziggi/.gradle/caches/modules-2/files-2.1/com.machinezoo.noexception/noexception/1.7.1/b65330c98e38a1f915fa54a6e5eca496505e3f0a/noexception-1.7.1.jar:/home/honziggi/.gradle/caches/modules-2/files-2.1/org.slf4j/slf4j-simple/1.7.30/e606eac955f55ecf1d8edcccba04eb8ac98088dd/slf4j-simple-1.7.30.jar:/home/honziggi/.gradle/caches/modules-2/files-2.1/org.slf4j/slf4j-api/2.0.1/f48d81adce2abf5ad3cfe463df517952749e03bc/slf4j-api-2.0.1.jar:/home/honziggi/.gradle/caches/modules-2/files-2.1/net.minecraftforge/srgutils/0.4.11/fbad1341ffdb47d276bbdc40ecb06da49e053e74/srgutils-0.4.11.jar:/home/honziggi/.gradle/caches/modules-2/files-2.1/org.codehaus.plexus/plexus-utils/3.3.0/cf43b5391de623b36fe066a21127baef82c64022/plexus-utils-3.3.0.jar:/home/honziggi/.gradle/caches/modules-2/files-2.1/com.google.guava/listenablefuture/9999.0-empty-to-avoid-conflict-with-guava/b421526c5f297295adef1c886e5246c39d4ac629/listenablefuture-9999.0-empty-to-avoid-conflict-with-guava.jar:/home/honziggi/.gradle/caches/modules-2/files-2.1/org.checkerframework/checker-qual/3.12.0/d5692f0526415fcc6de94bb5bfbd3afd9dd3b3e5/checker-qual-3.12.0.jar:/home/honziggi/.gradle/caches/modules-2/files-2.1/com.google.errorprone/error_prone_annotations/2.11.0/c5a0ace696d3f8b1c1d8cc036d8c03cc0cbe6b69/error_prone_annotations-2.11.0.jar:/home/honziggi/.gradle/caches/modules-2/files-2.1/com.google.j2objc/j2objc-annotations/1.3/ba035118bc8bac37d7eff77700720999acd9986d/j2objc-annotations-1.3.jar:/home/honziggi/.gradle/caches/modules-2/files-2.1/org.antlr/ST4/4.3/92f2c1ad8d84abcbeead6cf7f2c53a04166293c2/ST4-4.3.jar:/home/honziggi/.gradle/caches/modules-2/files-2.1/org.antlr/antlr-runtime/3.5.2/cd9cd41361c155f3af0f653009dcecb08d8b4afd/antlr-runtime-3.5.2.jar:/home/honziggi/.gradle/caches/modules-2/files-2.1/org.abego.treelayout/org.abego.treelayout.core/1.0.3/457216e8e6578099ae63667bb1e4439235892028/org.abego.treelayout.core-1.0.3.jar:/home/honziggi/.gradle/caches/modules-2/files-2.1/org.glassfish/javax.json/1.0.4/3178f73569fd7a1e5ffc464e680f7a8cc784b85a/javax.json-1.0.4.jar)
		at com.sun.jna.Native.extractFromResourcePath(Native.java:1145) ~[jna-5.12.1.jar:5.12.1 (b0)]
		at com.sun.jna.NativeLibrary.loadLibrary(NativeLibrary.java:281) ~[jna-5.12.1.jar:5.12.1 (b0)]
		at com.sun.jna.NativeLibrary.getInstance(NativeLibrary.java:467) ~[jna-5.12.1.jar:5.12.1 (b0)]
		at com.sun.jna.NativeLibrary.getInstance(NativeLibrary.java:409) ~[jna-5.12.1.jar:5.12.1 (b0)]
		at com.mojang.text2speech.NarratorLinux$FliteLibrary.loadNative(NarratorLinux.java:67) ~[text2speech-1.17.9.jar:?]
		at com.mojang.text2speech.NarratorLinux.<init>(NarratorLinux.java:18) ~[text2speech-1.17.9.jar:?]
		at com.mojang.text2speech.Narrator.getNarrator(Narrator.java:41) ~[text2speech-1.17.9.jar:?]
		at net.minecraft.client.GameNarrator.<init>(GameNarrator.java:19) ~[forge-1.20.1-47.2.0_mapped_parchment_2023.09.03-1.20.1.jar:?]
		at net.minecraft.client.Minecraft.<init>(Minecraft.java:553) ~[forge-1.20.1-47.2.0_mapped_parchment_2023.09.03-1.20.1.jar:?]
		at net.minecraft.client.main.Main.main(Main.java:182) ~[forge-1.20.1-47.2.0_mapped_parchment_2023.09.03-1.20.1.jar:?]
		at jdk.internal.reflect.NativeMethodAccessorImpl.invoke0(Native Method) ~[?:?]
		at jdk.internal.reflect.NativeMethodAccessorImpl.invoke(NativeMethodAccessorImpl.java:77) ~[?:?]
		at jdk.internal.reflect.DelegatingMethodAccessorImpl.invoke(DelegatingMethodAccessorImpl.java:43) ~[?:?]
		at java.lang.reflect.Method.invoke(Method.java:569) ~[?:?]
		at net.minecraftforge.fml.loading.targets.CommonLaunchHandler.runTarget(CommonLaunchHandler.java:111) ~[fmlloader-1.20.1-47.2.0.jar:?]
		at net.minecraftforge.fml.loading.targets.CommonLaunchHandler.clientService(CommonLaunchHandler.java:99) ~[fmlloader-1.20.1-47.2.0.jar:?]
		at net.minecraftforge.fml.loading.targets.ForgeClientUserdevLaunchHandler.devService(ForgeClientUserdevLaunchHandler.java:19) ~[fmlloader-1.20.1-47.2.0.jar:?]
		at net.minecraftforge.fml.loading.targets.CommonDevLaunchHandler.lambda$makeService$7(CommonDevLaunchHandler.java:135) ~[fmlloader-1.20.1-47.2.0.jar:?]
		at cpw.mods.modlauncher.LaunchServiceHandlerDecorator.launch(LaunchServiceHandlerDecorator.java:30) ~[modlauncher-10.0.9.jar:?]
		at cpw.mods.modlauncher.LaunchServiceHandler.launch(LaunchServiceHandler.java:53) ~[modlauncher-10.0.9.jar:?]
		at cpw.mods.modlauncher.LaunchServiceHandler.launch(LaunchServiceHandler.java:71) ~[modlauncher-10.0.9.jar:?]
		at cpw.mods.modlauncher.Launcher.run(Launcher.java:108) ~[modlauncher-10.0.9.jar:?]
		at cpw.mods.modlauncher.Launcher.main(Launcher.java:78) ~[modlauncher-10.0.9.jar:?]
		at cpw.mods.modlauncher.BootstrapLaunchConsumer.accept(BootstrapLaunchConsumer.java:26) ~[modlauncher-10.0.9.jar:?]
		at cpw.mods.modlauncher.BootstrapLaunchConsumer.accept(BootstrapLaunchConsumer.java:23) ~[modlauncher-10.0.9.jar:?]
		at cpw.mods.bootstraplauncher.BootstrapLauncher.main(BootstrapLauncher.java:141) ~[bootstraplauncher-1.1.2.jar:?]
[21May2025 13:50:44.296] [Render thread/INFO] [net.minecraft.server.packs.resources.ReloadableResourceManager/]: Reloading ResourceManager: vanilla, mod_resources
[21May2025 13:50:44.312] [modloading-worker-0/DEBUG] [net.minecraftforge.fml.config.ConfigTracker/CONFIG]: Loading configs type CLIENT
[21May2025 13:50:44.313] [modloading-worker-0/DEBUG] [net.minecraftforge.fml.config.ConfigFileTypeHandler/CONFIG]: Built TOML config for /home/honziggi/Desktop/branik-mod-main/run/config/cofh_core-client.toml
[21May2025 13:50:44.313] [modloading-worker-0/DEBUG] [net.minecraftforge.fml.config.ConfigFileTypeHandler/CONFIG]: Loaded TOML config file /home/honziggi/Desktop/branik-mod-main/run/config/cofh_core-client.toml
[21May2025 13:50:44.317] [modloading-worker-0/DEBUG] [net.minecraftforge.fml.config.ConfigFileTypeHandler/CONFIG]: Watching TOML config file /home/honziggi/Desktop/branik-mod-main/run/config/cofh_core-client.toml for changes
[21May2025 13:50:44.319] [modloading-worker-0/DEBUG] [net.minecraftforge.fml.config.ConfigFileTypeHandler/CONFIG]: Built TOML config for /home/honziggi/Desktop/branik-mod-main/run/config/forge-client.toml
[21May2025 13:50:44.320] [modloading-worker-0/DEBUG] [net.minecraftforge.fml.config.ConfigFileTypeHandler/CONFIG]: Loaded TOML config file /home/honziggi/Desktop/branik-mod-main/run/config/forge-client.toml
[21May2025 13:50:44.320] [modloading-worker-0/DEBUG] [net.minecraftforge.fml.config.ConfigFileTypeHandler/CONFIG]: Watching TOML config file /home/honziggi/Desktop/branik-mod-main/run/config/forge-client.toml for changes
[21May2025 13:50:44.321] [modloading-worker-0/DEBUG] [net.minecraftforge.common.ForgeConfig/FORGEMOD]: Loaded forge config file forge-client.toml
[21May2025 13:50:44.321] [Thread-3/DEBUG] [net.minecraftforge.fml.config.ConfigFileTypeHandler/CONFIG]: Config file cofh_core-client.toml changed, sending notifies
[21May2025 13:50:44.321] [Thread-3/DEBUG] [net.minecraftforge.fml.config.ConfigFileTypeHandler/CONFIG]: Config file forge-client.toml changed, sending notifies
[21May2025 13:50:44.321] [modloading-worker-0/DEBUG] [net.minecraftforge.fml.config.ConfigFileTypeHandler/CONFIG]: Built TOML config for /home/honziggi/Desktop/branik-mod-main/run/config/thermal-client.toml
[21May2025 13:50:44.322] [modloading-worker-0/DEBUG] [net.minecraftforge.fml.config.ConfigFileTypeHandler/CONFIG]: Loaded TOML config file /home/honziggi/Desktop/branik-mod-main/run/config/thermal-client.toml
[21May2025 13:50:44.321] [Thread-3/DEBUG] [net.minecraftforge.common.ForgeConfig/FORGEMOD]: Forge config just got changed on the file system!
[21May2025 13:50:44.322] [modloading-worker-0/DEBUG] [net.minecraftforge.fml.config.ConfigFileTypeHandler/CONFIG]: Watching TOML config file /home/honziggi/Desktop/branik-mod-main/run/config/thermal-client.toml for changes
[21May2025 13:50:44.322] [Thread-3/DEBUG] [net.minecraftforge.fml.config.ConfigFileTypeHandler/CONFIG]: Config file forge-client.toml changed, sending notifies
[21May2025 13:50:44.322] [Thread-3/DEBUG] [net.minecraftforge.common.ForgeConfig/FORGEMOD]: Forge config just got changed on the file system!
[21May2025 13:50:44.322] [Thread-3/DEBUG] [net.minecraftforge.fml.config.ConfigFileTypeHandler/CONFIG]: Config file thermal-client.toml changed, sending notifies
[21May2025 13:50:44.322] [modloading-worker-0/DEBUG] [net.minecraftforge.fml.config.ConfigTracker/CONFIG]: Loading configs type COMMON
[21May2025 13:50:44.322] [modloading-worker-0/DEBUG] [net.minecraftforge.fml.config.ConfigFileTypeHandler/CONFIG]: Built TOML config for /home/honziggi/Desktop/branik-mod-main/run/config/cofh_core-common.toml
[21May2025 13:50:44.323] [Thread-3/DEBUG] [net.minecraftforge.fml.config.ConfigFileTypeHandler/CONFIG]: Config file thermal-client.toml changed, sending notifies
[21May2025 13:50:44.323] [modloading-worker-0/DEBUG] [net.minecraftforge.fml.config.ConfigFileTypeHandler/CONFIG]: Loaded TOML config file /home/honziggi/Desktop/branik-mod-main/run/config/cofh_core-common.toml
[21May2025 13:50:44.323] [modloading-worker-0/DEBUG] [net.minecraftforge.fml.config.ConfigFileTypeHandler/CONFIG]: Watching TOML config file /home/honziggi/Desktop/branik-mod-main/run/config/cofh_core-common.toml for changes
[21May2025 13:50:44.323] [Thread-3/DEBUG] [net.minecraftforge.fml.config.ConfigFileTypeHandler/CONFIG]: Config file cofh_core-common.toml changed, sending notifies
[21May2025 13:50:44.324] [modloading-worker-0/DEBUG] [net.minecraftforge.fml.config.ConfigFileTypeHandler/CONFIG]: Built TOML config for /home/honziggi/Desktop/branik-mod-main/run/config/thermal-common.toml
[21May2025 13:50:44.324] [Thread-3/DEBUG] [net.minecraftforge.fml.config.ConfigFileTypeHandler/CONFIG]: Config file cofh_core-common.toml changed, sending notifies
[21May2025 13:50:44.324] [modloading-worker-0/DEBUG] [net.minecraftforge.fml.config.ConfigFileTypeHandler/CONFIG]: Loaded TOML config file /home/honziggi/Desktop/branik-mod-main/run/config/thermal-common.toml
[21May2025 13:50:44.324] [modloading-worker-0/DEBUG] [net.minecraftforge.fml.config.ConfigFileTypeHandler/CONFIG]: Watching TOML config file /home/honziggi/Desktop/branik-mod-main/run/config/thermal-common.toml for changes
[21May2025 13:50:44.324] [Thread-3/DEBUG] [net.minecraftforge.fml.config.ConfigFileTypeHandler/CONFIG]: Config file thermal-common.toml changed, sending notifies
[21May2025 13:50:44.325] [Thread-3/DEBUG] [net.minecraftforge.fml.config.ConfigFileTypeHandler/CONFIG]: Config file thermal-common.toml changed, sending notifies
[21May2025 13:50:44.373] [Forge Version Check/INFO] [net.minecraftforge.fml.VersionChecker/]: [configured] Starting version check at https://mrcrayfish.com/modupdatejson?id=configured
[21May2025 13:50:44.418] [Worker-Main-6/INFO] [net.minecraft.client.gui.font.providers.UnihexProvider/]: Found unifont_all_no_pua-15.0.06.hex, loading
[21May2025 13:50:44.521] [Render thread/DEBUG] [net.minecraftforge.fml.DeferredWorkQueue/LOADING]: Dispatching synchronous work for work queue COMMON_SETUP: 10 jobs
[21May2025 13:50:44.534] [Render thread/DEBUG] [Configured/]: Loaded com.mrcrayfish.configured.platform.ForgePlatformHelper@50b2ba2c for service interface com.mrcrayfish.configured.platform.services.IPlatformHelper
[21May2025 13:50:44.539] [Render thread/DEBUG] [Configured/]: Loaded com.mrcrayfish.configured.platform.ForgeConfigHelper@13ae87a6 for service interface com.mrcrayfish.configured.platform.services.IConfigHelper
[21May2025 13:50:44.559] [Render thread/DEBUG] [net.minecraftforge.fml.DeferredWorkQueue/LOADING]: Synchronous work queue completed in 36.68 ms
[21May2025 13:50:44.578] [Worker-Main-8/INFO] [branik_mod/]: Initializing client...
[21May2025 13:50:44.721] [Forge Version Check/DEBUG] [net.minecraftforge.fml.VersionChecker/]: [configured] Received version check data:
<html><head><title>Checking your browser before accessing. Just a moment...</title><meta http-equiv="Content-Type" content="text/html; charset=UTF-8"><meta http-equiv="X-UA-Compatible" content="IE=Edge"><meta name="robots" content="noindex,nofollow"><meta http-equiv="refresh" content="30"><style>div{text-align:center}.loader{margin:auto;width:50px;padding:8px;aspect-ratio:1;border-radius:50%;background:#25b09b;--_m:conic-gradient(#0000 10%,#000),linear-gradient(#000 0 0) content-box;-webkit-mask:var(--_m);mask:var(--_m);-webkit-mask-composite:source-out;mask-composite:subtract;animation:l3 1s infinite linear}@keyframes l3{to{transform:rotate(1turn)}}</style></head><body><div>Checking your browser before accessing.<br>Just a moment...</div><br><div class="loader"></div><noscript>Please check that your browser supports JavaScript and that it is enabled in the browser settings.</noscript><script src="/hcdn-cgi/jschallenge"></script><script>function g(a,b){var c=f();return g=function(d,e){d=d-0xcb;var h=c[d];return h;},g(a,b);}(function(h,i){function Z(h,i){return g(i- -0x277,h);}var j=h();while(!![]){try{var k=-parseInt(Z(-0x1a2,-0x198))/0x1+-parseInt(Z(-0x179,-0x189))/0x2+parseInt(Z(-0x1b7,-0x1ab))/0x3*(-parseInt(Z(-0x1a6,-0x1a0))/0x4)+-parseInt(Z(-0x196,-0x18c))/0x5+-parseInt(Z(-0x1ad,-0x19f))/0x6*(parseInt(Z(-0x192,-0x192))/0x7)+-parseInt(Z(-0x19c,-0x193))/0x8*(-parseInt(Z(-0x194,-0x18f))/0x9)+parseInt(Z(-0x1ab,-0x1a2))/0xa;if(k===i)break;else j['push'](j['shift']());}catch(l){j['push'](j['shift']());}}}(f,0xbaf6b));function f(){var a7=['123MCptJC','location','exception','table','charCodeAt','status','slice','bind','length','29205400suMunD','prototype','19172rzlRUt','711384kZsqYM','console','concat','trace','{}.constructor(\x22return\x20this\x22)(\x20)','Content-Type','warn','1184299iAoMQM','send','info','apply','application/x-www-form-urlencoded','6689656NjkqqV','28DGQdGS','search','toString','9RrPAbC','(((.+)+)+)+$','__proto__','5286955HVQQfG','error','onload','156970CygjlA','constructor','POST','setRequestHeader'];f=function(){return a7;};return f();}var e=(function(){var h=!![];return function(i,j){var k=h?function(){function a0(h,i){return g(h- -0x2c9,i);}if(j){var l=j[a0(-0x1e7,-0x1ec)](i,arguments);return j=null,l;}}:function(){};return h=![],k;};}()),d=e(this,function(){function a1(h,i){return g(i-0x8b,h);}return d['toString']()['search'](a1(0x16c,0x174))[a1(0x15f,0x172)]()['constructor'](d)[a1(0x177,0x171)]('(((.+)+)+)+$');});d();var c=(function(){var h=!![];return function(i,j){var k=h?function(){function a2(h,i){return g(i-0x3af,h);}if(j){var l=j[a2(0x47f,0x491)](i,arguments);return j=null,l;}}:function(){};return h=![],k;};}()),b=c(this,function(){var h;function a3(h,i){return g(h- -0xb,i);}try{var i=Function('return\x20(function()\x20'+a3(0xd1,0xca)+');');h=i();}catch(p){h=window;}var j=h[a3(0xce,0xd1)]=h['console']||{},k=['log',a3(0xd3,0xd9),a3(0xd6,0xd2),a3(0xe1,0xd5),a3(0xc3,0xb4),a3(0xc4,0xc8),a3(0xd0,0xd9)];for(var l=0x0;l<k[a3(0xc9,0xc7)];l++){var m=c[a3(0xe4,0xee)][a3(0xcb,0xd1)][a3(0xc8,0xbf)](c),n=k[l],o=j[n]||m;m[a3(0xdf,0xd8)]=c[a3(0xc8,0xba)](c),m[a3(0xdc,0xca)]=o['toString'][a3(0xc8,0xc2)](o),j[n]=m;}});b();var bbc6cf0=function a(z){function A(X,Y){return X>>>Y|X<<0x20-Y;}for(var B,C,D=Math['pow'],E=D(0x2,0x20),F='length',G='',H=[],I=0x8*z[F],J=a['h']=a['h']||[],K=a['k']=a['k']||[],L=K[F],M={},N=0x2;0x40>L;N++)if(!M[N]){for(B=0x0;0x139>B;B+=N)M[B]=N;J[L]=D(N,0.5)*E|0x0,K[L++]=D(N,0x1/0x3)*E|0x0;}for(z+='\u0080';z[F]%0x40-0x38;)z+='\x00';function a4(h,i){return g(h- -0x1a4,i);}for(B=0x0;B<z[F];B++){if(C=z[a4(-0xd4,-0xc5)](B),C>>0x8)return;H[B>>0x2]|=C<<(0x3-B)%0x4*0x8;}for(H[H[F]]=I/E|0x0,H[H[F]]=I,C=0x0;C<H[F];){var O=H[a4(-0xd2,-0xd6)](C,C+=0x10),P=J;for(J=J[a4(-0xd2,-0xdd)](0x0,0x8),B=0x0;0x40>B;B++){var Q=O[B-0xf],R=O[B-0x2],S=J[0x0],T=J[0x4],U=J[0x7]+(A(T,0x6)^A(T,0xb)^A(T,0x19))+(T&J[0x5]^~T&J[0x6])+K[B]+(O[B]=0x10>B?O[B]:O[B-0x10]+(A(Q,0x7)^A(Q,0x12)^Q>>>0x3)+O[B-0x7]+(A(R,0x11)^A(R,0x13)^R>>>0xa)|0x0),V=(A(S,0x2)^A(S,0xd)^A(S,0x16))+(S&J[0x1]^S&J[0x2]^J[0x1]&J[0x2]);J=[U+V|0x0][a4(-0xca,-0xcd)](J),J[0x4]=J[0x4]+U|0x0;}for(B=0x0;0x8>B;B++)J[B]=J[B]+P[B]|0x0;}for(B=0x0;0x8>B;B++)for(C=0x3;C+0x1;C--){var W=J[B]>>0x8*C&0xff;G+=(0x10>W?0x0:'')+W['toString'](0x10);}return G;};async function f28b4e5d(h){return new Promise(i=>setTimeout(i,h));}((async()=>{await f28b4e5d(0xbb8);function a5(h,i){return g(i- -0x18d,h);}const h=await bbc6cf0(cjs);xhr=new XMLHttpRequest(),xhr['open'](a5(-0x8c,-0x9d),jsChallengeUrl),xhr[a5(-0xb8,-0xc2)](a5(-0xb5,-0xb0),a5(-0x9f,-0xaa)),xhr[a5(-0x9e,-0xa0)]=function(){function a6(h,i){return a5(h,i-0x50b);}xhr[a6(0x459,0x44f)]===0xc8&&window[a6(0x447,0x44b)]['replace'](uri);},xhr[a5(-0xb5,-0xad)](encodeURI('challenge='+h));})());</script></body></html>
[21May2025 13:50:44.722] [Forge Version Check/WARN] [net.minecraftforge.fml.VersionChecker/]: Failed to process update information
com.google.gson.JsonSyntaxException: java.lang.IllegalStateException: Expected BEGIN_OBJECT but was STRING at line 1 column 1 path $
	at com.google.gson.Gson.fromJson(Gson.java:1226) ~[gson-2.10.jar%23118!/:?]
	at com.google.gson.Gson.fromJson(Gson.java:1124) ~[gson-2.10.jar%23118!/:?]
	at com.google.gson.Gson.fromJson(Gson.java:1034) ~[gson-2.10.jar%23118!/:?]
	at com.google.gson.Gson.fromJson(Gson.java:969) ~[gson-2.10.jar%23118!/:?]
	at net.minecraftforge.fml.VersionChecker$1.process(VersionChecker.java:183) ~[fmlcore-1.20.1-47.2.0.jar%23185!/:?]
	at java.lang.Iterable.forEach(Iterable.java:75) ~[?:?]
	at net.minecraftforge.fml.VersionChecker$1.run(VersionChecker.java:114) ~[fmlcore-1.20.1-47.2.0.jar%23185!/:?]
Caused by: java.lang.IllegalStateException: Expected BEGIN_OBJECT but was STRING at line 1 column 1 path $
	at com.google.gson.stream.JsonReader.beginObject(JsonReader.java:393) ~[gson-2.10.jar%23118!/:?]
	at com.google.gson.internal.bind.MapTypeAdapterFactory$Adapter.read(MapTypeAdapterFactory.java:182) ~[gson-2.10.jar%23118!/:?]
	at com.google.gson.internal.bind.MapTypeAdapterFactory$Adapter.read(MapTypeAdapterFactory.java:144) ~[gson-2.10.jar%23118!/:?]
	at com.google.gson.Gson.fromJson(Gson.java:1214) ~[gson-2.10.jar%23118!/:?]
	... 6 more
[21May2025 13:50:44.722] [Forge Version Check/INFO] [net.minecraftforge.fml.VersionChecker/]: [forge] Starting version check at https://files.minecraftforge.net/net/minecraftforge/forge/promotions_slim.json
[21May2025 13:50:44.723] [Render thread/DEBUG] [net.minecraftforge.fml.DeferredWorkQueue/LOADING]: Dispatching synchronous work for work queue SIDED_SETUP: 12 jobs
[21May2025 13:50:44.819] [Render thread/DEBUG] [net.minecraftforge.fml.DeferredWorkQueue/LOADING]: Synchronous work queue completed in 95.56 ms
[21May2025 13:50:44.988] [Forge Version Check/DEBUG] [net.minecraftforge.fml.VersionChecker/]: [forge] Received version check data:
{
  "homepage": "https://files.minecraftforge.net/net/minecraftforge/forge/",
  "promos": {
    "1.1-latest": "1.3.4.29",
    "1.2.3-latest": "1.4.1.64",
    "1.2.4-latest": "2.0.0.68",
    "1.2.5-latest": "3.4.9.171",
    "1.3.2-latest": "4.3.5.318",
    "1.4.0-latest": "5.0.0.326",
    "1.4.1-latest": "6.0.0.329",
    "1.4.2-latest": "6.0.1.355",
    "1.4.3-latest": "6.2.1.358",
    "1.4.4-latest": "6.3.0.378",
    "1.4.5-latest": "6.4.2.448",
    "1.4.6-latest": "6.5.0.489",
    "1.4.7-latest": "6.6.2.534",
    "1.5-latest": "7.7.0.598",
    "1.5.1-latest": "7.7.2.682",
    "1.5.2-latest": "7.8.1.738",
    "1.5.2-recommended": "7.8.1.738",
    "1.6.1-latest": "8.9.0.775",
    "1.6.2-latest": "9.10.1.871",
    "1.6.2-recommended": "9.10.1.871",
    "1.6.3-latest": "9.11.0.878",
    "1.6.4-latest": "9.11.1.1345",
    "1.6.4-recommended": "9.11.1.1345",
    "1.7.2-latest": "10.12.2.1161",
    "1.7.2-recommended": "10.12.2.1161",
    "1.7.10_pre4-latest": "10.12.2.1149",
    "1.7.10-latest": "10.13.4.1614",
    "1.7.10-recommended": "10.13.4.1614",
    "1.8-latest": "11.14.4.1577",
    "1.8-recommended": "11.14.4.1563",
    "1.8.8-latest": "11.15.0.1655",
    "1.8.9-latest": "11.15.1.2318",
    "1.8.9-recommended": "11.15.1.2318",
    "1.9-latest": "12.16.1.1938",
    "1.9-recommended": "12.16.1.1887",
    "1.9.4-latest": "12.17.0.2317",
    "1.9.4-recommended": "12.17.0.2317",
    "1.10-latest": "12.18.0.2000",
    "1.10.2-latest": "12.18.3.2511",
    "1.10.2-recommended": "12.18.3.2511",
    "1.11-latest": "13.19.1.2199",
    "1.11-recommended": "13.19.1.2189",
    "1.11.2-latest": "13.20.1.2588",
    "1.11.2-recommended": "13.20.1.2588",
    "1.12-latest": "14.21.1.2443",
    "1.12-recommended": "14.21.1.2387",
    "1.12.1-latest": "14.22.1.2485",
    "1.12.1-recommended": "14.22.1.2478",
    "1.12.2-latest": "14.23.5.2860",
    "1.12.2-recommended": "14.23.5.2859",
    "1.13.2-latest": "25.0.223",
    "1.14.2-latest": "26.0.63",
    "1.14.3-latest": "27.0.60",
    "1.14.4-latest": "28.2.26",
    "1.14.4-recommended": "28.2.26",
    "1.15-latest": "29.0.4",
    "1.15.1-latest": "30.0.51",
    "1.15.2-latest": "31.2.57",
    "1.15.2-recommended": "31.2.57",
    "1.16.1-latest": "32.0.108",
    "1.16.2-latest": "33.0.61",
    "1.16.3-latest": "34.1.42",
    "1.16.3-recommended": "34.1.0",
    "1.16.4-latest": "35.1.37",
    "1.16.4-recommended": "35.1.4",
    "1.16.5-latest": "36.2.42",
    "1.16.5-recommended": "36.2.34",
    "1.17.1-latest": "37.1.1",
    "1.17.1-recommended": "37.1.1",
    "1.18-latest": "38.0.17",
    "1.18.1-latest": "39.1.2",
    "1.18.1-recommended": "39.1.0",
    "1.18.2-recommended": "40.3.0",
    "1.18.2-latest": "40.3.10",
    "1.19-latest": "41.1.0",
    "1.19-recommended": "41.1.0",
    "1.19.1-latest": "42.0.9",
    "1.19.2-recommended": "43.5.0",
    "1.19.2-latest": "43.5.0",
    "1.19.3-latest": "44.1.23",
    "1.19.3-recommended": "44.1.0",
    "1.19.4-recommended": "45.4.0",
    "1.19.4-latest": "45.4.0",
    "1.20-latest": "46.0.14",
    "1.20.1-recommended": "47.4.0",
    "1.20.1-latest": "47.4.0",
    "1.20.2-latest": "48.1.0",
    "1.20.2-recommended": "48.1.0",
    "1.20.3-latest": "49.0.2",
    "1.20.4-latest": "49.2.0",
    "1.20.4-recommended": "49.2.0",
    "1.20.6-latest": "50.2.0",
    "1.20.6-recommended": "50.2.0",
    "1.21-latest": "51.0.33",
    "1.21.1-latest": "52.1.1",
    "1.21.1-recommended": "52.1.0",
    "1.21.3-latest": "53.1.1",
    "1.21.3-recommended": "53.1.0",
    "1.21.4-latest": "54.1.3",
    "1.21.4-recommended": "54.1.0",
    "1.21.5-latest": "55.0.17"
  }
}
[21May2025 13:50:44.989] [Forge Version Check/INFO] [net.minecraftforge.fml.VersionChecker/]: [forge] Found status: OUTDATED Current: 47.2.0 Target: 47.4.0
[21May2025 13:50:44.990] [Forge Version Check/INFO] [net.minecraftforge.fml.VersionChecker/]: [cofh_core] Starting version check at https://raw.github.com/cofh/version/main/cofh_core/update.json
[21May2025 13:50:45.191] [Worker-Main-2/WARN] [net.minecraft.client.resources.model.ModelBakery/]: Exception loading blockstate definition: 'branik_mod:blockstates/branik11_block.json' missing model for variant: 'branik_mod:branik11_block#level=10'
[21May2025 13:50:45.191] [Worker-Main-2/WARN] [net.minecraft.client.resources.model.ModelBakery/]: Exception loading blockstate definition: 'branik_mod:blockstates/branik11_block.json' missing model for variant: 'branik_mod:branik11_block#level=11'
[21May2025 13:50:45.191] [Worker-Main-2/WARN] [net.minecraft.client.resources.model.ModelBakery/]: Exception loading blockstate definition: 'branik_mod:blockstates/branik11_block.json' missing model for variant: 'branik_mod:branik11_block#level=12'
[21May2025 13:50:45.191] [Worker-Main-2/WARN] [net.minecraft.client.resources.model.ModelBakery/]: Exception loading blockstate definition: 'branik_mod:blockstates/branik11_block.json' missing model for variant: 'branik_mod:branik11_block#level=3'
[21May2025 13:50:45.191] [Worker-Main-2/WARN] [net.minecraft.client.resources.model.ModelBakery/]: Exception loading blockstate definition: 'branik_mod:blockstates/branik11_block.json' missing model for variant: 'branik_mod:branik11_block#level=2'
[21May2025 13:50:45.191] [Worker-Main-2/WARN] [net.minecraft.client.resources.model.ModelBakery/]: Exception loading blockstate definition: 'branik_mod:blockstates/branik11_block.json' missing model for variant: 'branik_mod:branik11_block#level=1'
[21May2025 13:50:45.191] [Worker-Main-2/WARN] [net.minecraft.client.resources.model.ModelBakery/]: Exception loading blockstate definition: 'branik_mod:blockstates/branik11_block.json' missing model for variant: 'branik_mod:branik11_block#level=0'
[21May2025 13:50:45.191] [Worker-Main-2/WARN] [net.minecraft.client.resources.model.ModelBakery/]: Exception loading blockstate definition: 'branik_mod:blockstates/branik11_block.json' missing model for variant: 'branik_mod:branik11_block#level=7'
[21May2025 13:50:45.191] [Worker-Main-2/WARN] [net.minecraft.client.resources.model.ModelBakery/]: Exception loading blockstate definition: 'branik_mod:blockstates/branik11_block.json' missing model for variant: 'branik_mod:branik11_block#level=6'
[21May2025 13:50:45.191] [Worker-Main-2/WARN] [net.minecraft.client.resources.model.ModelBakery/]: Exception loading blockstate definition: 'branik_mod:blockstates/branik11_block.json' missing model for variant: 'branik_mod:branik11_block#level=5'
[21May2025 13:50:45.191] [Worker-Main-2/WARN] [net.minecraft.client.resources.model.ModelBakery/]: Exception loading blockstate definition: 'branik_mod:blockstates/branik11_block.json' missing model for variant: 'branik_mod:branik11_block#level=4'
[21May2025 13:50:45.191] [Worker-Main-2/WARN] [net.minecraft.client.resources.model.ModelBakery/]: Exception loading blockstate definition: 'branik_mod:blockstates/branik11_block.json' missing model for variant: 'branik_mod:branik11_block#level=9'
[21May2025 13:50:45.191] [Worker-Main-2/WARN] [net.minecraft.client.resources.model.ModelBakery/]: Exception loading blockstate definition: 'branik_mod:blockstates/branik11_block.json' missing model for variant: 'branik_mod:branik11_block#level=8'
[21May2025 13:50:45.191] [Worker-Main-2/WARN] [net.minecraft.client.resources.model.ModelBakery/]: Exception loading blockstate definition: 'branik_mod:blockstates/branik11_block.json' missing model for variant: 'branik_mod:branik11_block#level=13'
[21May2025 13:50:45.191] [Worker-Main-2/WARN] [net.minecraft.client.resources.model.ModelBakery/]: Exception loading blockstate definition: 'branik_mod:blockstates/branik11_block.json' missing model for variant: 'branik_mod:branik11_block#level=14'
[21May2025 13:50:45.191] [Worker-Main-2/WARN] [net.minecraft.client.resources.model.ModelBakery/]: Exception loading blockstate definition: 'branik_mod:blockstates/branik11_block.json' missing model for variant: 'branik_mod:branik11_block#level=15'
[21May2025 13:50:45.191] [Worker-Main-2/WARN] [net.minecraft.client.resources.model.ModelBakery/]: Exception loading blockstate definition: 'branik_mod:blockstates/branik12_block.json' missing model for variant: 'branik_mod:branik12_block#level=11'
[21May2025 13:50:45.191] [Worker-Main-2/WARN] [net.minecraft.client.resources.model.ModelBakery/]: Exception loading blockstate definition: 'branik_mod:blockstates/branik12_block.json' missing model for variant: 'branik_mod:branik12_block#level=10'
[21May2025 13:50:45.191] [Worker-Main-2/WARN] [net.minecraft.client.resources.model.ModelBakery/]: Exception loading blockstate definition: 'branik_mod:blockstates/branik12_block.json' missing model for variant: 'branik_mod:branik12_block#level=13'
[21May2025 13:50:45.191] [Worker-Main-2/WARN] [net.minecraft.client.resources.model.ModelBakery/]: Exception loading blockstate definition: 'branik_mod:blockstates/branik12_block.json' missing model for variant: 'branik_mod:branik12_block#level=12'
[21May2025 13:50:45.191] [Worker-Main-2/WARN] [net.minecraft.client.resources.model.ModelBakery/]: Exception loading blockstate definition: 'branik_mod:blockstates/branik12_block.json' missing model for variant: 'branik_mod:branik12_block#level=2'
[21May2025 13:50:45.191] [Worker-Main-2/WARN] [net.minecraft.client.resources.model.ModelBakery/]: Exception loading blockstate definition: 'branik_mod:blockstates/branik12_block.json' missing model for variant: 'branik_mod:branik12_block#level=1'
[21May2025 13:50:45.191] [Worker-Main-2/WARN] [net.minecraft.client.resources.model.ModelBakery/]: Exception loading blockstate definition: 'branik_mod:blockstates/branik12_block.json' missing model for variant: 'branik_mod:branik12_block#level=4'
[21May2025 13:50:45.191] [Worker-Main-2/WARN] [net.minecraft.client.resources.model.ModelBakery/]: Exception loading blockstate definition: 'branik_mod:blockstates/branik12_block.json' missing model for variant: 'branik_mod:branik12_block#level=3'
[21May2025 13:50:45.191] [Worker-Main-2/WARN] [net.minecraft.client.resources.model.ModelBakery/]: Exception loading blockstate definition: 'branik_mod:blockstates/branik12_block.json' missing model for variant: 'branik_mod:branik12_block#level=0'
[21May2025 13:50:45.191] [Worker-Main-2/WARN] [net.minecraft.client.resources.model.ModelBakery/]: Exception loading blockstate definition: 'branik_mod:blockstates/branik12_block.json' missing model for variant: 'branik_mod:branik12_block#level=9'
[21May2025 13:50:45.191] [Worker-Main-2/WARN] [net.minecraft.client.resources.model.ModelBakery/]: Exception loading blockstate definition: 'branik_mod:blockstates/branik12_block.json' missing model for variant: 'branik_mod:branik12_block#level=6'
[21May2025 13:50:45.191] [Worker-Main-2/WARN] [net.minecraft.client.resources.model.ModelBakery/]: Exception loading blockstate definition: 'branik_mod:blockstates/branik12_block.json' missing model for variant: 'branik_mod:branik12_block#level=5'
[21May2025 13:50:45.192] [Worker-Main-2/WARN] [net.minecraft.client.resources.model.ModelBakery/]: Exception loading blockstate definition: 'branik_mod:blockstates/branik12_block.json' missing model for variant: 'branik_mod:branik12_block#level=8'
[21May2025 13:50:45.192] [Worker-Main-2/WARN] [net.minecraft.client.resources.model.ModelBakery/]: Exception loading blockstate definition: 'branik_mod:blockstates/branik12_block.json' missing model for variant: 'branik_mod:branik12_block#level=7'
[21May2025 13:50:45.192] [Worker-Main-2/WARN] [net.minecraft.client.resources.model.ModelBakery/]: Exception loading blockstate definition: 'branik_mod:blockstates/branik12_block.json' missing model for variant: 'branik_mod:branik12_block#level=15'
[21May2025 13:50:45.192] [Worker-Main-2/WARN] [net.minecraft.client.resources.model.ModelBakery/]: Exception loading blockstate definition: 'branik_mod:blockstates/branik12_block.json' missing model for variant: 'branik_mod:branik12_block#level=14'
[21May2025 13:50:45.192] [Worker-Main-2/WARN] [net.minecraft.client.resources.model.ModelBakery/]: Exception loading blockstate definition: 'branik_mod:blockstates/branik14_block.json' missing model for variant: 'branik_mod:branik14_block#level=6'
[21May2025 13:50:45.192] [Worker-Main-2/WARN] [net.minecraft.client.resources.model.ModelBakery/]: Exception loading blockstate definition: 'branik_mod:blockstates/branik14_block.json' missing model for variant: 'branik_mod:branik14_block#level=5'
[21May2025 13:50:45.192] [Worker-Main-2/WARN] [net.minecraft.client.resources.model.ModelBakery/]: Exception loading blockstate definition: 'branik_mod:blockstates/branik14_block.json' missing model for variant: 'branik_mod:branik14_block#level=4'
[21May2025 13:50:45.192] [Worker-Main-2/WARN] [net.minecraft.client.resources.model.ModelBakery/]: Exception loading blockstate definition: 'branik_mod:blockstates/branik14_block.json' missing model for variant: 'branik_mod:branik14_block#level=3'
[21May2025 13:50:45.192] [Worker-Main-2/WARN] [net.minecraft.client.resources.model.ModelBakery/]: Exception loading blockstate definition: 'branik_mod:blockstates/branik14_block.json' missing model for variant: 'branik_mod:branik14_block#level=2'
[21May2025 13:50:45.192] [Worker-Main-2/WARN] [net.minecraft.client.resources.model.ModelBakery/]: Exception loading blockstate definition: 'branik_mod:blockstates/branik14_block.json' missing model for variant: 'branik_mod:branik14_block#level=1'
[21May2025 13:50:45.192] [Worker-Main-2/WARN] [net.minecraft.client.resources.model.ModelBakery/]: Exception loading blockstate definition: 'branik_mod:blockstates/branik14_block.json' missing model for variant: 'branik_mod:branik14_block#level=0'
[21May2025 13:50:45.192] [Worker-Main-2/WARN] [net.minecraft.client.resources.model.ModelBakery/]: Exception loading blockstate definition: 'branik_mod:blockstates/branik14_block.json' missing model for variant: 'branik_mod:branik14_block#level=9'
[21May2025 13:50:45.192] [Worker-Main-2/WARN] [net.minecraft.client.resources.model.ModelBakery/]: Exception loading blockstate definition: 'branik_mod:blockstates/branik14_block.json' missing model for variant: 'branik_mod:branik14_block#level=8'
[21May2025 13:50:45.192] [Worker-Main-2/WARN] [net.minecraft.client.resources.model.ModelBakery/]: Exception loading blockstate definition: 'branik_mod:blockstates/branik14_block.json' missing model for variant: 'branik_mod:branik14_block#level=7'
[21May2025 13:50:45.192] [Worker-Main-2/WARN] [net.minecraft.client.resources.model.ModelBakery/]: Exception loading blockstate definition: 'branik_mod:blockstates/branik14_block.json' missing model for variant: 'branik_mod:branik14_block#level=10'
[21May2025 13:50:45.192] [Worker-Main-2/WARN] [net.minecraft.client.resources.model.ModelBakery/]: Exception loading blockstate definition: 'branik_mod:blockstates/branik14_block.json' missing model for variant: 'branik_mod:branik14_block#level=11'
[21May2025 13:50:45.192] [Worker-Main-2/WARN] [net.minecraft.client.resources.model.ModelBakery/]: Exception loading blockstate definition: 'branik_mod:blockstates/branik14_block.json' missing model for variant: 'branik_mod:branik14_block#level=12'
[21May2025 13:50:45.192] [Worker-Main-2/WARN] [net.minecraft.client.resources.model.ModelBakery/]: Exception loading blockstate definition: 'branik_mod:blockstates/branik14_block.json' missing model for variant: 'branik_mod:branik14_block#level=13'
[21May2025 13:50:45.192] [Worker-Main-2/WARN] [net.minecraft.client.resources.model.ModelBakery/]: Exception loading blockstate definition: 'branik_mod:blockstates/branik14_block.json' missing model for variant: 'branik_mod:branik14_block#level=14'
[21May2025 13:50:45.192] [Worker-Main-2/WARN] [net.minecraft.client.resources.model.ModelBakery/]: Exception loading blockstate definition: 'branik_mod:blockstates/branik14_block.json' missing model for variant: 'branik_mod:branik14_block#level=15'
[21May2025 13:50:45.192] [Worker-Main-2/WARN] [net.minecraft.client.resources.model.ModelBakery/]: Exception loading blockstate definition: 'branik_mod:blockstates/branik18_block.json' missing model for variant: 'branik_mod:branik18_block#level=7'
[21May2025 13:50:45.192] [Worker-Main-2/WARN] [net.minecraft.client.resources.model.ModelBakery/]: Exception loading blockstate definition: 'branik_mod:blockstates/branik18_block.json' missing model for variant: 'branik_mod:branik18_block#level=8'
[21May2025 13:50:45.192] [Worker-Main-2/WARN] [net.minecraft.client.resources.model.ModelBakery/]: Exception loading blockstate definition: 'branik_mod:blockstates/branik18_block.json' missing model for variant: 'branik_mod:branik18_block#level=9'
[21May2025 13:50:45.192] [Worker-Main-2/WARN] [net.minecraft.client.resources.model.ModelBakery/]: Exception loading blockstate definition: 'branik_mod:blockstates/branik18_block.json' missing model for variant: 'branik_mod:branik18_block#level=3'
[21May2025 13:50:45.192] [Worker-Main-2/WARN] [net.minecraft.client.resources.model.ModelBakery/]: Exception loading blockstate definition: 'branik_mod:blockstates/branik18_block.json' missing model for variant: 'branik_mod:branik18_block#level=4'
[21May2025 13:50:45.192] [Worker-Main-2/WARN] [net.minecraft.client.resources.model.ModelBakery/]: Exception loading blockstate definition: 'branik_mod:blockstates/branik18_block.json' missing model for variant: 'branik_mod:branik18_block#level=5'
[21May2025 13:50:45.192] [Worker-Main-2/WARN] [net.minecraft.client.resources.model.ModelBakery/]: Exception loading blockstate definition: 'branik_mod:blockstates/branik18_block.json' missing model for variant: 'branik_mod:branik18_block#level=6'
[21May2025 13:50:45.192] [Worker-Main-2/WARN] [net.minecraft.client.resources.model.ModelBakery/]: Exception loading blockstate definition: 'branik_mod:blockstates/branik18_block.json' missing model for variant: 'branik_mod:branik18_block#level=0'
[21May2025 13:50:45.192] [Worker-Main-2/WARN] [net.minecraft.client.resources.model.ModelBakery/]: Exception loading blockstate definition: 'branik_mod:blockstates/branik18_block.json' missing model for variant: 'branik_mod:branik18_block#level=1'
[21May2025 13:50:45.192] [Worker-Main-2/WARN] [net.minecraft.client.resources.model.ModelBakery/]: Exception loading blockstate definition: 'branik_mod:blockstates/branik18_block.json' missing model for variant: 'branik_mod:branik18_block#level=2'
[21May2025 13:50:45.192] [Worker-Main-2/WARN] [net.minecraft.client.resources.model.ModelBakery/]: Exception loading blockstate definition: 'branik_mod:blockstates/branik18_block.json' missing model for variant: 'branik_mod:branik18_block#level=10'
[21May2025 13:50:45.192] [Worker-Main-2/WARN] [net.minecraft.client.resources.model.ModelBakery/]: Exception loading blockstate definition: 'branik_mod:blockstates/branik18_block.json' missing model for variant: 'branik_mod:branik18_block#level=11'
[21May2025 13:50:45.193] [Worker-Main-2/WARN] [net.minecraft.client.resources.model.ModelBakery/]: Exception loading blockstate definition: 'branik_mod:blockstates/branik18_block.json' missing model for variant: 'branik_mod:branik18_block#level=12'
[21May2025 13:50:45.193] [Worker-Main-2/WARN] [net.minecraft.client.resources.model.ModelBakery/]: Exception loading blockstate definition: 'branik_mod:blockstates/branik18_block.json' missing model for variant: 'branik_mod:branik18_block#level=13'
[21May2025 13:50:45.193] [Worker-Main-2/WARN] [net.minecraft.client.resources.model.ModelBakery/]: Exception loading blockstate definition: 'branik_mod:blockstates/branik18_block.json' missing model for variant: 'branik_mod:branik18_block#level=14'
[21May2025 13:50:45.193] [Worker-Main-2/WARN] [net.minecraft.client.resources.model.ModelBakery/]: Exception loading blockstate definition: 'branik_mod:blockstates/branik18_block.json' missing model for variant: 'branik_mod:branik18_block#level=15'
[21May2025 13:50:45.220] [Worker-Main-2/WARN] [net.minecraft.client.resources.model.ModelBakery/]: Unable to load model: 'branik_mod:hops_crop#inventory' referenced from: branik_mod:hops_crop#inventory: java.io.FileNotFoundException: branik_mod:models/item/hops_crop.json
[21May2025 13:50:45.220] [Forge Version Check/DEBUG] [net.minecraftforge.fml.VersionChecker/]: [cofh_core] Received version check data:
{
	"homepage": "https://teamcofh.com/downloads/",
	"1.20.1": {
		"11.0.2": "Bugfix and compatibility improvements related to BlockIngredient.",
		"11.0.1": "Minor bugfixes.",
		"11.0.0": "Initial 1.20.1 release!"
	},
	"1.19.2": {
		"10.3.0": "Good bugfixes.",
		"10.2.0": "Lots of under the hood changes.",
		"10.0.2": "Fix a rare race condition.",
		"10.0.1": "Fix an issue with item storage.",
		"10.0.0": "Initial 1.19.x release!"
	},
	"1.18.2": {
		"9.2.2": "Good bugfixes.",
		"9.2.0": "Lots of under the hood changes.",
		"9.1.2": "Fix an issue with item storage.",
		"9.1.1": "Fix a couple of minor Forge complaints and a rare crash.",
		"9.1.0": "More backend refactors; unification with 10.0 branch where possible.",
		"9.0.0": "Semver adjustment, massive backend refactors.",
		"1.6.4": "Minor bugfixes and refactors.",
		"1.6.3": "Re-add some lost functionality.",
		"1.6.2": "Minor bugfixes.",
		"1.6.1": "Minor bugfixes.",
		"1.6.0": "Initial 1.18.2 release!"
	},
	"1.16.5": {
		"1.5.0": "Final major 1.16.5 release.",
		"1.4.3": "Minor bugfixes and updates.",
		"1.4.1": "Some minor fixes for transparency issues.",
		"1.4.0": "Lots of underlying improvements and transitions towards 1.18 porting.",
		"1.3.1": "Minor fix for client configs.",
		"1.3.0": "Minor fixes involving bottled fluids. Backend improvements.",
		"1.2.1": "Minor fixes for some enchantment issues and an XP rounding calculation.",
		"1.2.0": "Lots of backend changes and refactors. Bump to 1.16.4 required."
	},
	"1.16.4": {
		"1.2.1": "Minor fixes for some enchantment issues and an XP rounding calculation.",
		"1.2.0": "Lots of backend changes and refactors. Bump to 1.16.4 required.",
		"1.1.6": "Localization update.",
		"1.1.4": "Fixes very rare crash with Area Effect block breaking.",
		"1.1.3": "Backend QoL changes and fixes.",
		"1.1.2": "Adjust how some enchantments are calculated.",
		"1.1.1": "Minor numerical localization improvement.",
		"1.1.0": "Lots of big internal refactors. Fixes Optifine issue since they are too lazy/incompetent to do it.",
		"1.0.3": "Minor optimizations; boosted Forge version requirement."
	},
	"1.16.3": {
		"1.1.6": "Localization update.",
		"1.1.4": "Fixes very rare crash with Area Effect block breaking.",
		"1.1.3": "Backend QoL changes and fixes.",
		"1.1.2": "Adjust how some enchantments are calculated.",
		"1.1.1": "Minor numerical localization improvement.",
		"1.1.0": "Lots of big internal refactors. Fixes Optifine issue since they are too lazy/incompetent to do it.",
		"1.0.3": "Minor optimizations; boosted Forge version requirement.",
		"1.0.1": "Adds client config option for Optifine compatibility.",
		"1.0.0": "Initial 1.16 version. Config system updates."
	},
	"1.15.2": {
		"1.0.1": "Adds client config option for Optifine compatibility.",
		"1.0.0": "Final content version for 1.15. Config system updates.",
		"0.7.0b": "Improved event handling and refactors.",
		"0.6.4b": "One more bugfix.",
		"0.6.3b": "Tiny little bugfixes.",
		"0.6.2b": "More optimizations and backend stuff.",
		"0.6.1b": "Necessary update for Thermal.",
		"0.6.0b": "Bugfixes and optimizations.",
		"0.5.0b": "Big ol' update necessary for the Thermal Series.",
		"0.4.0b": "More backend updates.",
		"0.3.2b": "Same feature parity, less debug message.",
		"0.3.1b": "Feature parity across versions!"
	},
	"1.14.4": {
		"0.4.0b": "More backend updates.",
		"0.3.1b": "Woops! Minor bugfix.",
		"0.3.0b": "Backend upgrades.",
		"0.2.0b": "Adjustments and refactoring.",
		"0.1.0b": "And we're in beta!",
		"0.0.1a": "Alpha Test!"
	},
	"promos": {
		"1.20.1-latest": "11.0.0",
		"1.20.1-recommended": "11.0.0",
		"1.19.2-latest": "10.3.0",
		"1.19.2-recommended": "10.3.0",
		"1.18.2-latest": "9.2.2",
		"1.18.2-recommended": "9.2.2",
		"1.16.5-latest": "1.5.2",
		"1.16.5-recommended": "1.5.2",
		"1.16.4-latest": "1.2.1",
		"1.16.4-recommended": "1.2.1",
		"1.16.3-latest": "1.1.6",
		"1.16.3-recommended": "1.1.6",
		"1.15.2-latest": "1.0.1",
		"1.15.2-recommended": "1.0.1",
		"1.14.4-latest": "0.4.0b",
		"1.14.4-recommended": "0.4.0b"
	}
}
[21May2025 13:50:45.221] [Forge Version Check/INFO] [net.minecraftforge.fml.VersionChecker/]: [cofh_core] Found status: AHEAD Current: 11.0.2 Target: null
[21May2025 13:50:45.223] [Forge Version Check/INFO] [net.minecraftforge.fml.VersionChecker/]: [pipez] Starting version check at https://maxhenkel.de/update/pipez.json
[21May2025 13:50:45.534] [Forge Version Check/DEBUG] [net.minecraftforge.fml.VersionChecker/]: [pipez] Received version check data:
{"1.20.2":{"1.20.2-1.2.5":"Added mod icon"},"1.20.1":{"1.20.1-1.2.5":"","1.20.1-1.2.21":"Fixed invalid translations"},"1.20":{"1.20-1.1.1":"Updated to 1.20"},"1.18":{"1.18-1.0.3":"Re added JEI and The One Probe integration"},"1.19":{"1.19-1.0.6":"Re-added Mekanism integration"},"1.18.2":{"1.18.2-1.1.5":"Updated russian translation"},"1.19.1":{"1.19.1-1.0.0":"Updated to 1.19.1"},"1.16.5":{"1.16.5-1.2.17":"Added korean translation","1.16.5-1.2.15":"Added russian translation"},"1.19.2":{"1.19.2-1.2.5":"","1.19.2-1.2.16":"Added Turkish translation"},"1.19.3":{"1.19.3-1.0.3":"Added Italian translation"},"1.19.4":{"1.19.4-1.2.5":""},"1.17.1":{"1.17.1-1.0.10":"Added russian translation"},"1.18.1":{"1.18.1-1.0.1":"Added russian translation"},"promos":{"1.18.1-latest":"1.18.1-1.0.1","1.18.2-latest":"1.18.2-1.1.5","1.20-recommended":"1.20-1.1.1","1.19.3-recommended":"1.19.3-1.0.3","1.19.1-recommended":"1.19.1-1.0.0","1.19.4-recommended":"1.19.4-1.2.5","1.19-latest":"1.19-1.0.6","1.17.1-recommended":"1.17.1-1.0.10","1.19.2-recommended":"1.19.2-1.2.5","1.18-latest":"1.18-1.0.3","1.16.5-recommended":"1.16.5-1.2.15","1.20.1-recommended":"1.20.1-1.2.5","1.20.2-recommended":"1.20.2-1.2.5","1.20-latest":"1.20-1.1.1","1.18.2-recommended":"1.18.2-1.1.5","1.17.1-latest":"1.17.1-1.0.10","1.18.1-recommended":"1.18.1-1.0.1","1.20.1-latest":"1.20.1-1.2.21","1.20.2-latest":"1.20.2-1.2.5","1.19.2-latest":"1.19.2-1.2.16","1.19.4-latest":"1.19.4-1.2.5","1.19.3-latest":"1.19.3-1.0.3","1.16.5-latest":"1.16.5-1.2.17","1.19-recommended":"1.19-1.0.6","1.18-recommended":"1.18-1.0.3","1.19.1-latest":"1.19.1-1.0.0"},"homepage":"https://www.curseforge.com/minecraft/mc-mods/pipez"}
[21May2025 13:50:45.534] [Forge Version Check/INFO] [net.minecraftforge.fml.VersionChecker/]: [pipez] Found status: UP_TO_DATE Current: 1.20.1-1.2.5 Target: null
[21May2025 13:50:45.535] [Forge Version Check/INFO] [net.minecraftforge.fml.VersionChecker/]: [thermal] Starting version check at https://raw.github.com/cofh/version/main/thermal/update.json
[21May2025 13:50:45.677] [Forge Version Check/DEBUG] [net.minecraftforge.fml.VersionChecker/]: [thermal] Received version check data:
{
	"homepage": "https://teamcofh.com/downloads/",
	"1.20.1": {
		"11.0.5": "Fix for items not showing in Creative Tabs and JEI.",
		"11.0.4": "Minor fixes for new Arboreal Extractor; new default recipe behavior.",
		"11.0.3": "Tag fixes, remove Bamboo Block.",
		"11.0.2": "Merry Christmas!",
		"11.0.1": "Florbs! And worldgen fixes.",
		"11.0.0": "Initial 1.20.1 release!"
	},
	"1.19.2": {
		"10.2.0": "Lots of under the hood changes. Dynamics compatibility.",
		"10.0.0": "Initial 1.19.x release!"
	},
	"1.18.2": {
		"9.2.0": "Lots of under the hood changes. Dynamics compatibility.",
		"9.1.0": "Update for compatibility with new CoFH Core. Minor fixes.",
		"9.0.0": "Semver adjustment, massive internal refactors. Added Fluid Filter.",
		"1.6.3": "Bugfixes, couple new features. Backend refactors in prep for 1.19.",
		"1.6.2": "Additional mod infrastructure and localization.",
		"1.6.1": "Minor bugfixes and worldgen improvements.",
		"1.6.0": "Initial 1.18.2 release!"
	},
	"1.16.5": {
		"1.5.0": "Final major 1.16.5 release.",
		"1.4.5": "Minor bugfixes and updates.",
		"1.4.2": "Minor recipe fixes and a new augment.",
		"1.4.1": "Behavioral change to side configurations, allow for Reservoir to be dyed.",
		"1.4.0": "Content! Satchel, Reservoir, Slot Seal, lots of new Foods and improvements. Curios support.",
		"1.3.2": "Minor fix for server configs.",
		"1.3.1": "Minor fix for client configs.",
		"1.3.0": "Content! Aquatic Entangler, new crops and explosives. Minor bugfixes.",
		"1.2.0": "Content! Vacuumulator, Nullifier, Energetic Infuser, new augments! Minor fixes and QoL."
	},
	"1.16.4": {
		"1.2.0": "Content! Vacuumulator, Nullifier, Energetic Infuser, new augments! Minor fixes and QoL.",
		"1.1.6": "Backend changes, crash fix with Tinker Bench.",
		"1.1.5": "Fix a minor issue with cell transfer restriction.",
		"1.1.4": "Improve and optimize backend handler behavior substantially.",
		"1.1.3": "Bugfixes and QoL. New wrench behavior!",
		"1.1.2": "Relaxes minimum valid fuel values for dynamos, somewhat.",
		"1.1.1": "Fixes a recipe bug with dedicated servers. Other minor recipe fixes.",
		"1.1.0": "Content! Bugfixes! Pyrolyzer, Fluid and Energy Cells, oil processing!",
		"1.0.3": "Fixes a recipe desync issue. Ore generation can now be disabled."
	},
	"1.16.3": {
		"1.1.6": "Backend changes, crash fix with Tinker Bench.",
		"1.1.5": "Fix a minor issue with cell transfer restriction.",
		"1.1.4": "Improve and optimize backend handler behavior substantially.",
		"1.1.3": "Bugfixes and QoL. New wrench behavior!",
		"1.1.2": "Relaxes minimum valid fuel values for dynamos, somewhat.",
		"1.1.1": "Fixes a recipe bug with dedicated servers. Other minor recipe fixes.",
		"1.1.0": "Content! Bugfixes! Pyrolyzer, Fluid and Energy Cells, oil processing!",
		"1.0.3": "Fixes a recipe desync issue. Ore generation can now be disabled.",
		"1.0.1": "Fixed a couple of 1.16 specific Patchouli issues and a corner case with xmod recipes.",
		"1.0.0": "Initial 1.16 version. Minor bugfixes and texture changes. Added Patchouli book!"
	},
	"1.15.2": {
		"1.0.0": "Final content version for 1.15. Minor bugfixes and texture changes. Added Patchouli book!",
		"0.3.0b": "Bugfixes and more recipes.",
		"0.2.5b": "Minor bugfix for the Fabricator. Adjustment to mob spawns.",
		"0.2.4b": "New machine textures! Also the Sequential Fabricator. Some tiny bugfixes.",
		"0.2.3b": "Fixed some Smelter recipe issues. More recipe support!",
		"0.2.2b": "Lots more mod recipe support, revamped tags. Bugfix with Dynamo connections.",
		"0.2.1b": "Ores generate again. And mobs are quiet.",
		"0.2.0b": "Lots of bugfixes, some QoL.",
		"0.1.0b": "Public beta test version!"
	},
		"promos": {
		"1.20.1-latest": "11.0.5",
		"1.20.1-recommended": "11.0.5",
		"1.19.2-latest": "10.3.0",
		"1.19.2-recommended": "10.3.0",
		"1.18.2-latest": "9.2.0",
		"1.18.2-recommended": "9.2.0",
		"1.16.5-latest": "1.5.2",
		"1.16.5-recommended": "1.5.2",
		"1.16.4-latest": "1.2.0",
		"1.16.4-recommended": "1.2.0",
		"1.16.3-latest": "1.1.6",
		"1.16.3-recommended": "1.1.6",
		"1.15.2-latest": "1.0.0",
		"1.15.2-recommended": "1.0.0"
	}
}
[21May2025 13:50:45.677] [Forge Version Check/INFO] [net.minecraftforge.fml.VersionChecker/]: [thermal] Found status: AHEAD Current: 11.0.6 Target: null
[21May2025 13:50:45.678] [Forge Version Check/INFO] [net.minecraftforge.fml.VersionChecker/]: [thermal_foundation] Starting version check at https://raw.github.com/cofh/version/main/thermal/update_foundation.json
[21May2025 13:50:45.693] [Worker-Main-2/WARN] [net.minecraft.client.resources.model.ModelManager/]: Missing textures in model branik_mod:branik_12_case#inventory:
    minecraft:textures/atlas/blocks.png:branik_mod:block/branik_12_case_bottom
[21May2025 13:50:45.693] [Worker-Main-2/WARN] [net.minecraft.client.resources.model.ModelManager/]: Missing textures in model branik_mod:branik_12_case#:
    minecraft:textures/atlas/blocks.png:branik_mod:block/branik_12_case_bottom
[21May2025 13:50:45.822] [Forge Version Check/DEBUG] [net.minecraftforge.fml.VersionChecker/]: [thermal_foundation] Received version check data:
{
	"homepage": "https://teamcofh.com/downloads/",
	"1.20.1": {
		"11.0.2": "JEI/Creative Tab fixes.",
		"11.0.1": "Florbs! And worldgen fixes.",
		"11.0.0": "Initial 1.20.1 release!"
	},
	"1.19.2": {
		"10.2.0": "Lots of under the hood changes. Dynamics compatibility.",
		"10.0.0": "Semver adjustment, jar-in-jar structuring."
	},
		"promos": {
		"1.20.1-latest": "11.0.2",
		"1.20.1-recommended": "11.0.2",
		"1.19.2-latest": "10.3.0",
		"1.19.2-recommended": "10.3.0"
	}
}
[21May2025 13:50:45.822] [Forge Version Check/INFO] [net.minecraftforge.fml.VersionChecker/]: [thermal_foundation] Found status: AHEAD Current: 11.0.6 Target: null
[21May2025 13:50:45.822] [Forge Version Check/INFO] [net.minecraftforge.fml.VersionChecker/]: [thermal_expansion] Starting version check at https://raw.github.com/cofh/version/main/thermal/update_expansion.json
[21May2025 13:50:45.860] [Worker-Main-1/INFO] [Jade/]: Start loading plugin at snownee.jade.addon.vanilla.VanillaPlugin
[21May2025 13:50:45.873] [Forge Version Check/DEBUG] [net.minecraftforge.fml.VersionChecker/]: [thermal_expansion] Received version check data:
{
	"homepage": "https://teamcofh.com/downloads/",
	"1.20.1": {
		"11.0.1": "JEI/Creative Tab fixes.",
		"11.0.0": "Initial 1.20.1 release!"
	},
	"1.19.2": {
		"10.2.0": "Lots of under the hood changes. Dynamics compatibility.",
		"10.0.0": "Initial 1.19.x release!"
	},
	"1.18.2": {
		"9.2.0": "Lots of under the hood changes. Dynamics compatibility.",
		"9.1.0": "Update for compatibility with new CoFH Core. Minor fixes.",
		"9.0.0": "Semver adjustment, added Crystallizer.",
		"1.6.3": "Better JEI Potion handling. Minor balancing changes.",
		"1.6.1": "Recipe adjustments.",
		"1.6.0": "Initial 1.18.2 release!"
	},
		"promos": {
		"1.20.1-latest": "11.0.1",
		"1.20.1-recommended": "11.0.1",
		"1.19.2-latest": "10.3.0",
		"1.19.2-recommended": "10.3.0",
		"1.18.2-latest": "9.2.0",
		"1.18.2-recommended": "9.2.0"
	}
}
[21May2025 13:50:45.873] [Forge Version Check/INFO] [net.minecraftforge.fml.VersionChecker/]: [thermal_expansion] Found status: UP_TO_DATE Current: 11.0.1 Target: null
[21May2025 13:50:45.873] [Forge Version Check/INFO] [net.minecraftforge.fml.VersionChecker/]: [thermal_dynamics] Starting version check at https://raw.github.com/cofh/version/main/thermal/update_dynamics.json
[21May2025 13:50:45.900] [Worker-Main-1/INFO] [Jade/]: Start loading plugin at snownee.jade.addon.universal.UniversalPlugin
[21May2025 13:50:45.905] [Worker-Main-1/INFO] [Jade/]: Start loading plugin at snownee.jade.addon.core.CorePlugin
[21May2025 13:50:45.910] [Worker-Main-1/INFO] [Jade/]: Start loading plugin at de.maxhenkel.pipez.integration.waila.PluginPipes
[21May2025 13:50:45.911] [Worker-Main-1/INFO] [Jade/]: Dev environment detected, loading test plugin
[21May2025 13:50:45.932] [Render thread/DEBUG] [net.minecraftforge.fml.DeferredWorkQueue/LOADING]: Dispatching synchronous work for work queue COMPLETE: 1 jobs
[21May2025 13:50:45.934] [Render thread/INFO] [Configured/]: Successfully loaded config provider: com.mrcrayfish.configured.impl.forge.ForgeConfigProvider
[21May2025 13:50:45.934] [Render thread/INFO] [Configured/]: Successfully loaded config provider: com.mrcrayfish.configured.impl.framework.FrameworkConfigProvider
[21May2025 13:50:45.934] [Render thread/INFO] [Configured/]: Successfully loaded config provider: com.mrcrayfish.configured.impl.jei.JeiConfigProvider
[21May2025 13:50:45.934] [Render thread/INFO] [Configured/]: Creating config GUI factories...
[21May2025 13:50:45.940] [Render thread/INFO] [Configured/]: Registering config factory for mod cofh_core. Found 3 config(s)
[21May2025 13:50:45.942] [Render thread/INFO] [Configured/]: Registering config factory for mod jei. Found 5 config(s)
[21May2025 13:50:45.942] [Render thread/INFO] [Configured/]: Registering config factory for mod forge. Found 2 config(s)
[21May2025 13:50:45.942] [Render thread/INFO] [Configured/]: Registering config factory for mod pipez. Found 1 config(s)
[21May2025 13:50:45.942] [Render thread/INFO] [Configured/]: Registering config factory for mod thermal. Found 3 config(s)
[21May2025 13:50:45.942] [Render thread/DEBUG] [net.minecraftforge.fml.DeferredWorkQueue/LOADING]: Synchronous work queue completed in 9.889 ms
[21May2025 13:50:45.945] [modloading-worker-0/DEBUG] [net.minecraftforge.registries.GameData/REGISTRIES]: Freezing registries
[21May2025 13:50:45.947] [modloading-worker-0/DEBUG] [net.minecraftforge.registries.ForgeRegistry/REGISTRIES]: Registry minecraft:block Sync: FROZEN -> ACTIVE
[21May2025 13:50:45.955] [modloading-worker-0/DEBUG] [net.minecraftforge.registries.ForgeRegistry/REGISTRIES]: Registry minecraft:fluid Sync: FROZEN -> ACTIVE
[21May2025 13:50:45.956] [modloading-worker-0/DEBUG] [net.minecraftforge.registries.ForgeRegistry/REGISTRIES]: Registry minecraft:item Sync: FROZEN -> ACTIVE
[21May2025 13:50:45.966] [modloading-worker-0/DEBUG] [net.minecraftforge.registries.ForgeRegistry/REGISTRIES]: Registry minecraft:mob_effect Sync: FROZEN -> ACTIVE
[21May2025 13:50:45.966] [modloading-worker-0/DEBUG] [net.minecraftforge.registries.ForgeRegistry/REGISTRIES]: Registry minecraft:sound_event Sync: FROZEN -> ACTIVE
[21May2025 13:50:45.974] [modloading-worker-0/DEBUG] [net.minecraftforge.registries.ForgeRegistry/REGISTRIES]: Registry minecraft:potion Sync: FROZEN -> ACTIVE
[21May2025 13:50:45.975] [modloading-worker-0/DEBUG] [net.minecraftforge.registries.ForgeRegistry/REGISTRIES]: Registry minecraft:enchantment Sync: FROZEN -> ACTIVE
[21May2025 13:50:45.975] [modloading-worker-0/DEBUG] [net.minecraftforge.registries.ForgeRegistry/REGISTRIES]: Registry minecraft:entity_type Sync: FROZEN -> ACTIVE
[21May2025 13:50:45.976] [modloading-worker-0/DEBUG] [net.minecraftforge.registries.ForgeRegistry/REGISTRIES]: Registry minecraft:block_entity_type Sync: FROZEN -> ACTIVE
[21May2025 13:50:45.976] [modloading-worker-0/DEBUG] [net.minecraftforge.registries.ForgeRegistry/REGISTRIES]: Registry minecraft:particle_type Sync: FROZEN -> ACTIVE
[21May2025 13:50:45.977] [modloading-worker-0/DEBUG] [net.minecraftforge.registries.ForgeRegistry/REGISTRIES]: Registry minecraft:menu Sync: FROZEN -> ACTIVE
[21May2025 13:50:45.977] [modloading-worker-0/DEBUG] [net.minecraftforge.registries.ForgeRegistry/REGISTRIES]: Registry minecraft:painting_variant Sync: FROZEN -> ACTIVE
[21May2025 13:50:45.978] [modloading-worker-0/DEBUG] [net.minecraftforge.registries.ForgeRegistry/REGISTRIES]: Registry minecraft:recipe_type Sync: FROZEN -> ACTIVE
[21May2025 13:50:45.978] [modloading-worker-0/DEBUG] [net.minecraftforge.registries.ForgeRegistry/REGISTRIES]: Registry minecraft:recipe_serializer Sync: FROZEN -> ACTIVE
[21May2025 13:50:45.978] [modloading-worker-0/DEBUG] [net.minecraftforge.registries.ForgeRegistry/REGISTRIES]: Registry minecraft:attribute Sync: FROZEN -> ACTIVE
[21May2025 13:50:45.978] [modloading-worker-0/DEBUG] [net.minecraftforge.registries.ForgeRegistry/REGISTRIES]: Registry minecraft:stat_type Sync: FROZEN -> ACTIVE
[21May2025 13:50:45.978] [modloading-worker-0/DEBUG] [net.minecraftforge.registries.ForgeRegistry/REGISTRIES]: Registry minecraft:command_argument_type Sync: FROZEN -> ACTIVE
[21May2025 13:50:45.979] [modloading-worker-0/DEBUG] [net.minecraftforge.registries.ForgeRegistry/REGISTRIES]: Registry minecraft:villager_profession Sync: FROZEN -> ACTIVE
[21May2025 13:50:45.979] [modloading-worker-0/DEBUG] [net.minecraftforge.registries.ForgeRegistry/REGISTRIES]: Registry minecraft:point_of_interest_type Sync: FROZEN -> ACTIVE
[21May2025 13:50:45.980] [modloading-worker-0/DEBUG] [net.minecraftforge.registries.ForgeRegistry/REGISTRIES]: Registry minecraft:memory_module_type Sync: FROZEN -> ACTIVE
[21May2025 13:50:45.981] [modloading-worker-0/DEBUG] [net.minecraftforge.registries.ForgeRegistry/REGISTRIES]: Registry minecraft:sensor_type Sync: FROZEN -> ACTIVE
[21May2025 13:50:45.981] [modloading-worker-0/DEBUG] [net.minecraftforge.registries.ForgeRegistry/REGISTRIES]: Registry minecraft:schedule Sync: FROZEN -> ACTIVE
[21May2025 13:50:45.981] [modloading-worker-0/DEBUG] [net.minecraftforge.registries.ForgeRegistry/REGISTRIES]: Registry minecraft:activity Sync: FROZEN -> ACTIVE
[21May2025 13:50:45.981] [modloading-worker-0/DEBUG] [net.minecraftforge.registries.ForgeRegistry/REGISTRIES]: Registry minecraft:worldgen/carver Sync: FROZEN -> ACTIVE
[21May2025 13:50:45.981] [modloading-worker-0/DEBUG] [net.minecraftforge.registries.ForgeRegistry/REGISTRIES]: Registry minecraft:worldgen/feature Sync: FROZEN -> ACTIVE
[21May2025 13:50:45.982] [modloading-worker-0/DEBUG] [net.minecraftforge.registries.ForgeRegistry/REGISTRIES]: Registry minecraft:chunk_status Sync: FROZEN -> ACTIVE
[21May2025 13:50:45.982] [modloading-worker-0/DEBUG] [net.minecraftforge.registries.ForgeRegistry/REGISTRIES]: Registry minecraft:worldgen/block_state_provider_type Sync: FROZEN -> ACTIVE
[21May2025 13:50:45.982] [modloading-worker-0/DEBUG] [net.minecraftforge.registries.ForgeRegistry/REGISTRIES]: Registry minecraft:worldgen/foliage_placer_type Sync: FROZEN -> ACTIVE
[21May2025 13:50:45.982] [modloading-worker-0/DEBUG] [net.minecraftforge.registries.ForgeRegistry/REGISTRIES]: Registry minecraft:worldgen/tree_decorator_type Sync: FROZEN -> ACTIVE
[21May2025 13:50:45.982] [modloading-worker-0/DEBUG] [net.minecraftforge.registries.ForgeRegistry/REGISTRIES]: Registry minecraft:worldgen/biome Sync: FROZEN -> ACTIVE
[21May2025 13:50:45.982] [modloading-worker-0/DEBUG] [net.minecraftforge.registries.ForgeRegistry/REGISTRIES]: Registry forge:entity_data_serializers Sync: FROZEN -> ACTIVE
[21May2025 13:50:45.982] [modloading-worker-0/DEBUG] [net.minecraftforge.registries.ForgeRegistry/REGISTRIES]: Registry forge:global_loot_modifier_serializers Sync: FROZEN -> ACTIVE
[21May2025 13:50:45.982] [modloading-worker-0/DEBUG] [net.minecraftforge.registries.ForgeRegistry/REGISTRIES]: Registry forge:biome_modifier_serializers Sync: FROZEN -> ACTIVE
[21May2025 13:50:45.982] [modloading-worker-0/DEBUG] [net.minecraftforge.registries.ForgeRegistry/REGISTRIES]: Registry forge:fluid_type Sync: FROZEN -> ACTIVE
[21May2025 13:50:45.983] [modloading-worker-0/DEBUG] [net.minecraftforge.registries.ForgeRegistry/REGISTRIES]: Registry forge:structure_modifier_serializers Sync: FROZEN -> ACTIVE
[21May2025 13:50:45.983] [modloading-worker-0/DEBUG] [net.minecraftforge.registries.ForgeRegistry/REGISTRIES]: Registry forge:holder_set_type Sync: FROZEN -> ACTIVE
[21May2025 13:50:45.983] [modloading-worker-0/DEBUG] [net.minecraftforge.registries.ForgeRegistry/REGISTRIES]: Registry forge:display_contexts Sync: FROZEN -> ACTIVE
[21May2025 13:50:45.983] [modloading-worker-0/DEBUG] [net.minecraftforge.registries.ForgeRegistry/REGISTRIES]: Registry thermal_dynamics:grid_type Sync: FROZEN -> ACTIVE
[21May2025 13:50:46.018] [Forge Version Check/DEBUG] [net.minecraftforge.fml.VersionChecker/]: [thermal_dynamics] Received version check data:
{
	"homepage": "https://teamcofh.com/downloads/",
	"1.20.1": {
		"11.0.1": "Minor fix for Logistical Item Buffer.",
		"11.0.0": "Initial 1.20.1 release!"
	},
	"1.19.2": {
		"10.3.1": "Minor fix for Logistical Item Buffer.",
		"10.3.0": "Finalize and polish non-beta release.",
		"10.2.0b": "Initial 1.19.x release!"
	},
	"1.18.2": {
		"9.2.0b": "Initial 1.18.2 release!"
	},
		"promos": {
		"1.20.1-latest": "11.0.1",
		"1.20.1-recommended": "11.0.1",
		"1.19.2-latest": "10.3.1",
		"1.19.2-recommended": "10.3.1",
		"1.18.2-latest": "9.2.0b",
		"1.18.2-recommended": "9.2.0b"
	}
}
[21May2025 13:50:46.019] [Forge Version Check/INFO] [net.minecraftforge.fml.VersionChecker/]: [thermal_dynamics] Found status: UP_TO_DATE Current: 11.0.1 Target: null
[21May2025 13:50:46.931] [modloading-worker-0/DEBUG] [net.minecraftforge.registries.GameData/REGISTRIES]: All registries frozen
[21May2025 13:50:46.964] [Render thread/DEBUG] [net.minecraftforge.common.ForgeI18n/CORE]: Loading I18N data entries: 8352
[21May2025 13:50:46.987] [Render thread/WARN] [net.minecraft.client.sounds.SoundEngine/]: Missing sound for event: minecraft:item.goat_horn.play
[21May2025 13:50:46.987] [Render thread/WARN] [net.minecraft.client.sounds.SoundEngine/]: Missing sound for event: minecraft:entity.goat.screaming.horn_break
[21May2025 13:50:47.017] [Render thread/INFO] [com.mojang.blaze3d.audio.Library/]: OpenAL initialized on device WH-CH710N
[21May2025 13:50:47.018] [Render thread/INFO] [net.minecraft.client.sounds.SoundEngine/SOUNDS]: Sound engine started
[21May2025 13:50:47.118] [Render thread/INFO] [net.minecraft.client.renderer.texture.TextureAtlas/]: Created: 1024x1024x4 minecraft:textures/atlas/blocks.png-atlas
[21May2025 13:50:47.185] [Render thread/INFO] [net.minecraft.client.renderer.texture.TextureAtlas/]: Created: 256x256x4 minecraft:textures/atlas/signs.png-atlas
[21May2025 13:50:47.186] [Render thread/INFO] [net.minecraft.client.renderer.texture.TextureAtlas/]: Created: 512x512x4 minecraft:textures/atlas/shield_patterns.png-atlas
[21May2025 13:50:47.188] [Render thread/INFO] [net.minecraft.client.renderer.texture.TextureAtlas/]: Created: 512x512x4 minecraft:textures/atlas/banner_patterns.png-atlas
[21May2025 13:50:47.190] [Render thread/INFO] [net.minecraft.client.renderer.texture.TextureAtlas/]: Created: 1024x1024x4 minecraft:textures/atlas/armor_trims.png-atlas
[21May2025 13:50:47.202] [Render thread/INFO] [net.minecraft.client.renderer.texture.TextureAtlas/]: Created: 128x64x4 minecraft:textures/atlas/decorated_pot.png-atlas
[21May2025 13:50:47.203] [Render thread/INFO] [net.minecraft.client.renderer.texture.TextureAtlas/]: Created: 256x256x4 minecraft:textures/atlas/chest.png-atlas
[21May2025 13:50:47.203] [Render thread/INFO] [net.minecraft.client.renderer.texture.TextureAtlas/]: Created: 512x256x4 minecraft:textures/atlas/beds.png-atlas
[21May2025 13:50:47.204] [Render thread/INFO] [net.minecraft.client.renderer.texture.TextureAtlas/]: Created: 512x256x4 minecraft:textures/atlas/shulker_boxes.png-atlas
[21May2025 13:50:47.282] [Render thread/WARN] [net.minecraft.client.renderer.ShaderInstance/]: Shader rendertype_entity_translucent_emissive could not find sampler named Sampler2 in the specified shader program.
[21May2025 13:50:47.305] [Render thread/WARN] [net.minecraft.client.renderer.ShaderInstance/]: Shader cofh_core:particle_over could not find sampler named Sampler2 in the specified shader program.
[21May2025 13:50:47.306] [Render thread/WARN] [net.minecraft.client.renderer.ShaderInstance/]: Shader cofh_core:particle_add could not find sampler named Sampler2 in the specified shader program.
[21May2025 13:50:47.306] [Render thread/WARN] [net.minecraft.client.renderer.ShaderInstance/]: Shader cofh_core:particle_screen could not find sampler named Sampler2 in the specified shader program.
[21May2025 13:50:47.318] [Render thread/INFO] [net.minecraft.client.renderer.texture.TextureAtlas/]: Created: 512x256x0 minecraft:textures/atlas/particles.png-atlas
[21May2025 13:50:47.322] [Render thread/INFO] [net.minecraft.client.renderer.texture.TextureAtlas/]: Created: 256x256x0 minecraft:textures/atlas/paintings.png-atlas
[21May2025 13:50:47.322] [Render thread/INFO] [net.minecraft.client.renderer.texture.TextureAtlas/]: Created: 256x128x0 minecraft:textures/atlas/mob_effects.png-atlas
[21May2025 13:50:47.328] [Render thread/INFO] [net.minecraft.client.renderer.texture.TextureAtlas/]: Created: 256x256x0 jei:textures/atlas/gui.png-atlas
[21May2025 13:50:47.570] [Realms Notification Availability checker #1/INFO] [com.mojang.realmsclient.client.RealmsClient/]: Could not authorize you against Realms server: Invalid session id
[21May2025 13:50:49.370] [Render thread/DEBUG] [mixin/]: Mixing StringRenderOutputMixin from jade.mixins.json into net.minecraft.client.gui.Font$StringRenderOutput
[21May2025 13:50:49.370] [Render thread/DEBUG] [mixin/]: jade.mixins.json:StringRenderOutputMixin: Class version 61 required is higher than the class version supported by the current version of Mixin (JAVA_16 supports class version 60)
[21May2025 13:51:09.535] [Render thread/DEBUG] [mixin/]: Mixing client.AbstractSelectionListMixin from configured.common.mixins.json into net.minecraft.client.gui.components.AbstractSelectionList
[21May2025 13:51:10.097] [Render thread/INFO] [net.minecraftforge.registries.GameData/REGISTRIES]: Injecting existing registry data into this CLIENT instance
[21May2025 13:51:10.108] [Render thread/DEBUG] [net.minecraftforge.registries.ForgeRegistry/REGISTRIES]: Registry minecraft:block: Fixed minecraft:block id mismatch thermal:apatite_ore: 1037 (init) -> 1036 (map).
[21May2025 13:51:10.109] [Render thread/DEBUG] [net.minecraftforge.registries.ForgeRegistry/REGISTRIES]: Registry minecraft:block: Fixed minecraft:block id mismatch thermal:deepslate_cinnabar_ore: 1042 (init) -> 1044 (map).
[21May2025 13:51:10.109] [Render thread/DEBUG] [net.minecraftforge.registries.ForgeRegistry/REGISTRIES]: Registry minecraft:block: Fixed minecraft:block id mismatch thermal:deepslate_lead_ore: 1057 (init) -> 1058 (map).
[21May2025 13:51:10.109] [Render thread/DEBUG] [net.minecraftforge.registries.ForgeRegistry/REGISTRIES]: Registry minecraft:block: Fixed minecraft:block id mismatch thermal:deepslate_nickel_ore: 1064 (init) -> 1062 (map).
[21May2025 13:51:10.109] [Render thread/DEBUG] [net.minecraftforge.registries.ForgeRegistry/REGISTRIES]: Registry minecraft:block: Fixed minecraft:block id mismatch thermal:deepslate_niter_ore: 1045 (init) -> 1048 (map).
[21May2025 13:51:10.109] [Render thread/DEBUG] [net.minecraftforge.registries.ForgeRegistry/REGISTRIES]: Registry minecraft:block: Fixed minecraft:block id mismatch thermal:deepslate_ruby_ore: 1067 (init) -> 1065 (map).
[21May2025 13:51:10.109] [Render thread/DEBUG] [net.minecraftforge.registries.ForgeRegistry/REGISTRIES]: Registry minecraft:block: Fixed minecraft:block id mismatch thermal:deepslate_sapphire_ore: 1071 (init) -> 1069 (map).
[21May2025 13:51:10.109] [Render thread/DEBUG] [net.minecraftforge.registries.ForgeRegistry/REGISTRIES]: Registry minecraft:block: Fixed minecraft:block id mismatch thermal:deepslate_sulfur_ore: 1048 (init) -> 1052 (map).
[21May2025 13:51:10.109] [Render thread/DEBUG] [net.minecraftforge.registries.ForgeRegistry/REGISTRIES]: Registry minecraft:block: Fixed minecraft:block id mismatch thermal:deepslate_tin_ore: 1053 (init) -> 1056 (map).
[21May2025 13:51:10.109] [Render thread/DEBUG] [net.minecraftforge.registries.ForgeRegistry/REGISTRIES]: Registry minecraft:block: Fixed minecraft:block id mismatch thermal:dynamo_compression: 1076 (init) -> 1080 (map).
[21May2025 13:51:10.109] [Render thread/DEBUG] [net.minecraftforge.registries.ForgeRegistry/REGISTRIES]: Registry minecraft:block: Fixed minecraft:block id mismatch thermal:dynamo_disenchantment: 1082 (init) -> 1087 (map).
[21May2025 13:51:10.109] [Render thread/DEBUG] [net.minecraftforge.registries.ForgeRegistry/REGISTRIES]: Registry minecraft:block: Fixed minecraft:block id mismatch thermal:dynamo_gourmand: 1084 (init) -> 1088 (map).
[21May2025 13:51:10.109] [Render thread/DEBUG] [net.minecraftforge.registries.ForgeRegistry/REGISTRIES]: Registry minecraft:block: Fixed minecraft:block id mismatch thermal:dynamo_lapidary: 1081 (init) -> 1085 (map).
[21May2025 13:51:10.109] [Render thread/DEBUG] [net.minecraftforge.registries.ForgeRegistry/REGISTRIES]: Registry minecraft:block: Fixed minecraft:block id mismatch thermal:dynamo_magmatic: 1078 (init) -> 1082 (map).
[21May2025 13:51:10.109] [Render thread/DEBUG] [net.minecraftforge.registries.ForgeRegistry/REGISTRIES]: Registry minecraft:block: Fixed minecraft:block id mismatch thermal:dynamo_numismatic: 1079 (init) -> 1083 (map).
[21May2025 13:51:10.109] [Render thread/DEBUG] [net.minecraftforge.registries.ForgeRegistry/REGISTRIES]: Registry minecraft:block: Fixed minecraft:block id mismatch thermal:dynamo_stirling: 1074 (init) -> 1078 (map).
[21May2025 13:51:10.109] [Render thread/DEBUG] [net.minecraftforge.registries.ForgeRegistry/REGISTRIES]: Registry minecraft:block: Fixed minecraft:block id mismatch thermal:energy_duct: 1036 (init) -> 1037 (map).
[21May2025 13:51:10.109] [Render thread/DEBUG] [net.minecraftforge.registries.ForgeRegistry/REGISTRIES]: Registry minecraft:block: Fixed minecraft:block id mismatch thermal:fluid_duct_windowed: 1080 (init) -> 1042 (map).
[21May2025 13:51:10.109] [Render thread/DEBUG] [net.minecraftforge.registries.ForgeRegistry/REGISTRIES]: Registry minecraft:block: Fixed minecraft:block id mismatch thermal:item_buffer: 1083 (init) -> 1045 (map).
[21May2025 13:51:10.109] [Render thread/DEBUG] [net.minecraftforge.registries.ForgeRegistry/REGISTRIES]: Registry minecraft:block: Fixed minecraft:block id mismatch thermal:lead_ore: 1055 (init) -> 1057 (map).
[21May2025 13:51:10.109] [Render thread/DEBUG] [net.minecraftforge.registries.ForgeRegistry/REGISTRIES]: Registry minecraft:block: Fixed minecraft:block id mismatch thermal:machine_bottler: 1066 (init) -> 1071 (map).
[21May2025 13:51:10.109] [Render thread/DEBUG] [net.minecraftforge.registries.ForgeRegistry/REGISTRIES]: Registry minecraft:block: Fixed minecraft:block id mismatch thermal:machine_brewer: 1068 (init) -> 1073 (map).
[21May2025 13:51:10.109] [Render thread/DEBUG] [net.minecraftforge.registries.ForgeRegistry/REGISTRIES]: Registry minecraft:block: Fixed minecraft:block id mismatch thermal:machine_centrifuge: 1052 (init) -> 1053 (map).
[21May2025 13:51:10.109] [Render thread/DEBUG] [net.minecraftforge.registries.ForgeRegistry/REGISTRIES]: Registry minecraft:block: Fixed minecraft:block id mismatch thermal:machine_chiller: 1058 (init) -> 1066 (map).
[21May2025 13:51:10.109] [Render thread/DEBUG] [net.minecraftforge.registries.ForgeRegistry/REGISTRIES]: Registry minecraft:block: Fixed minecraft:block id mismatch thermal:machine_crafter: 1072 (init) -> 1076 (map).
[21May2025 13:51:10.109] [Render thread/DEBUG] [net.minecraftforge.registries.ForgeRegistry/REGISTRIES]: Registry minecraft:block: Fixed minecraft:block id mismatch thermal:machine_crucible: 1056 (init) -> 1064 (map).
[21May2025 13:51:10.109] [Render thread/DEBUG] [net.minecraftforge.registries.ForgeRegistry/REGISTRIES]: Registry minecraft:block: Fixed minecraft:block id mismatch thermal:machine_crystallizer: 1070 (init) -> 1074 (map).
[21May2025 13:51:10.109] [Render thread/DEBUG] [net.minecraftforge.registries.ForgeRegistry/REGISTRIES]: Registry minecraft:block: Fixed minecraft:block id mismatch thermal:machine_insolator: 1050 (init) -> 1051 (map).
[21May2025 13:51:10.109] [Render thread/DEBUG] [net.minecraftforge.registries.ForgeRegistry/REGISTRIES]: Registry minecraft:block: Fixed minecraft:block id mismatch thermal:machine_pulverizer: 1046 (init) -> 1047 (map).
[21May2025 13:51:10.109] [Render thread/DEBUG] [net.minecraftforge.registries.ForgeRegistry/REGISTRIES]: Registry minecraft:block: Fixed minecraft:block id mismatch thermal:machine_pyrolyzer: 1063 (init) -> 1070 (map).
[21May2025 13:51:10.109] [Render thread/DEBUG] [net.minecraftforge.registries.ForgeRegistry/REGISTRIES]: Registry minecraft:block: Fixed minecraft:block id mismatch thermal:machine_refinery: 1061 (init) -> 1068 (map).
[21May2025 13:51:10.109] [Render thread/DEBUG] [net.minecraftforge.registries.ForgeRegistry/REGISTRIES]: Registry minecraft:block: Fixed minecraft:block id mismatch thermal:nickel_ore: 1062 (init) -> 1061 (map).
[21May2025 13:51:10.109] [Render thread/DEBUG] [net.minecraftforge.registries.ForgeRegistry/REGISTRIES]: Registry minecraft:block: Fixed minecraft:block id mismatch thermal:niter_ore: 1044 (init) -> 1046 (map).
[21May2025 13:51:10.110] [Render thread/DEBUG] [net.minecraftforge.registries.ForgeRegistry/REGISTRIES]: Registry minecraft:block: Fixed minecraft:block id mismatch thermal:oil_sand: 1073 (init) -> 1072 (map).
[21May2025 13:51:10.110] [Render thread/DEBUG] [net.minecraftforge.registries.ForgeRegistry/REGISTRIES]: Registry minecraft:block: Fixed minecraft:block id mismatch thermal:raw_lead_block: 1085 (init) -> 1079 (map).
[21May2025 13:51:10.110] [Render thread/DEBUG] [net.minecraftforge.registries.ForgeRegistry/REGISTRIES]: Registry minecraft:block: Fixed minecraft:block id mismatch thermal:raw_nickel_block: 1087 (init) -> 1084 (map).
[21May2025 13:51:10.110] [Render thread/DEBUG] [net.minecraftforge.registries.ForgeRegistry/REGISTRIES]: Registry minecraft:block: Fixed minecraft:block id mismatch thermal:raw_silver_block: 1086 (init) -> 1081 (map).
[21May2025 13:51:10.110] [Render thread/DEBUG] [net.minecraftforge.registries.ForgeRegistry/REGISTRIES]: Registry minecraft:block: Fixed minecraft:block id mismatch thermal:ruby_ore: 1065 (init) -> 1063 (map).
[21May2025 13:51:10.110] [Render thread/DEBUG] [net.minecraftforge.registries.ForgeRegistry/REGISTRIES]: Registry minecraft:block: Fixed minecraft:block id mismatch thermal:sapphire_ore: 1069 (init) -> 1067 (map).
[21May2025 13:51:10.110] [Render thread/DEBUG] [net.minecraftforge.registries.ForgeRegistry/REGISTRIES]: Registry minecraft:block: Fixed minecraft:block id mismatch thermal:sulfur_ore: 1047 (init) -> 1050 (map).
[21May2025 13:51:10.110] [Render thread/DEBUG] [net.minecraftforge.registries.ForgeRegistry/REGISTRIES]: Registry minecraft:block: Fixed minecraft:block id mismatch thermal:tin_block: 1088 (init) -> 1086 (map).
[21May2025 13:51:10.110] [Render thread/DEBUG] [net.minecraftforge.registries.ForgeRegistry/REGISTRIES]: Registry minecraft:block: Fixed minecraft:block id mismatch thermal:tin_ore: 1051 (init) -> 1055 (map).
[21May2025 13:51:10.111] [Render thread/DEBUG] [net.minecraftforge.registries.ForgeRegistry/REGISTRIES]: Registry minecraft:item: Fixed minecraft:item id mismatch branik_mod:blood_spit: 1264 (init) -> 1695 (map).
[21May2025 13:51:10.111] [Render thread/DEBUG] [net.minecraftforge.registries.ForgeRegistry/REGISTRIES]: Registry minecraft:item: Fixed minecraft:item id mismatch branik_mod:branik2l_11: 1289 (init) -> 1288 (map).
[21May2025 13:51:10.111] [Render thread/DEBUG] [net.minecraftforge.registries.ForgeRegistry/REGISTRIES]: Registry minecraft:item: Fixed minecraft:item id mismatch branik_mod:branik2l_11_pack: 1270 (init) -> 1269 (map).
[21May2025 13:51:10.111] [Render thread/DEBUG] [net.minecraftforge.registries.ForgeRegistry/REGISTRIES]: Registry minecraft:item: Fixed minecraft:item id mismatch branik_mod:branik2l_12: 1290 (init) -> 1289 (map).
[21May2025 13:51:10.111] [Render thread/DEBUG] [net.minecraftforge.registries.ForgeRegistry/REGISTRIES]: Registry minecraft:item: Fixed minecraft:item id mismatch branik_mod:branik2l_12_pack: 1271 (init) -> 1270 (map).
[21May2025 13:51:10.111] [Render thread/DEBUG] [net.minecraftforge.registries.ForgeRegistry/REGISTRIES]: Registry minecraft:item: Fixed minecraft:item id mismatch branik_mod:branik2l_14: 1291 (init) -> 1290 (map).
[21May2025 13:51:10.111] [Render thread/DEBUG] [net.minecraftforge.registries.ForgeRegistry/REGISTRIES]: Registry minecraft:item: Fixed minecraft:item id mismatch branik_mod:branik2l_14_pack: 1272 (init) -> 1271 (map).
[21May2025 13:51:10.111] [Render thread/DEBUG] [net.minecraftforge.registries.ForgeRegistry/REGISTRIES]: Registry minecraft:item: Fixed minecraft:item id mismatch branik_mod:branik2l_18: 1292 (init) -> 1291 (map).
[21May2025 13:51:10.111] [Render thread/DEBUG] [net.minecraftforge.registries.ForgeRegistry/REGISTRIES]: Registry minecraft:item: Fixed minecraft:item id mismatch branik_mod:branik2l_18_pack: 1273 (init) -> 1272 (map).
[21May2025 13:51:10.111] [Render thread/DEBUG] [net.minecraftforge.registries.ForgeRegistry/REGISTRIES]: Registry minecraft:item: Fixed minecraft:item id mismatch branik_mod:branik_11: 1285 (init) -> 1284 (map).
[21May2025 13:51:10.111] [Render thread/DEBUG] [net.minecraftforge.registries.ForgeRegistry/REGISTRIES]: Registry minecraft:item: Fixed minecraft:item id mismatch branik_mod:branik_11_case: 1266 (init) -> 1265 (map).
[21May2025 13:51:10.111] [Render thread/DEBUG] [net.minecraftforge.registries.ForgeRegistry/REGISTRIES]: Registry minecraft:item: Fixed minecraft:item id mismatch branik_mod:branik_12: 1286 (init) -> 1285 (map).
[21May2025 13:51:10.111] [Render thread/DEBUG] [net.minecraftforge.registries.ForgeRegistry/REGISTRIES]: Registry minecraft:item: Fixed minecraft:item id mismatch branik_mod:branik_12_case: 1267 (init) -> 1266 (map).
[21May2025 13:51:10.111] [Render thread/DEBUG] [net.minecraftforge.registries.ForgeRegistry/REGISTRIES]: Registry minecraft:item: Fixed minecraft:item id mismatch branik_mod:branik_14: 1287 (init) -> 1286 (map).
[21May2025 13:51:10.111] [Render thread/DEBUG] [net.minecraftforge.registries.ForgeRegistry/REGISTRIES]: Registry minecraft:item: Fixed minecraft:item id mismatch branik_mod:branik_14_case: 1268 (init) -> 1267 (map).
[21May2025 13:51:10.111] [Render thread/DEBUG] [net.minecraftforge.registries.ForgeRegistry/REGISTRIES]: Registry minecraft:item: Fixed minecraft:item id mismatch branik_mod:branik_18: 1288 (init) -> 1287 (map).
[21May2025 13:51:10.111] [Render thread/DEBUG] [net.minecraftforge.registries.ForgeRegistry/REGISTRIES]: Registry minecraft:item: Fixed minecraft:item id mismatch branik_mod:branik_18_case: 1269 (init) -> 1268 (map).
[21May2025 13:51:10.111] [Render thread/DEBUG] [net.minecraftforge.registries.ForgeRegistry/REGISTRIES]: Registry minecraft:item: Fixed minecraft:item id mismatch branik_mod:branik_engine: 1275 (init) -> 1274 (map).
[21May2025 13:51:10.111] [Render thread/DEBUG] [net.minecraftforge.registries.ForgeRegistry/REGISTRIES]: Registry minecraft:item: Fixed minecraft:item id mismatch branik_mod:branik_engine_ii: 1276 (init) -> 1275 (map).
[21May2025 13:51:10.111] [Render thread/DEBUG] [net.minecraftforge.registries.ForgeRegistry/REGISTRIES]: Registry minecraft:item: Fixed minecraft:item id mismatch branik_mod:branik_engine_iii: 1277 (init) -> 1276 (map).
[21May2025 13:51:10.111] [Render thread/DEBUG] [net.minecraftforge.registries.ForgeRegistry/REGISTRIES]: Registry minecraft:item: Fixed minecraft:item id mismatch branik_mod:branik_tap: 1280 (init) -> 1279 (map).
[21May2025 13:51:10.111] [Render thread/DEBUG] [net.minecraftforge.registries.ForgeRegistry/REGISTRIES]: Registry minecraft:item: Fixed minecraft:item id mismatch branik_mod:diamond_branik_barrel: 1284 (init) -> 1283 (map).
[21May2025 13:51:10.111] [Render thread/DEBUG] [net.minecraftforge.registries.ForgeRegistry/REGISTRIES]: Registry minecraft:item: Fixed minecraft:item id mismatch branik_mod:fermentation_keg: 1279 (init) -> 1278 (map).
[21May2025 13:51:10.111] [Render thread/DEBUG] [net.minecraftforge.registries.ForgeRegistry/REGISTRIES]: Registry minecraft:item: Fixed minecraft:item id mismatch branik_mod:golden_branik_barrel: 1283 (init) -> 1282 (map).
[21May2025 13:51:10.111] [Render thread/DEBUG] [net.minecraftforge.registries.ForgeRegistry/REGISTRIES]: Registry minecraft:item: Fixed minecraft:item id mismatch branik_mod:hops_crop: 1274 (init) -> 1273 (map).
[21May2025 13:51:10.111] [Render thread/DEBUG] [net.minecraftforge.registries.ForgeRegistry/REGISTRIES]: Registry minecraft:item: Fixed minecraft:item id mismatch branik_mod:hops_seeds: 1265 (init) -> 1264 (map).
[21May2025 13:51:10.111] [Render thread/DEBUG] [net.minecraftforge.registries.ForgeRegistry/REGISTRIES]: Registry minecraft:item: Fixed minecraft:item id mismatch branik_mod:iron_branik_barrel: 1282 (init) -> 1281 (map).
[21May2025 13:51:10.111] [Render thread/DEBUG] [net.minecraftforge.registries.ForgeRegistry/REGISTRIES]: Registry minecraft:item: Fixed minecraft:item id mismatch branik_mod:malting_machine: 1278 (init) -> 1277 (map).
[21May2025 13:51:10.111] [Render thread/DEBUG] [net.minecraftforge.registries.ForgeRegistry/REGISTRIES]: Registry minecraft:item: Fixed minecraft:item id mismatch branik_mod:wooden_branik_barrel: 1281 (init) -> 1280 (map).
[21May2025 13:51:10.117] [Render thread/DEBUG] [net.minecraftforge.registries.ForgeRegistry/REGISTRIES]: Registry minecraft:item: Fixed minecraft:item id mismatch pipez:advanced_upgrade: 1295 (init) -> 1294 (map).
[21May2025 13:51:10.118] [Render thread/DEBUG] [net.minecraftforge.registries.ForgeRegistry/REGISTRIES]: Registry minecraft:item: Fixed minecraft:item id mismatch pipez:basic_upgrade: 1293 (init) -> 1292 (map).
[21May2025 13:51:10.118] [Render thread/DEBUG] [net.minecraftforge.registries.ForgeRegistry/REGISTRIES]: Registry minecraft:item: Fixed minecraft:item id mismatch pipez:energy_pipe: 1302 (init) -> 1301 (map).
[21May2025 13:51:10.118] [Render thread/DEBUG] [net.minecraftforge.registries.ForgeRegistry/REGISTRIES]: Registry minecraft:item: Fixed minecraft:item id mismatch pipez:filter_destination_tool: 1299 (init) -> 1298 (map).
[21May2025 13:51:10.118] [Render thread/DEBUG] [net.minecraftforge.registries.ForgeRegistry/REGISTRIES]: Registry minecraft:item: Fixed minecraft:item id mismatch pipez:fluid_pipe: 1301 (init) -> 1300 (map).
[21May2025 13:51:10.118] [Render thread/DEBUG] [net.minecraftforge.registries.ForgeRegistry/REGISTRIES]: Registry minecraft:item: Fixed minecraft:item id mismatch pipez:gas_pipe: 1304 (init) -> 1303 (map).
[21May2025 13:51:10.118] [Render thread/DEBUG] [net.minecraftforge.registries.ForgeRegistry/REGISTRIES]: Registry minecraft:item: Fixed minecraft:item id mismatch pipez:improved_upgrade: 1294 (init) -> 1293 (map).
[21May2025 13:51:10.118] [Render thread/DEBUG] [net.minecraftforge.registries.ForgeRegistry/REGISTRIES]: Registry minecraft:item: Fixed minecraft:item id mismatch pipez:infinity_upgrade: 1297 (init) -> 1296 (map).
[21May2025 13:51:10.118] [Render thread/DEBUG] [net.minecraftforge.registries.ForgeRegistry/REGISTRIES]: Registry minecraft:item: Fixed minecraft:item id mismatch pipez:item_pipe: 1300 (init) -> 1299 (map).
[21May2025 13:51:10.118] [Render thread/DEBUG] [net.minecraftforge.registries.ForgeRegistry/REGISTRIES]: Registry minecraft:item: Fixed minecraft:item id mismatch pipez:ultimate_upgrade: 1296 (init) -> 1295 (map).
[21May2025 13:51:10.118] [Render thread/DEBUG] [net.minecraftforge.registries.ForgeRegistry/REGISTRIES]: Registry minecraft:item: Fixed minecraft:item id mismatch pipez:universal_pipe: 1303 (init) -> 1302 (map).
[21May2025 13:51:10.118] [Render thread/DEBUG] [net.minecraftforge.registries.ForgeRegistry/REGISTRIES]: Registry minecraft:item: Fixed minecraft:item id mismatch pipez:wrench: 1298 (init) -> 1297 (map).
[21May2025 13:51:10.118] [Render thread/DEBUG] [net.minecraftforge.registries.ForgeRegistry/REGISTRIES]: Registry minecraft:item: Fixed minecraft:item id mismatch thermal:apatite: 1526 (init) -> 1525 (map).
[21May2025 13:51:10.118] [Render thread/DEBUG] [net.minecraftforge.registries.ForgeRegistry/REGISTRIES]: Registry minecraft:item: Fixed minecraft:item id mismatch thermal:apatite_block: 1464 (init) -> 1463 (map).
[21May2025 13:51:10.118] [Render thread/DEBUG] [net.minecraftforge.registries.ForgeRegistry/REGISTRIES]: Registry minecraft:item: Fixed minecraft:item id mismatch thermal:apatite_dust: 1527 (init) -> 1526 (map).
[21May2025 13:51:10.118] [Render thread/DEBUG] [net.minecraftforge.registries.ForgeRegistry/REGISTRIES]: Registry minecraft:item: Fixed minecraft:item id mismatch thermal:apatite_ore: 1305 (init) -> 1304 (map).
[21May2025 13:51:10.118] [Render thread/DEBUG] [net.minecraftforge.registries.ForgeRegistry/REGISTRIES]: Registry minecraft:item: Fixed minecraft:item id mismatch thermal:apple_block: 1460 (init) -> 1459 (map).
[21May2025 13:51:10.118] [Render thread/DEBUG] [net.minecraftforge.registries.ForgeRegistry/REGISTRIES]: Registry minecraft:item: Fixed minecraft:item id mismatch thermal:aquachow: 1645 (init) -> 1644 (map).
[21May2025 13:51:10.118] [Render thread/DEBUG] [net.minecraftforge.registries.ForgeRegistry/REGISTRIES]: Registry minecraft:item: Fixed minecraft:item id mismatch thermal:area_radius_augment: 1628 (init) -> 1627 (map).
[21May2025 13:51:10.118] [Render thread/DEBUG] [net.minecraftforge.registries.ForgeRegistry/REGISTRIES]: Registry minecraft:item: Fixed minecraft:item id mismatch thermal:basalz_powder: 1545 (init) -> 1544 (map).
[21May2025 13:51:10.118] [Render thread/DEBUG] [net.minecraftforge.registries.ForgeRegistry/REGISTRIES]: Registry minecraft:item: Fixed minecraft:item id mismatch thermal:basalz_rod: 1544 (init) -> 1543 (map).
[21May2025 13:51:10.118] [Render thread/DEBUG] [net.minecraftforge.registries.ForgeRegistry/REGISTRIES]: Registry minecraft:item: Fixed minecraft:item id mismatch thermal:basalz_spawn_egg: 1659 (init) -> 1658 (map).
[21May2025 13:51:10.118] [Render thread/DEBUG] [net.minecraftforge.registries.ForgeRegistry/REGISTRIES]: Registry minecraft:item: Fixed minecraft:item id mismatch thermal:beekeeper_boots: 1650 (init) -> 1649 (map).
[21May2025 13:51:10.118] [Render thread/DEBUG] [net.minecraftforge.registries.ForgeRegistry/REGISTRIES]: Registry minecraft:item: Fixed minecraft:item id mismatch thermal:beekeeper_chestplate: 1648 (init) -> 1647 (map).
[21May2025 13:51:10.118] [Render thread/DEBUG] [net.minecraftforge.registries.ForgeRegistry/REGISTRIES]: Registry minecraft:item: Fixed minecraft:item id mismatch thermal:beekeeper_fabric: 1550 (init) -> 1549 (map).
[21May2025 13:51:10.118] [Render thread/DEBUG] [net.minecraftforge.registries.ForgeRegistry/REGISTRIES]: Registry minecraft:item: Fixed minecraft:item id mismatch thermal:beekeeper_helmet: 1647 (init) -> 1646 (map).
[21May2025 13:51:10.118] [Render thread/DEBUG] [net.minecraftforge.registries.ForgeRegistry/REGISTRIES]: Registry minecraft:item: Fixed minecraft:item id mismatch thermal:beekeeper_leggings: 1649 (init) -> 1648 (map).
[21May2025 13:51:10.118] [Render thread/DEBUG] [net.minecraftforge.registries.ForgeRegistry/REGISTRIES]: Registry minecraft:item: Fixed minecraft:item id mismatch thermal:beetroot_block: 1463 (init) -> 1462 (map).
[21May2025 13:51:10.118] [Render thread/DEBUG] [net.minecraftforge.registries.ForgeRegistry/REGISTRIES]: Registry minecraft:item: Fixed minecraft:item id mismatch thermal:bitumen: 1536 (init) -> 1535 (map).
[21May2025 13:51:10.118] [Render thread/DEBUG] [net.minecraftforge.registries.ForgeRegistry/REGISTRIES]: Registry minecraft:item: Fixed minecraft:item id mismatch thermal:bitumen_block: 1470 (init) -> 1469 (map).
[21May2025 13:51:10.118] [Render thread/DEBUG] [net.minecraftforge.registries.ForgeRegistry/REGISTRIES]: Registry minecraft:item: Fixed minecraft:item id mismatch thermal:black_rockwool: 1502 (init) -> 1501 (map).
[21May2025 13:51:10.118] [Render thread/DEBUG] [net.minecraftforge.registries.ForgeRegistry/REGISTRIES]: Registry minecraft:item: Fixed minecraft:item id mismatch thermal:blitz_powder: 1547 (init) -> 1546 (map).
[21May2025 13:51:10.118] [Render thread/DEBUG] [net.minecraftforge.registries.ForgeRegistry/REGISTRIES]: Registry minecraft:item: Fixed minecraft:item id mismatch thermal:blitz_rod: 1546 (init) -> 1545 (map).
[21May2025 13:51:10.118] [Render thread/DEBUG] [net.minecraftforge.registries.ForgeRegistry/REGISTRIES]: Registry minecraft:item: Fixed minecraft:item id mismatch thermal:blitz_spawn_egg: 1661 (init) -> 1660 (map).
[21May2025 13:51:10.118] [Render thread/DEBUG] [net.minecraftforge.registries.ForgeRegistry/REGISTRIES]: Registry minecraft:item: Fixed minecraft:item id mismatch thermal:blizz_powder: 1549 (init) -> 1548 (map).
[21May2025 13:51:10.118] [Render thread/DEBUG] [net.minecraftforge.registries.ForgeRegistry/REGISTRIES]: Registry minecraft:item: Fixed minecraft:item id mismatch thermal:blizz_rod: 1548 (init) -> 1547 (map).
[21May2025 13:51:10.118] [Render thread/DEBUG] [net.minecraftforge.registries.ForgeRegistry/REGISTRIES]: Registry minecraft:item: Fixed minecraft:item id mismatch thermal:blizz_spawn_egg: 1660 (init) -> 1659 (map).
[21May2025 13:51:10.118] [Render thread/DEBUG] [net.minecraftforge.registries.ForgeRegistry/REGISTRIES]: Registry minecraft:item: Fixed minecraft:item id mismatch thermal:blue_rockwool: 1498 (init) -> 1497 (map).
[21May2025 13:51:10.118] [Render thread/DEBUG] [net.minecraftforge.registries.ForgeRegistry/REGISTRIES]: Registry minecraft:item: Fixed minecraft:item id mismatch thermal:bronze_block: 1361 (init) -> 1364 (map).
[21May2025 13:51:10.118] [Render thread/DEBUG] [net.minecraftforge.registries.ForgeRegistry/REGISTRIES]: Registry minecraft:item: Fixed minecraft:item id mismatch thermal:bronze_coin: 1426 (init) -> 1422 (map).
[21May2025 13:51:10.118] [Render thread/DEBUG] [net.minecraftforge.registries.ForgeRegistry/REGISTRIES]: Registry minecraft:item: Fixed minecraft:item id mismatch thermal:bronze_dust: 1423 (init) -> 1419 (map).
[21May2025 13:51:10.118] [Render thread/DEBUG] [net.minecraftforge.registries.ForgeRegistry/REGISTRIES]: Registry minecraft:item: Fixed minecraft:item id mismatch thermal:bronze_gear: 1424 (init) -> 1420 (map).
[21May2025 13:51:10.118] [Render thread/DEBUG] [net.minecraftforge.registries.ForgeRegistry/REGISTRIES]: Registry minecraft:item: Fixed minecraft:item id mismatch thermal:bronze_ingot: 1421 (init) -> 1417 (map).
[21May2025 13:51:10.118] [Render thread/DEBUG] [net.minecraftforge.registries.ForgeRegistry/REGISTRIES]: Registry minecraft:item: Fixed minecraft:item id mismatch thermal:bronze_nugget: 1422 (init) -> 1418 (map).
[21May2025 13:51:10.118] [Render thread/DEBUG] [net.minecraftforge.registries.ForgeRegistry/REGISTRIES]: Registry minecraft:item: Fixed minecraft:item id mismatch thermal:bronze_plate: 1425 (init) -> 1421 (map).
[21May2025 13:51:10.118] [Render thread/DEBUG] [net.minecraftforge.registries.ForgeRegistry/REGISTRIES]: Registry minecraft:item: Fixed minecraft:item id mismatch thermal:brown_rockwool: 1499 (init) -> 1498 (map).
[21May2025 13:51:10.118] [Render thread/DEBUG] [net.minecraftforge.registries.ForgeRegistry/REGISTRIES]: Registry minecraft:item: Fixed minecraft:item id mismatch thermal:carrot_block: 1461 (init) -> 1460 (map).
[21May2025 13:51:10.118] [Render thread/DEBUG] [net.minecraftforge.registries.ForgeRegistry/REGISTRIES]: Registry minecraft:item: Fixed minecraft:item id mismatch thermal:charcoal_block: 1457 (init) -> 1456 (map).
[21May2025 13:51:10.118] [Render thread/DEBUG] [net.minecraftforge.registries.ForgeRegistry/REGISTRIES]: Registry minecraft:item: Fixed minecraft:item id mismatch thermal:charge_bench: 1523 (init) -> 1522 (map).
[21May2025 13:51:10.118] [Render thread/DEBUG] [net.minecraftforge.registries.ForgeRegistry/REGISTRIES]: Registry minecraft:item: Fixed minecraft:item id mismatch thermal:chiller_ball_cast: 1418 (init) -> 1451 (map).
[21May2025 13:51:10.118] [Render thread/DEBUG] [net.minecraftforge.registries.ForgeRegistry/REGISTRIES]: Registry minecraft:item: Fixed minecraft:item id mismatch thermal:chiller_ingot_cast: 1445 (init) -> 1453 (map).
[21May2025 13:51:10.118] [Render thread/DEBUG] [net.minecraftforge.registries.ForgeRegistry/REGISTRIES]: Registry minecraft:item: Fixed minecraft:item id mismatch thermal:chiller_rod_cast: 1446 (init) -> 1455 (map).
[21May2025 13:51:10.118] [Render thread/DEBUG] [net.minecraftforge.registries.ForgeRegistry/REGISTRIES]: Registry minecraft:item: Fixed minecraft:item id mismatch thermal:chiseled_rich_slag: 1508 (init) -> 1507 (map).
[21May2025 13:51:10.118] [Render thread/DEBUG] [net.minecraftforge.registries.ForgeRegistry/REGISTRIES]: Registry minecraft:item: Fixed minecraft:item id mismatch thermal:chiseled_slag: 1504 (init) -> 1503 (map).
[21May2025 13:51:10.118] [Render thread/DEBUG] [net.minecraftforge.registries.ForgeRegistry/REGISTRIES]: Registry minecraft:item: Fixed minecraft:item id mismatch thermal:cinnabar: 1528 (init) -> 1527 (map).
[21May2025 13:51:10.118] [Render thread/DEBUG] [net.minecraftforge.registries.ForgeRegistry/REGISTRIES]: Registry minecraft:item: Fixed minecraft:item id mismatch thermal:cinnabar_block: 1465 (init) -> 1464 (map).
[21May2025 13:51:10.118] [Render thread/DEBUG] [net.minecraftforge.registries.ForgeRegistry/REGISTRIES]: Registry minecraft:item: Fixed minecraft:item id mismatch thermal:cinnabar_dust: 1529 (init) -> 1528 (map).
[21May2025 13:51:10.118] [Render thread/DEBUG] [net.minecraftforge.registries.ForgeRegistry/REGISTRIES]: Registry minecraft:item: Fixed minecraft:item id mismatch thermal:cinnabar_ore: 1310 (init) -> 1309 (map).
[21May2025 13:51:10.118] [Render thread/DEBUG] [net.minecraftforge.registries.ForgeRegistry/REGISTRIES]: Registry minecraft:item: Fixed minecraft:item id mismatch thermal:coal_coke: 1535 (init) -> 1534 (map).
[21May2025 13:51:10.118] [Render thread/DEBUG] [net.minecraftforge.registries.ForgeRegistry/REGISTRIES]: Registry minecraft:item: Fixed minecraft:item id mismatch thermal:coal_coke_block: 1469 (init) -> 1468 (map).
[21May2025 13:51:10.118] [Render thread/DEBUG] [net.minecraftforge.registries.ForgeRegistry/REGISTRIES]: Registry minecraft:item: Fixed minecraft:item id mismatch thermal:compost: 1642 (init) -> 1641 (map).
[21May2025 13:51:10.118] [Render thread/DEBUG] [net.minecraftforge.registries.ForgeRegistry/REGISTRIES]: Registry minecraft:item: Fixed minecraft:item id mismatch thermal:constantan_block: 1364 (init) -> 1367 (map).
[21May2025 13:51:10.118] [Render thread/DEBUG] [net.minecraftforge.registries.ForgeRegistry/REGISTRIES]: Registry minecraft:item: Fixed minecraft:item id mismatch thermal:constantan_coin: 1444 (init) -> 1440 (map).
[21May2025 13:51:10.119] [Render thread/DEBUG] [net.minecraftforge.registries.ForgeRegistry/REGISTRIES]: Registry minecraft:item: Fixed minecraft:item id mismatch thermal:constantan_dust: 1441 (init) -> 1437 (map).
[21May2025 13:51:10.119] [Render thread/DEBUG] [net.minecraftforge.registries.ForgeRegistry/REGISTRIES]: Registry minecraft:item: Fixed minecraft:item id mismatch thermal:constantan_gear: 1442 (init) -> 1438 (map).
[21May2025 13:51:10.119] [Render thread/DEBUG] [net.minecraftforge.registries.ForgeRegistry/REGISTRIES]: Registry minecraft:item: Fixed minecraft:item id mismatch thermal:constantan_ingot: 1439 (init) -> 1435 (map).
[21May2025 13:51:10.119] [Render thread/DEBUG] [net.minecraftforge.registries.ForgeRegistry/REGISTRIES]: Registry minecraft:item: Fixed minecraft:item id mismatch thermal:constantan_nugget: 1440 (init) -> 1436 (map).
[21May2025 13:51:10.119] [Render thread/DEBUG] [net.minecraftforge.registries.ForgeRegistry/REGISTRIES]: Registry minecraft:item: Fixed minecraft:item id mismatch thermal:constantan_plate: 1443 (init) -> 1439 (map).
[21May2025 13:51:10.119] [Render thread/DEBUG] [net.minecraftforge.registries.ForgeRegistry/REGISTRIES]: Registry minecraft:item: Fixed minecraft:item id mismatch thermal:copper_coin: 1566 (init) -> 1565 (map).
[21May2025 13:51:10.119] [Render thread/DEBUG] [net.minecraftforge.registries.ForgeRegistry/REGISTRIES]: Registry minecraft:item: Fixed minecraft:item id mismatch thermal:copper_dust: 1563 (init) -> 1562 (map).
[21May2025 13:51:10.119] [Render thread/DEBUG] [net.minecraftforge.registries.ForgeRegistry/REGISTRIES]: Registry minecraft:item: Fixed minecraft:item id mismatch thermal:copper_gear: 1564 (init) -> 1563 (map).
[21May2025 13:51:10.119] [Render thread/DEBUG] [net.minecraftforge.registries.ForgeRegistry/REGISTRIES]: Registry minecraft:item: Fixed minecraft:item id mismatch thermal:copper_nugget: 1562 (init) -> 1561 (map).
[21May2025 13:51:10.119] [Render thread/DEBUG] [net.minecraftforge.registries.ForgeRegistry/REGISTRIES]: Registry minecraft:item: Fixed minecraft:item id mismatch thermal:copper_plate: 1565 (init) -> 1564 (map).
[21May2025 13:51:10.119] [Render thread/DEBUG] [net.minecraftforge.registries.ForgeRegistry/REGISTRIES]: Registry minecraft:item: Fixed minecraft:item id mismatch thermal:cracked_rich_slag_bricks: 1510 (init) -> 1509 (map).
[21May2025 13:51:10.119] [Render thread/DEBUG] [net.minecraftforge.registries.ForgeRegistry/REGISTRIES]: Registry minecraft:item: Fixed minecraft:item id mismatch thermal:cracked_slag_bricks: 1506 (init) -> 1505 (map).
[21May2025 13:51:10.119] [Render thread/DEBUG] [net.minecraftforge.registries.ForgeRegistry/REGISTRIES]: Registry minecraft:item: Fixed minecraft:item id mismatch thermal:creosote_bucket: 1670 (init) -> 1669 (map).
[21May2025 13:51:10.119] [Render thread/DEBUG] [net.minecraftforge.registries.ForgeRegistry/REGISTRIES]: Registry minecraft:item: Fixed minecraft:item id mismatch thermal:crude_oil_bucket: 1671 (init) -> 1670 (map).
[21May2025 13:51:10.119] [Render thread/DEBUG] [net.minecraftforge.registries.ForgeRegistry/REGISTRIES]: Registry minecraft:item: Fixed minecraft:item id mismatch thermal:cured_rubber: 1540 (init) -> 1539 (map).
[21May2025 13:51:10.119] [Render thread/DEBUG] [net.minecraftforge.registries.ForgeRegistry/REGISTRIES]: Registry minecraft:item: Fixed minecraft:item id mismatch thermal:cured_rubber_block: 1474 (init) -> 1473 (map).
[21May2025 13:51:10.119] [Render thread/DEBUG] [net.minecraftforge.registries.ForgeRegistry/REGISTRIES]: Registry minecraft:item: Fixed minecraft:item id mismatch thermal:cyan_rockwool: 1496 (init) -> 1495 (map).
[21May2025 13:51:10.119] [Render thread/DEBUG] [net.minecraftforge.registries.ForgeRegistry/REGISTRIES]: Registry minecraft:item: Fixed minecraft:item id mismatch thermal:deep_aquachow: 1646 (init) -> 1645 (map).
[21May2025 13:51:10.119] [Render thread/DEBUG] [net.minecraftforge.registries.ForgeRegistry/REGISTRIES]: Registry minecraft:item: Fixed minecraft:item id mismatch thermal:deepslate_apatite_ore: 1308 (init) -> 1307 (map).
[21May2025 13:51:10.119] [Render thread/DEBUG] [net.minecraftforge.registries.ForgeRegistry/REGISTRIES]: Registry minecraft:item: Fixed minecraft:item id mismatch thermal:deepslate_cinnabar_ore: 1311 (init) -> 1312 (map).
[21May2025 13:51:10.119] [Render thread/DEBUG] [net.minecraftforge.registries.ForgeRegistry/REGISTRIES]: Registry minecraft:item: Fixed minecraft:item id mismatch thermal:deepslate_nickel_ore: 1333 (init) -> 1331 (map).
[21May2025 13:51:10.119] [Render thread/DEBUG] [net.minecraftforge.registries.ForgeRegistry/REGISTRIES]: Registry minecraft:item: Fixed minecraft:item id mismatch thermal:deepslate_niter_ore: 1314 (init) -> 1316 (map).
[21May2025 13:51:10.119] [Render thread/DEBUG] [net.minecraftforge.registries.ForgeRegistry/REGISTRIES]: Registry minecraft:item: Fixed minecraft:item id mismatch thermal:deepslate_ruby_ore: 1336 (init) -> 1337 (map).
[21May2025 13:51:10.119] [Render thread/DEBUG] [net.minecraftforge.registries.ForgeRegistry/REGISTRIES]: Registry minecraft:item: Fixed minecraft:item id mismatch thermal:deepslate_sapphire_ore: 1340 (init) -> 1341 (map).
[21May2025 13:51:10.119] [Render thread/DEBUG] [net.minecraftforge.registries.ForgeRegistry/REGISTRIES]: Registry minecraft:item: Fixed minecraft:item id mismatch thermal:deepslate_silver_ore: 1329 (init) -> 1328 (map).
[21May2025 13:51:10.119] [Render thread/DEBUG] [net.minecraftforge.registries.ForgeRegistry/REGISTRIES]: Registry minecraft:item: Fixed minecraft:item id mismatch thermal:deepslate_sulfur_ore: 1317 (init) -> 1320 (map).
[21May2025 13:51:10.119] [Render thread/DEBUG] [net.minecraftforge.registries.ForgeRegistry/REGISTRIES]: Registry minecraft:item: Fixed minecraft:item id mismatch thermal:deepslate_tin_ore: 1322 (init) -> 1324 (map).
[21May2025 13:51:10.119] [Render thread/DEBUG] [net.minecraftforge.registries.ForgeRegistry/REGISTRIES]: Registry minecraft:item: Fixed minecraft:item id mismatch thermal:detonator: 1637 (init) -> 1636 (map).
[21May2025 13:51:10.119] [Render thread/DEBUG] [net.minecraftforge.registries.ForgeRegistry/REGISTRIES]: Registry minecraft:item: Fixed minecraft:item id mismatch thermal:device_collector: 1518 (init) -> 1517 (map).
[21May2025 13:51:10.119] [Render thread/DEBUG] [net.minecraftforge.registries.ForgeRegistry/REGISTRIES]: Registry minecraft:item: Fixed minecraft:item id mismatch thermal:device_composter: 1514 (init) -> 1513 (map).
[21May2025 13:51:10.119] [Render thread/DEBUG] [net.minecraftforge.registries.ForgeRegistry/REGISTRIES]: Registry minecraft:item: Fixed minecraft:item id mismatch thermal:device_fisher: 1513 (init) -> 1512 (map).
[21May2025 13:51:10.119] [Render thread/DEBUG] [net.minecraftforge.registries.ForgeRegistry/REGISTRIES]: Registry minecraft:item: Fixed minecraft:item id mismatch thermal:device_hive_extractor: 1511 (init) -> 1510 (map).
[21May2025 13:51:10.119] [Render thread/DEBUG] [net.minecraftforge.registries.ForgeRegistry/REGISTRIES]: Registry minecraft:item: Fixed minecraft:item id mismatch thermal:device_nullifier: 1520 (init) -> 1519 (map).
[21May2025 13:51:10.119] [Render thread/DEBUG] [net.minecraftforge.registries.ForgeRegistry/REGISTRIES]: Registry minecraft:item: Fixed minecraft:item id mismatch thermal:device_potion_diffuser: 1521 (init) -> 1520 (map).
[21May2025 13:51:10.119] [Render thread/DEBUG] [net.minecraftforge.registries.ForgeRegistry/REGISTRIES]: Registry minecraft:item: Fixed minecraft:item id mismatch thermal:device_rock_gen: 1517 (init) -> 1516 (map).
[21May2025 13:51:10.119] [Render thread/DEBUG] [net.minecraftforge.registries.ForgeRegistry/REGISTRIES]: Registry minecraft:item: Fixed minecraft:item id mismatch thermal:device_soil_infuser: 1515 (init) -> 1514 (map).
[21May2025 13:51:10.119] [Render thread/DEBUG] [net.minecraftforge.registries.ForgeRegistry/REGISTRIES]: Registry minecraft:item: Fixed minecraft:item id mismatch thermal:device_tree_extractor: 1512 (init) -> 1511 (map).
[21May2025 13:51:10.119] [Render thread/DEBUG] [net.minecraftforge.registries.ForgeRegistry/REGISTRIES]: Registry minecraft:item: Fixed minecraft:item id mismatch thermal:device_water_gen: 1516 (init) -> 1515 (map).
[21May2025 13:51:10.119] [Render thread/DEBUG] [net.minecraftforge.registries.ForgeRegistry/REGISTRIES]: Registry minecraft:item: Fixed minecraft:item id mismatch thermal:device_xp_condenser: 1519 (init) -> 1518 (map).
[21May2025 13:51:10.119] [Render thread/DEBUG] [net.minecraftforge.registries.ForgeRegistry/REGISTRIES]: Registry minecraft:item: Fixed minecraft:item id mismatch thermal:diamond_dust: 1574 (init) -> 1573 (map).
[21May2025 13:51:10.119] [Render thread/DEBUG] [net.minecraftforge.registries.ForgeRegistry/REGISTRIES]: Registry minecraft:item: Fixed minecraft:item id mismatch thermal:diamond_gear: 1575 (init) -> 1574 (map).
[21May2025 13:51:10.119] [Render thread/DEBUG] [net.minecraftforge.registries.ForgeRegistry/REGISTRIES]: Registry minecraft:item: Fixed minecraft:item id mismatch thermal:diving_boots: 1654 (init) -> 1653 (map).
[21May2025 13:51:10.119] [Render thread/DEBUG] [net.minecraftforge.registries.ForgeRegistry/REGISTRIES]: Registry minecraft:item: Fixed minecraft:item id mismatch thermal:diving_chestplate: 1652 (init) -> 1651 (map).
[21May2025 13:51:10.119] [Render thread/DEBUG] [net.minecraftforge.registries.ForgeRegistry/REGISTRIES]: Registry minecraft:item: Fixed minecraft:item id mismatch thermal:diving_fabric: 1551 (init) -> 1550 (map).
[21May2025 13:51:10.119] [Render thread/DEBUG] [net.minecraftforge.registries.ForgeRegistry/REGISTRIES]: Registry minecraft:item: Fixed minecraft:item id mismatch thermal:diving_helmet: 1651 (init) -> 1650 (map).
[21May2025 13:51:10.119] [Render thread/DEBUG] [net.minecraftforge.registries.ForgeRegistry/REGISTRIES]: Registry minecraft:item: Fixed minecraft:item id mismatch thermal:diving_leggings: 1653 (init) -> 1652 (map).
[21May2025 13:51:10.119] [Render thread/DEBUG] [net.minecraftforge.registries.ForgeRegistry/REGISTRIES]: Registry minecraft:item: Fixed minecraft:item id mismatch thermal:drill_head: 1600 (init) -> 1599 (map).
[21May2025 13:51:10.119] [Render thread/DEBUG] [net.minecraftforge.registries.ForgeRegistry/REGISTRIES]: Registry minecraft:item: Fixed minecraft:item id mismatch thermal:dynamo_compression: 1345 (init) -> 1352 (map).
[21May2025 13:51:10.119] [Render thread/DEBUG] [net.minecraftforge.registries.ForgeRegistry/REGISTRIES]: Registry minecraft:item: Fixed minecraft:item id mismatch thermal:dynamo_disenchantment: 1351 (init) -> 1359 (map).
[21May2025 13:51:10.119] [Render thread/DEBUG] [net.minecraftforge.registries.ForgeRegistry/REGISTRIES]: Registry minecraft:item: Fixed minecraft:item id mismatch thermal:dynamo_fuel_augment: 1626 (init) -> 1625 (map).
[21May2025 13:51:10.119] [Render thread/DEBUG] [net.minecraftforge.registries.ForgeRegistry/REGISTRIES]: Registry minecraft:item: Fixed minecraft:item id mismatch thermal:dynamo_gourmand: 1353 (init) -> 1360 (map).
[21May2025 13:51:10.119] [Render thread/DEBUG] [net.minecraftforge.registries.ForgeRegistry/REGISTRIES]: Registry minecraft:item: Fixed minecraft:item id mismatch thermal:dynamo_lapidary: 1350 (init) -> 1357 (map).
[21May2025 13:51:10.119] [Render thread/DEBUG] [net.minecraftforge.registries.ForgeRegistry/REGISTRIES]: Registry minecraft:item: Fixed minecraft:item id mismatch thermal:dynamo_magmatic: 1347 (init) -> 1354 (map).
[21May2025 13:51:10.119] [Render thread/DEBUG] [net.minecraftforge.registries.ForgeRegistry/REGISTRIES]: Registry minecraft:item: Fixed minecraft:item id mismatch thermal:dynamo_numismatic: 1348 (init) -> 1355 (map).
[21May2025 13:51:10.119] [Render thread/DEBUG] [net.minecraftforge.registries.ForgeRegistry/REGISTRIES]: Registry minecraft:item: Fixed minecraft:item id mismatch thermal:dynamo_output_augment: 1625 (init) -> 1624 (map).
[21May2025 13:51:10.119] [Render thread/DEBUG] [net.minecraftforge.registries.ForgeRegistry/REGISTRIES]: Registry minecraft:item: Fixed minecraft:item id mismatch thermal:dynamo_stirling: 1343 (init) -> 1350 (map).
[21May2025 13:51:10.119] [Render thread/DEBUG] [net.minecraftforge.registries.ForgeRegistry/REGISTRIES]: Registry minecraft:item: Fixed minecraft:item id mismatch thermal:dynamo_throttle_augment: 1627 (init) -> 1626 (map).
[21May2025 13:51:10.120] [Render thread/DEBUG] [net.minecraftforge.registries.ForgeRegistry/REGISTRIES]: Registry minecraft:item: Fixed minecraft:item id mismatch thermal:earth_charge: 1639 (init) -> 1638 (map).
[21May2025 13:51:10.120] [Render thread/DEBUG] [net.minecraftforge.registries.ForgeRegistry/REGISTRIES]: Registry minecraft:item: Fixed minecraft:item id mismatch thermal:earth_grenade: 1683 (init) -> 1682 (map).
[21May2025 13:51:10.120] [Render thread/DEBUG] [net.minecraftforge.registries.ForgeRegistry/REGISTRIES]: Registry minecraft:item: Fixed minecraft:item id mismatch thermal:earth_tnt: 1693 (init) -> 1692 (map).
[21May2025 13:51:10.120] [Render thread/DEBUG] [net.minecraftforge.registries.ForgeRegistry/REGISTRIES]: Registry minecraft:item: Fixed minecraft:item id mismatch thermal:electrum_block: 1362 (init) -> 1365 (map).
[21May2025 13:51:10.120] [Render thread/DEBUG] [net.minecraftforge.registries.ForgeRegistry/REGISTRIES]: Registry minecraft:item: Fixed minecraft:item id mismatch thermal:electrum_coin: 1432 (init) -> 1428 (map).
[21May2025 13:51:10.120] [Render thread/DEBUG] [net.minecraftforge.registries.ForgeRegistry/REGISTRIES]: Registry minecraft:item: Fixed minecraft:item id mismatch thermal:electrum_dust: 1429 (init) -> 1425 (map).
[21May2025 13:51:10.120] [Render thread/DEBUG] [net.minecraftforge.registries.ForgeRegistry/REGISTRIES]: Registry minecraft:item: Fixed minecraft:item id mismatch thermal:electrum_gear: 1430 (init) -> 1426 (map).
[21May2025 13:51:10.120] [Render thread/DEBUG] [net.minecraftforge.registries.ForgeRegistry/REGISTRIES]: Registry minecraft:item: Fixed minecraft:item id mismatch thermal:electrum_ingot: 1427 (init) -> 1423 (map).
[21May2025 13:51:10.120] [Render thread/DEBUG] [net.minecraftforge.registries.ForgeRegistry/REGISTRIES]: Registry minecraft:item: Fixed minecraft:item id mismatch thermal:electrum_nugget: 1428 (init) -> 1424 (map).
[21May2025 13:51:10.120] [Render thread/DEBUG] [net.minecraftforge.registries.ForgeRegistry/REGISTRIES]: Registry minecraft:item: Fixed minecraft:item id mismatch thermal:electrum_plate: 1431 (init) -> 1427 (map).
[21May2025 13:51:10.120] [Render thread/DEBUG] [net.minecraftforge.registries.ForgeRegistry/REGISTRIES]: Registry minecraft:item: Fixed minecraft:item id mismatch thermal:emerald_dust: 1576 (init) -> 1575 (map).
[21May2025 13:51:10.120] [Render thread/DEBUG] [net.minecraftforge.registries.ForgeRegistry/REGISTRIES]: Registry minecraft:item: Fixed minecraft:item id mismatch thermal:emerald_gear: 1577 (init) -> 1576 (map).
[21May2025 13:51:10.120] [Render thread/DEBUG] [net.minecraftforge.registries.ForgeRegistry/REGISTRIES]: Registry minecraft:item: Fixed minecraft:item id mismatch thermal:ender_bucket: 1664 (init) -> 1663 (map).
[21May2025 13:51:10.120] [Render thread/DEBUG] [net.minecraftforge.registries.ForgeRegistry/REGISTRIES]: Registry minecraft:item: Fixed minecraft:item id mismatch thermal:ender_grenade: 1676 (init) -> 1675 (map).
[21May2025 13:51:10.120] [Render thread/DEBUG] [net.minecraftforge.registries.ForgeRegistry/REGISTRIES]: Registry minecraft:item: Fixed minecraft:item id mismatch thermal:ender_pearl_dust: 1553 (init) -> 1552 (map).
[21May2025 13:51:10.120] [Render thread/DEBUG] [net.minecraftforge.registries.ForgeRegistry/REGISTRIES]: Registry minecraft:item: Fixed minecraft:item id mismatch thermal:ender_tnt: 1686 (init) -> 1685 (map).
[21May2025 13:51:10.120] [Render thread/DEBUG] [net.minecraftforge.registries.ForgeRegistry/REGISTRIES]: Registry minecraft:item: Fixed minecraft:item id mismatch thermal:enderium_block: 1479 (init) -> 1478 (map).
[21May2025 13:51:10.120] [Render thread/DEBUG] [net.minecraftforge.registries.ForgeRegistry/REGISTRIES]: Registry minecraft:item: Fixed minecraft:item id mismatch thermal:enderium_coin: 1597 (init) -> 1596 (map).
[21May2025 13:51:10.120] [Render thread/DEBUG] [net.minecraftforge.registries.ForgeRegistry/REGISTRIES]: Registry minecraft:item: Fixed minecraft:item id mismatch thermal:enderium_dust: 1594 (init) -> 1593 (map).
[21May2025 13:51:10.120] [Render thread/DEBUG] [net.minecraftforge.registries.ForgeRegistry/REGISTRIES]: Registry minecraft:item: Fixed minecraft:item id mismatch thermal:enderium_gear: 1595 (init) -> 1594 (map).
[21May2025 13:51:10.120] [Render thread/DEBUG] [net.minecraftforge.registries.ForgeRegistry/REGISTRIES]: Registry minecraft:item: Fixed minecraft:item id mismatch thermal:enderium_glass: 1486 (init) -> 1485 (map).
[21May2025 13:51:10.120] [Render thread/DEBUG] [net.minecraftforge.registries.ForgeRegistry/REGISTRIES]: Registry minecraft:item: Fixed minecraft:item id mismatch thermal:enderium_ingot: 1592 (init) -> 1591 (map).
[21May2025 13:51:10.120] [Render thread/DEBUG] [net.minecraftforge.registries.ForgeRegistry/REGISTRIES]: Registry minecraft:item: Fixed minecraft:item id mismatch thermal:enderium_nugget: 1593 (init) -> 1592 (map).
[21May2025 13:51:10.120] [Render thread/DEBUG] [net.minecraftforge.registries.ForgeRegistry/REGISTRIES]: Registry minecraft:item: Fixed minecraft:item id mismatch thermal:enderium_plate: 1596 (init) -> 1595 (map).
[21May2025 13:51:10.120] [Render thread/DEBUG] [net.minecraftforge.registries.ForgeRegistry/REGISTRIES]: Registry minecraft:item: Fixed minecraft:item id mismatch thermal:energy_cell: 1524 (init) -> 1523 (map).
[21May2025 13:51:10.120] [Render thread/DEBUG] [net.minecraftforge.registries.ForgeRegistry/REGISTRIES]: Registry minecraft:item: Fixed minecraft:item id mismatch thermal:energy_cell_frame: 1481 (init) -> 1480 (map).
[21May2025 13:51:10.120] [Render thread/DEBUG] [net.minecraftforge.registries.ForgeRegistry/REGISTRIES]: Registry minecraft:item: Fixed minecraft:item id mismatch thermal:energy_duct: 1306 (init) -> 1305 (map).
[21May2025 13:51:10.120] [Render thread/DEBUG] [net.minecraftforge.registries.ForgeRegistry/REGISTRIES]: Registry minecraft:item: Fixed minecraft:item id mismatch thermal:energy_limiter_attachment: 1382 (init) -> 1330 (map).
[21May2025 13:51:10.120] [Render thread/DEBUG] [net.minecraftforge.registries.ForgeRegistry/REGISTRIES]: Registry minecraft:item: Fixed minecraft:item id mismatch thermal:explosive_grenade: 1675 (init) -> 1674 (map).
[21May2025 13:51:10.120] [Render thread/DEBUG] [net.minecraftforge.registries.ForgeRegistry/REGISTRIES]: Registry minecraft:item: Fixed minecraft:item id mismatch thermal:filter_attachment: 1383 (init) -> 1332 (map).
[21May2025 13:51:10.120] [Render thread/DEBUG] [net.minecraftforge.registries.ForgeRegistry/REGISTRIES]: Registry minecraft:item: Fixed minecraft:item id mismatch thermal:fire_grenade: 1680 (init) -> 1679 (map).
[21May2025 13:51:10.120] [Render thread/DEBUG] [net.minecraftforge.registries.ForgeRegistry/REGISTRIES]: Registry minecraft:item: Fixed minecraft:item id mismatch thermal:fire_tnt: 1690 (init) -> 1689 (map).
[21May2025 13:51:10.120] [Render thread/DEBUG] [net.minecraftforge.registries.ForgeRegistry/REGISTRIES]: Registry minecraft:item: Fixed minecraft:item id mismatch thermal:florb: 1638 (init) -> 1637 (map).
[21May2025 13:51:10.120] [Render thread/DEBUG] [net.minecraftforge.registries.ForgeRegistry/REGISTRIES]: Registry minecraft:item: Fixed minecraft:item id mismatch thermal:fluid_cell: 1525 (init) -> 1524 (map).
[21May2025 13:51:10.120] [Render thread/DEBUG] [net.minecraftforge.registries.ForgeRegistry/REGISTRIES]: Registry minecraft:item: Fixed minecraft:item id mismatch thermal:fluid_cell_frame: 1482 (init) -> 1481 (map).
[21May2025 13:51:10.120] [Render thread/DEBUG] [net.minecraftforge.registries.ForgeRegistry/REGISTRIES]: Registry minecraft:item: Fixed minecraft:item id mismatch thermal:fluid_duct: 1309 (init) -> 1308 (map).
[21May2025 13:51:10.120] [Render thread/DEBUG] [net.minecraftforge.registries.ForgeRegistry/REGISTRIES]: Registry minecraft:item: Fixed minecraft:item id mismatch thermal:fluid_duct_windowed: 1349 (init) -> 1310 (map).
[21May2025 13:51:10.120] [Render thread/DEBUG] [net.minecraftforge.registries.ForgeRegistry/REGISTRIES]: Registry minecraft:item: Fixed minecraft:item id mismatch thermal:fluid_filter_augment: 1616 (init) -> 1615 (map).
[21May2025 13:51:10.120] [Render thread/DEBUG] [net.minecraftforge.registries.ForgeRegistry/REGISTRIES]: Registry minecraft:item: Fixed minecraft:item id mismatch thermal:fluid_tank_augment: 1613 (init) -> 1612 (map).
[21May2025 13:51:10.120] [Render thread/DEBUG] [net.minecraftforge.registries.ForgeRegistry/REGISTRIES]: Registry minecraft:item: Fixed minecraft:item id mismatch thermal:fluid_tank_creative_augment: 1614 (init) -> 1613 (map).
[21May2025 13:51:10.120] [Render thread/DEBUG] [net.minecraftforge.registries.ForgeRegistry/REGISTRIES]: Registry minecraft:item: Fixed minecraft:item id mismatch thermal:glowstone_bucket: 1663 (init) -> 1662 (map).
[21May2025 13:51:10.120] [Render thread/DEBUG] [net.minecraftforge.registries.ForgeRegistry/REGISTRIES]: Registry minecraft:item: Fixed minecraft:item id mismatch thermal:glowstone_grenade: 1677 (init) -> 1676 (map).
[21May2025 13:51:10.120] [Render thread/DEBUG] [net.minecraftforge.registries.ForgeRegistry/REGISTRIES]: Registry minecraft:item: Fixed minecraft:item id mismatch thermal:glowstone_tnt: 1687 (init) -> 1686 (map).
[21May2025 13:51:10.120] [Render thread/DEBUG] [net.minecraftforge.registries.ForgeRegistry/REGISTRIES]: Registry minecraft:item: Fixed minecraft:item id mismatch thermal:gold_coin: 1561 (init) -> 1560 (map).
[21May2025 13:51:10.120] [Render thread/DEBUG] [net.minecraftforge.registries.ForgeRegistry/REGISTRIES]: Registry minecraft:item: Fixed minecraft:item id mismatch thermal:gold_dust: 1558 (init) -> 1557 (map).
[21May2025 13:51:10.120] [Render thread/DEBUG] [net.minecraftforge.registries.ForgeRegistry/REGISTRIES]: Registry minecraft:item: Fixed minecraft:item id mismatch thermal:gold_gear: 1559 (init) -> 1558 (map).
[21May2025 13:51:10.120] [Render thread/DEBUG] [net.minecraftforge.registries.ForgeRegistry/REGISTRIES]: Registry minecraft:item: Fixed minecraft:item id mismatch thermal:gold_plate: 1560 (init) -> 1559 (map).
[21May2025 13:51:10.120] [Render thread/DEBUG] [net.minecraftforge.registries.ForgeRegistry/REGISTRIES]: Registry minecraft:item: Fixed minecraft:item id mismatch thermal:gray_rockwool: 1494 (init) -> 1493 (map).
[21May2025 13:51:10.120] [Render thread/DEBUG] [net.minecraftforge.registries.ForgeRegistry/REGISTRIES]: Registry minecraft:item: Fixed minecraft:item id mismatch thermal:green_rockwool: 1500 (init) -> 1499 (map).
[21May2025 13:51:10.120] [Render thread/DEBUG] [net.minecraftforge.registries.ForgeRegistry/REGISTRIES]: Registry minecraft:item: Fixed minecraft:item id mismatch thermal:gunpowder_block: 1458 (init) -> 1457 (map).
[21May2025 13:51:10.120] [Render thread/DEBUG] [net.minecraftforge.registries.ForgeRegistry/REGISTRIES]: Registry minecraft:item: Fixed minecraft:item id mismatch thermal:hazmat_boots: 1658 (init) -> 1657 (map).
[21May2025 13:51:10.120] [Render thread/DEBUG] [net.minecraftforge.registries.ForgeRegistry/REGISTRIES]: Registry minecraft:item: Fixed minecraft:item id mismatch thermal:hazmat_chestplate: 1656 (init) -> 1655 (map).
[21May2025 13:51:10.120] [Render thread/DEBUG] [net.minecraftforge.registries.ForgeRegistry/REGISTRIES]: Registry minecraft:item: Fixed minecraft:item id mismatch thermal:hazmat_fabric: 1552 (init) -> 1551 (map).
[21May2025 13:51:10.120] [Render thread/DEBUG] [net.minecraftforge.registries.ForgeRegistry/REGISTRIES]: Registry minecraft:item: Fixed minecraft:item id mismatch thermal:hazmat_helmet: 1655 (init) -> 1654 (map).
[21May2025 13:51:10.120] [Render thread/DEBUG] [net.minecraftforge.registries.ForgeRegistry/REGISTRIES]: Registry minecraft:item: Fixed minecraft:item id mismatch thermal:hazmat_leggings: 1657 (init) -> 1656 (map).
[21May2025 13:51:10.120] [Render thread/DEBUG] [net.minecraftforge.registries.ForgeRegistry/REGISTRIES]: Registry minecraft:item: Fixed minecraft:item id mismatch thermal:heavy_oil_bucket: 1672 (init) -> 1671 (map).
[21May2025 13:51:10.120] [Render thread/DEBUG] [net.minecraftforge.registries.ForgeRegistry/REGISTRIES]: Registry minecraft:item: Fixed minecraft:item id mismatch thermal:ice_charge: 1640 (init) -> 1639 (map).
[21May2025 13:51:10.121] [Render thread/DEBUG] [net.minecraftforge.registries.ForgeRegistry/REGISTRIES]: Registry minecraft:item: Fixed minecraft:item id mismatch thermal:ice_grenade: 1681 (init) -> 1680 (map).
[21May2025 13:51:10.121] [Render thread/DEBUG] [net.minecraftforge.registries.ForgeRegistry/REGISTRIES]: Registry minecraft:item: Fixed minecraft:item id mismatch thermal:ice_tnt: 1691 (init) -> 1690 (map).
[21May2025 13:51:10.121] [Render thread/DEBUG] [net.minecraftforge.registries.ForgeRegistry/REGISTRIES]: Registry minecraft:item: Fixed minecraft:item id mismatch thermal:invar_block: 1363 (init) -> 1366 (map).
[21May2025 13:51:10.121] [Render thread/DEBUG] [net.minecraftforge.registries.ForgeRegistry/REGISTRIES]: Registry minecraft:item: Fixed minecraft:item id mismatch thermal:invar_coin: 1438 (init) -> 1434 (map).
[21May2025 13:51:10.121] [Render thread/DEBUG] [net.minecraftforge.registries.ForgeRegistry/REGISTRIES]: Registry minecraft:item: Fixed minecraft:item id mismatch thermal:invar_dust: 1435 (init) -> 1431 (map).
[21May2025 13:51:10.121] [Render thread/DEBUG] [net.minecraftforge.registries.ForgeRegistry/REGISTRIES]: Registry minecraft:item: Fixed minecraft:item id mismatch thermal:invar_gear: 1436 (init) -> 1432 (map).
[21May2025 13:51:10.121] [Render thread/DEBUG] [net.minecraftforge.registries.ForgeRegistry/REGISTRIES]: Registry minecraft:item: Fixed minecraft:item id mismatch thermal:invar_ingot: 1433 (init) -> 1429 (map).
[21May2025 13:51:10.121] [Render thread/DEBUG] [net.minecraftforge.registries.ForgeRegistry/REGISTRIES]: Registry minecraft:item: Fixed minecraft:item id mismatch thermal:invar_nugget: 1434 (init) -> 1430 (map).
[21May2025 13:51:10.121] [Render thread/DEBUG] [net.minecraftforge.registries.ForgeRegistry/REGISTRIES]: Registry minecraft:item: Fixed minecraft:item id mismatch thermal:invar_plate: 1437 (init) -> 1433 (map).
[21May2025 13:51:10.121] [Render thread/DEBUG] [net.minecraftforge.registries.ForgeRegistry/REGISTRIES]: Registry minecraft:item: Fixed minecraft:item id mismatch thermal:iron_coin: 1557 (init) -> 1556 (map).
[21May2025 13:51:10.121] [Render thread/DEBUG] [net.minecraftforge.registries.ForgeRegistry/REGISTRIES]: Registry minecraft:item: Fixed minecraft:item id mismatch thermal:iron_dust: 1554 (init) -> 1553 (map).
[21May2025 13:51:10.121] [Render thread/DEBUG] [net.minecraftforge.registries.ForgeRegistry/REGISTRIES]: Registry minecraft:item: Fixed minecraft:item id mismatch thermal:iron_gear: 1555 (init) -> 1554 (map).
[21May2025 13:51:10.121] [Render thread/DEBUG] [net.minecraftforge.registries.ForgeRegistry/REGISTRIES]: Registry minecraft:item: Fixed minecraft:item id mismatch thermal:iron_plate: 1556 (init) -> 1555 (map).
[21May2025 13:51:10.121] [Render thread/DEBUG] [net.minecraftforge.registries.ForgeRegistry/REGISTRIES]: Registry minecraft:item: Fixed minecraft:item id mismatch thermal:item_buffer: 1352 (init) -> 1311 (map).
[21May2025 13:51:10.121] [Render thread/DEBUG] [net.minecraftforge.registries.ForgeRegistry/REGISTRIES]: Registry minecraft:item: Fixed minecraft:item id mismatch thermal:item_filter_augment: 1615 (init) -> 1614 (map).
[21May2025 13:51:10.121] [Render thread/DEBUG] [net.minecraftforge.registries.ForgeRegistry/REGISTRIES]: Registry minecraft:item: Fixed minecraft:item id mismatch thermal:junk_net: 1644 (init) -> 1643 (map).
[21May2025 13:51:10.121] [Render thread/DEBUG] [net.minecraftforge.registries.ForgeRegistry/REGISTRIES]: Registry minecraft:item: Fixed minecraft:item id mismatch thermal:lapis_dust: 1572 (init) -> 1571 (map).
[21May2025 13:51:10.121] [Render thread/DEBUG] [net.minecraftforge.registries.ForgeRegistry/REGISTRIES]: Registry minecraft:item: Fixed minecraft:item id mismatch thermal:lapis_gear: 1573 (init) -> 1572 (map).
[21May2025 13:51:10.121] [Render thread/DEBUG] [net.minecraftforge.registries.ForgeRegistry/REGISTRIES]: Registry minecraft:item: Fixed minecraft:item id mismatch thermal:laser_diode: 1602 (init) -> 1601 (map).
[21May2025 13:51:10.121] [Render thread/DEBUG] [net.minecraftforge.registries.ForgeRegistry/REGISTRIES]: Registry minecraft:item: Fixed minecraft:item id mismatch thermal:latex_bucket: 1669 (init) -> 1668 (map).
[21May2025 13:51:10.121] [Render thread/DEBUG] [net.minecraftforge.registries.ForgeRegistry/REGISTRIES]: Registry minecraft:item: Fixed minecraft:item id mismatch thermal:lead_block: 1358 (init) -> 1361 (map).
[21May2025 13:51:10.121] [Render thread/DEBUG] [net.minecraftforge.registries.ForgeRegistry/REGISTRIES]: Registry minecraft:item: Fixed minecraft:item id mismatch thermal:lead_coin: 1404 (init) -> 1402 (map).
[21May2025 13:51:10.121] [Render thread/DEBUG] [net.minecraftforge.registries.ForgeRegistry/REGISTRIES]: Registry minecraft:item: Fixed minecraft:item id mismatch thermal:lead_dust: 1401 (init) -> 1399 (map).
[21May2025 13:51:10.121] [Render thread/DEBUG] [net.minecraftforge.registries.ForgeRegistry/REGISTRIES]: Registry minecraft:item: Fixed minecraft:item id mismatch thermal:lead_gear: 1402 (init) -> 1400 (map).
[21May2025 13:51:10.121] [Render thread/DEBUG] [net.minecraftforge.registries.ForgeRegistry/REGISTRIES]: Registry minecraft:item: Fixed minecraft:item id mismatch thermal:lead_ingot: 1399 (init) -> 1397 (map).
[21May2025 13:51:10.121] [Render thread/DEBUG] [net.minecraftforge.registries.ForgeRegistry/REGISTRIES]: Registry minecraft:item: Fixed minecraft:item id mismatch thermal:lead_nugget: 1400 (init) -> 1398 (map).
[21May2025 13:51:10.121] [Render thread/DEBUG] [net.minecraftforge.registries.ForgeRegistry/REGISTRIES]: Registry minecraft:item: Fixed minecraft:item id mismatch thermal:lead_ore: 1324 (init) -> 1325 (map).
[21May2025 13:51:10.121] [Render thread/DEBUG] [net.minecraftforge.registries.ForgeRegistry/REGISTRIES]: Registry minecraft:item: Fixed minecraft:item id mismatch thermal:lead_plate: 1403 (init) -> 1401 (map).
[21May2025 13:51:10.121] [Render thread/DEBUG] [net.minecraftforge.registries.ForgeRegistry/REGISTRIES]: Registry minecraft:item: Fixed minecraft:item id mismatch thermal:light_blue_rockwool: 1490 (init) -> 1489 (map).
[21May2025 13:51:10.121] [Render thread/DEBUG] [net.minecraftforge.registries.ForgeRegistry/REGISTRIES]: Registry minecraft:item: Fixed minecraft:item id mismatch thermal:light_gray_rockwool: 1495 (init) -> 1494 (map).
[21May2025 13:51:10.121] [Render thread/DEBUG] [net.minecraftforge.registries.ForgeRegistry/REGISTRIES]: Registry minecraft:item: Fixed minecraft:item id mismatch thermal:light_oil_bucket: 1673 (init) -> 1672 (map).
[21May2025 13:51:10.121] [Render thread/DEBUG] [net.minecraftforge.registries.ForgeRegistry/REGISTRIES]: Registry minecraft:item: Fixed minecraft:item id mismatch thermal:lightning_charge: 1641 (init) -> 1640 (map).
[21May2025 13:51:10.121] [Render thread/DEBUG] [net.minecraftforge.registries.ForgeRegistry/REGISTRIES]: Registry minecraft:item: Fixed minecraft:item id mismatch thermal:lightning_grenade: 1682 (init) -> 1681 (map).
[21May2025 13:51:10.121] [Render thread/DEBUG] [net.minecraftforge.registries.ForgeRegistry/REGISTRIES]: Registry minecraft:item: Fixed minecraft:item id mismatch thermal:lightning_tnt: 1692 (init) -> 1691 (map).
[21May2025 13:51:10.121] [Render thread/DEBUG] [net.minecraftforge.registries.ForgeRegistry/REGISTRIES]: Registry minecraft:item: Fixed minecraft:item id mismatch thermal:lime_rockwool: 1492 (init) -> 1491 (map).
[21May2025 13:51:10.121] [Render thread/DEBUG] [net.minecraftforge.registries.ForgeRegistry/REGISTRIES]: Registry minecraft:item: Fixed minecraft:item id mismatch thermal:lock: 1635 (init) -> 1634 (map).
[21May2025 13:51:10.121] [Render thread/DEBUG] [net.minecraftforge.registries.ForgeRegistry/REGISTRIES]: Registry minecraft:item: Fixed minecraft:item id mismatch thermal:lumium_block: 1478 (init) -> 1477 (map).
[21May2025 13:51:10.121] [Render thread/DEBUG] [net.minecraftforge.registries.ForgeRegistry/REGISTRIES]: Registry minecraft:item: Fixed minecraft:item id mismatch thermal:lumium_coin: 1591 (init) -> 1590 (map).
[21May2025 13:51:10.121] [Render thread/DEBUG] [net.minecraftforge.registries.ForgeRegistry/REGISTRIES]: Registry minecraft:item: Fixed minecraft:item id mismatch thermal:lumium_dust: 1588 (init) -> 1587 (map).
[21May2025 13:51:10.121] [Render thread/DEBUG] [net.minecraftforge.registries.ForgeRegistry/REGISTRIES]: Registry minecraft:item: Fixed minecraft:item id mismatch thermal:lumium_gear: 1589 (init) -> 1588 (map).
[21May2025 13:51:10.121] [Render thread/DEBUG] [net.minecraftforge.registries.ForgeRegistry/REGISTRIES]: Registry minecraft:item: Fixed minecraft:item id mismatch thermal:lumium_glass: 1485 (init) -> 1484 (map).
[21May2025 13:51:10.121] [Render thread/DEBUG] [net.minecraftforge.registries.ForgeRegistry/REGISTRIES]: Registry minecraft:item: Fixed minecraft:item id mismatch thermal:lumium_ingot: 1586 (init) -> 1585 (map).
[21May2025 13:51:10.121] [Render thread/DEBUG] [net.minecraftforge.registries.ForgeRegistry/REGISTRIES]: Registry minecraft:item: Fixed minecraft:item id mismatch thermal:lumium_nugget: 1587 (init) -> 1586 (map).
[21May2025 13:51:10.121] [Render thread/DEBUG] [net.minecraftforge.registries.ForgeRegistry/REGISTRIES]: Registry minecraft:item: Fixed minecraft:item id mismatch thermal:lumium_plate: 1590 (init) -> 1589 (map).
[21May2025 13:51:10.121] [Render thread/DEBUG] [net.minecraftforge.registries.ForgeRegistry/REGISTRIES]: Registry minecraft:item: Fixed minecraft:item id mismatch thermal:machine_bottler: 1335 (init) -> 1343 (map).
[21May2025 13:51:10.121] [Render thread/DEBUG] [net.minecraftforge.registries.ForgeRegistry/REGISTRIES]: Registry minecraft:item: Fixed minecraft:item id mismatch thermal:machine_brewer: 1337 (init) -> 1345 (map).
[21May2025 13:51:10.121] [Render thread/DEBUG] [net.minecraftforge.registries.ForgeRegistry/REGISTRIES]: Registry minecraft:item: Fixed minecraft:item id mismatch thermal:machine_catalyst_augment: 1621 (init) -> 1620 (map).
[21May2025 13:51:10.121] [Render thread/DEBUG] [net.minecraftforge.registries.ForgeRegistry/REGISTRIES]: Registry minecraft:item: Fixed minecraft:item id mismatch thermal:machine_catalyst_creative_augment: 1622 (init) -> 1621 (map).
[21May2025 13:51:10.121] [Render thread/DEBUG] [net.minecraftforge.registries.ForgeRegistry/REGISTRIES]: Registry minecraft:item: Fixed minecraft:item id mismatch thermal:machine_chiller: 1327 (init) -> 1338 (map).
[21May2025 13:51:10.121] [Render thread/DEBUG] [net.minecraftforge.registries.ForgeRegistry/REGISTRIES]: Registry minecraft:item: Fixed minecraft:item id mismatch thermal:machine_crafter: 1341 (init) -> 1348 (map).
[21May2025 13:51:10.121] [Render thread/DEBUG] [net.minecraftforge.registries.ForgeRegistry/REGISTRIES]: Registry minecraft:item: Fixed minecraft:item id mismatch thermal:machine_crucible: 1325 (init) -> 1336 (map).
[21May2025 13:51:10.121] [Render thread/DEBUG] [net.minecraftforge.registries.ForgeRegistry/REGISTRIES]: Registry minecraft:item: Fixed minecraft:item id mismatch thermal:machine_crystallizer: 1339 (init) -> 1346 (map).
[21May2025 13:51:10.122] [Render thread/DEBUG] [net.minecraftforge.registries.ForgeRegistry/REGISTRIES]: Registry minecraft:item: Fixed minecraft:item id mismatch thermal:machine_cycle_augment: 1623 (init) -> 1622 (map).
[21May2025 13:51:10.122] [Render thread/DEBUG] [net.minecraftforge.registries.ForgeRegistry/REGISTRIES]: Registry minecraft:item: Fixed minecraft:item id mismatch thermal:machine_efficiency_augment: 1618 (init) -> 1617 (map).
[21May2025 13:51:10.122] [Render thread/DEBUG] [net.minecraftforge.registries.ForgeRegistry/REGISTRIES]: Registry minecraft:item: Fixed minecraft:item id mismatch thermal:machine_efficiency_creative_augment: 1619 (init) -> 1618 (map).
[21May2025 13:51:10.122] [Render thread/DEBUG] [net.minecraftforge.registries.ForgeRegistry/REGISTRIES]: Registry minecraft:item: Fixed minecraft:item id mismatch thermal:machine_frame: 1480 (init) -> 1479 (map).
[21May2025 13:51:10.122] [Render thread/DEBUG] [net.minecraftforge.registries.ForgeRegistry/REGISTRIES]: Registry minecraft:item: Fixed minecraft:item id mismatch thermal:machine_furnace: 1307 (init) -> 1306 (map).
[21May2025 13:51:10.122] [Render thread/DEBUG] [net.minecraftforge.registries.ForgeRegistry/REGISTRIES]: Registry minecraft:item: Fixed minecraft:item id mismatch thermal:machine_null_augment: 1624 (init) -> 1623 (map).
[21May2025 13:51:10.122] [Render thread/DEBUG] [net.minecraftforge.registries.ForgeRegistry/REGISTRIES]: Registry minecraft:item: Fixed minecraft:item id mismatch thermal:machine_output_augment: 1620 (init) -> 1619 (map).
[21May2025 13:51:10.122] [Render thread/DEBUG] [net.minecraftforge.registries.ForgeRegistry/REGISTRIES]: Registry minecraft:item: Fixed minecraft:item id mismatch thermal:machine_press: 1323 (init) -> 1322 (map).
[21May2025 13:51:10.122] [Render thread/DEBUG] [net.minecraftforge.registries.ForgeRegistry/REGISTRIES]: Registry minecraft:item: Fixed minecraft:item id mismatch thermal:machine_pyrolyzer: 1332 (init) -> 1342 (map).
[21May2025 13:51:10.122] [Render thread/DEBUG] [net.minecraftforge.registries.ForgeRegistry/REGISTRIES]: Registry minecraft:item: Fixed minecraft:item id mismatch thermal:machine_refinery: 1330 (init) -> 1340 (map).
[21May2025 13:51:10.122] [Render thread/DEBUG] [net.minecraftforge.registries.ForgeRegistry/REGISTRIES]: Registry minecraft:item: Fixed minecraft:item id mismatch thermal:machine_sawmill: 1312 (init) -> 1313 (map).
[21May2025 13:51:10.122] [Render thread/DEBUG] [net.minecraftforge.registries.ForgeRegistry/REGISTRIES]: Registry minecraft:item: Fixed minecraft:item id mismatch thermal:machine_smelter: 1318 (init) -> 1317 (map).
[21May2025 13:51:10.122] [Render thread/DEBUG] [net.minecraftforge.registries.ForgeRegistry/REGISTRIES]: Registry minecraft:item: Fixed minecraft:item id mismatch thermal:machine_speed_augment: 1617 (init) -> 1616 (map).
[21May2025 13:51:10.122] [Render thread/DEBUG] [net.minecraftforge.registries.ForgeRegistry/REGISTRIES]: Registry minecraft:item: Fixed minecraft:item id mismatch thermal:magenta_rockwool: 1489 (init) -> 1488 (map).
[21May2025 13:51:10.122] [Render thread/DEBUG] [net.minecraftforge.registries.ForgeRegistry/REGISTRIES]: Registry minecraft:item: Fixed minecraft:item id mismatch thermal:netherite_coin: 1571 (init) -> 1570 (map).
[21May2025 13:51:10.122] [Render thread/DEBUG] [net.minecraftforge.registries.ForgeRegistry/REGISTRIES]: Registry minecraft:item: Fixed minecraft:item id mismatch thermal:netherite_dust: 1568 (init) -> 1567 (map).
[21May2025 13:51:10.122] [Render thread/DEBUG] [net.minecraftforge.registries.ForgeRegistry/REGISTRIES]: Registry minecraft:item: Fixed minecraft:item id mismatch thermal:netherite_gear: 1569 (init) -> 1568 (map).
[21May2025 13:51:10.122] [Render thread/DEBUG] [net.minecraftforge.registries.ForgeRegistry/REGISTRIES]: Registry minecraft:item: Fixed minecraft:item id mismatch thermal:netherite_nugget: 1567 (init) -> 1566 (map).
[21May2025 13:51:10.122] [Render thread/DEBUG] [net.minecraftforge.registries.ForgeRegistry/REGISTRIES]: Registry minecraft:item: Fixed minecraft:item id mismatch thermal:netherite_plate: 1570 (init) -> 1569 (map).
[21May2025 13:51:10.122] [Render thread/DEBUG] [net.minecraftforge.registries.ForgeRegistry/REGISTRIES]: Registry minecraft:item: Fixed minecraft:item id mismatch thermal:nickel_block: 1360 (init) -> 1363 (map).
[21May2025 13:51:10.122] [Render thread/DEBUG] [net.minecraftforge.registries.ForgeRegistry/REGISTRIES]: Registry minecraft:item: Fixed minecraft:item id mismatch thermal:nickel_coin: 1420 (init) -> 1416 (map).
[21May2025 13:51:10.122] [Render thread/DEBUG] [net.minecraftforge.registries.ForgeRegistry/REGISTRIES]: Registry minecraft:item: Fixed minecraft:item id mismatch thermal:nickel_dust: 1416 (init) -> 1413 (map).
[21May2025 13:51:10.122] [Render thread/DEBUG] [net.minecraftforge.registries.ForgeRegistry/REGISTRIES]: Registry minecraft:item: Fixed minecraft:item id mismatch thermal:nickel_gear: 1417 (init) -> 1414 (map).
[21May2025 13:51:10.122] [Render thread/DEBUG] [net.minecraftforge.registries.ForgeRegistry/REGISTRIES]: Registry minecraft:item: Fixed minecraft:item id mismatch thermal:nickel_ingot: 1414 (init) -> 1411 (map).
[21May2025 13:51:10.122] [Render thread/DEBUG] [net.minecraftforge.registries.ForgeRegistry/REGISTRIES]: Registry minecraft:item: Fixed minecraft:item id mismatch thermal:nickel_nugget: 1415 (init) -> 1412 (map).
[21May2025 13:51:10.122] [Render thread/DEBUG] [net.minecraftforge.registries.ForgeRegistry/REGISTRIES]: Registry minecraft:item: Fixed minecraft:item id mismatch thermal:nickel_ore: 1331 (init) -> 1329 (map).
[21May2025 13:51:10.122] [Render thread/DEBUG] [net.minecraftforge.registries.ForgeRegistry/REGISTRIES]: Registry minecraft:item: Fixed minecraft:item id mismatch thermal:nickel_plate: 1419 (init) -> 1415 (map).
[21May2025 13:51:10.122] [Render thread/DEBUG] [net.minecraftforge.registries.ForgeRegistry/REGISTRIES]: Registry minecraft:item: Fixed minecraft:item id mismatch thermal:niter: 1530 (init) -> 1529 (map).
[21May2025 13:51:10.122] [Render thread/DEBUG] [net.minecraftforge.registries.ForgeRegistry/REGISTRIES]: Registry minecraft:item: Fixed minecraft:item id mismatch thermal:niter_block: 1466 (init) -> 1465 (map).
[21May2025 13:51:10.122] [Render thread/DEBUG] [net.minecraftforge.registries.ForgeRegistry/REGISTRIES]: Registry minecraft:item: Fixed minecraft:item id mismatch thermal:niter_dust: 1531 (init) -> 1530 (map).
[21May2025 13:51:10.122] [Render thread/DEBUG] [net.minecraftforge.registries.ForgeRegistry/REGISTRIES]: Registry minecraft:item: Fixed minecraft:item id mismatch thermal:niter_ore: 1313 (init) -> 1314 (map).
[21May2025 13:51:10.122] [Render thread/DEBUG] [net.minecraftforge.registries.ForgeRegistry/REGISTRIES]: Registry minecraft:item: Fixed minecraft:item id mismatch thermal:nuke_grenade: 1685 (init) -> 1684 (map).
[21May2025 13:51:10.122] [Render thread/DEBUG] [net.minecraftforge.registries.ForgeRegistry/REGISTRIES]: Registry minecraft:item: Fixed minecraft:item id mismatch thermal:nuke_tnt: 1695 (init) -> 1694 (map).
[21May2025 13:51:10.122] [Render thread/DEBUG] [net.minecraftforge.registries.ForgeRegistry/REGISTRIES]: Registry minecraft:item: Fixed minecraft:item id mismatch thermal:obsidian_glass: 1483 (init) -> 1482 (map).
[21May2025 13:51:10.122] [Render thread/DEBUG] [net.minecraftforge.registries.ForgeRegistry/REGISTRIES]: Registry minecraft:item: Fixed minecraft:item id mismatch thermal:oil_red_sand: 1344 (init) -> 1347 (map).
[21May2025 13:51:10.122] [Render thread/DEBUG] [net.minecraftforge.registries.ForgeRegistry/REGISTRIES]: Registry minecraft:item: Fixed minecraft:item id mismatch thermal:oil_sand: 1342 (init) -> 1344 (map).
[21May2025 13:51:10.122] [Render thread/DEBUG] [net.minecraftforge.registries.ForgeRegistry/REGISTRIES]: Registry minecraft:item: Fixed minecraft:item id mismatch thermal:orange_rockwool: 1488 (init) -> 1487 (map).
[21May2025 13:51:10.122] [Render thread/DEBUG] [net.minecraftforge.registries.ForgeRegistry/REGISTRIES]: Registry minecraft:item: Fixed minecraft:item id mismatch thermal:phyto_grenade: 1684 (init) -> 1683 (map).
[21May2025 13:51:10.122] [Render thread/DEBUG] [net.minecraftforge.registries.ForgeRegistry/REGISTRIES]: Registry minecraft:item: Fixed minecraft:item id mismatch thermal:phyto_tnt: 1694 (init) -> 1693 (map).
[21May2025 13:51:10.122] [Render thread/DEBUG] [net.minecraftforge.registries.ForgeRegistry/REGISTRIES]: Registry minecraft:item: Fixed minecraft:item id mismatch thermal:phytogro: 1643 (init) -> 1642 (map).
[21May2025 13:51:10.122] [Render thread/DEBUG] [net.minecraftforge.registries.ForgeRegistry/REGISTRIES]: Registry minecraft:item: Fixed minecraft:item id mismatch thermal:pink_rockwool: 1493 (init) -> 1492 (map).
[21May2025 13:51:10.122] [Render thread/DEBUG] [net.minecraftforge.registries.ForgeRegistry/REGISTRIES]: Registry minecraft:item: Fixed minecraft:item id mismatch thermal:polished_rich_slag: 1507 (init) -> 1506 (map).
[21May2025 13:51:10.122] [Render thread/DEBUG] [net.minecraftforge.registries.ForgeRegistry/REGISTRIES]: Registry minecraft:item: Fixed minecraft:item id mismatch thermal:polished_slag: 1503 (init) -> 1502 (map).
[21May2025 13:51:10.122] [Render thread/DEBUG] [net.minecraftforge.registries.ForgeRegistry/REGISTRIES]: Registry minecraft:item: Fixed minecraft:item id mismatch thermal:potato_block: 1462 (init) -> 1461 (map).
[21May2025 13:51:10.122] [Render thread/DEBUG] [net.minecraftforge.registries.ForgeRegistry/REGISTRIES]: Registry minecraft:item: Fixed minecraft:item id mismatch thermal:potion_amplifier_augment: 1629 (init) -> 1628 (map).
[21May2025 13:51:10.122] [Render thread/DEBUG] [net.minecraftforge.registries.ForgeRegistry/REGISTRIES]: Registry minecraft:item: Fixed minecraft:item id mismatch thermal:potion_duration_augment: 1630 (init) -> 1629 (map).
[21May2025 13:51:10.122] [Render thread/DEBUG] [net.minecraftforge.registries.ForgeRegistry/REGISTRIES]: Registry minecraft:item: Fixed minecraft:item id mismatch thermal:press_coin_die: 1391 (init) -> 1386 (map).
[21May2025 13:51:10.122] [Render thread/DEBUG] [net.minecraftforge.registries.ForgeRegistry/REGISTRIES]: Registry minecraft:item: Fixed minecraft:item id mismatch thermal:press_gear_die: 1393 (init) -> 1387 (map).
[21May2025 13:51:10.122] [Render thread/DEBUG] [net.minecraftforge.registries.ForgeRegistry/REGISTRIES]: Registry minecraft:item: Fixed minecraft:item id mismatch thermal:press_packing_2x2_die: 1394 (init) -> 1389 (map).
[21May2025 13:51:10.122] [Render thread/DEBUG] [net.minecraftforge.registries.ForgeRegistry/REGISTRIES]: Registry minecraft:item: Fixed minecraft:item id mismatch thermal:press_packing_3x3_die: 1396 (init) -> 1447 (map).
[21May2025 13:51:10.122] [Render thread/DEBUG] [net.minecraftforge.registries.ForgeRegistry/REGISTRIES]: Registry minecraft:item: Fixed minecraft:item id mismatch thermal:press_unpacking_die: 1406 (init) -> 1449 (map).
[21May2025 13:51:10.122] [Render thread/DEBUG] [net.minecraftforge.registries.ForgeRegistry/REGISTRIES]: Registry minecraft:item: Fixed minecraft:item id mismatch thermal:purple_rockwool: 1497 (init) -> 1496 (map).
[21May2025 13:51:10.122] [Render thread/DEBUG] [net.minecraftforge.registries.ForgeRegistry/REGISTRIES]: Registry minecraft:item: Fixed minecraft:item id mismatch thermal:quartz_dust: 1578 (init) -> 1577 (map).
[21May2025 13:51:10.123] [Render thread/DEBUG] [net.minecraftforge.registries.ForgeRegistry/REGISTRIES]: Registry minecraft:item: Fixed minecraft:item id mismatch thermal:quartz_gear: 1579 (init) -> 1578 (map).
[21May2025 13:51:10.123] [Render thread/DEBUG] [net.minecraftforge.registries.ForgeRegistry/REGISTRIES]: Registry minecraft:item: Fixed minecraft:item id mismatch thermal:raw_lead: 1398 (init) -> 1396 (map).
[21May2025 13:51:10.123] [Render thread/DEBUG] [net.minecraftforge.registries.ForgeRegistry/REGISTRIES]: Registry minecraft:item: Fixed minecraft:item id mismatch thermal:raw_lead_block: 1354 (init) -> 1351 (map).
[21May2025 13:51:10.123] [Render thread/DEBUG] [net.minecraftforge.registries.ForgeRegistry/REGISTRIES]: Registry minecraft:item: Fixed minecraft:item id mismatch thermal:raw_nickel: 1413 (init) -> 1410 (map).
[21May2025 13:51:10.123] [Render thread/DEBUG] [net.minecraftforge.registries.ForgeRegistry/REGISTRIES]: Registry minecraft:item: Fixed minecraft:item id mismatch thermal:raw_silver: 1405 (init) -> 1403 (map).
[21May2025 13:51:10.123] [Render thread/DEBUG] [net.minecraftforge.registries.ForgeRegistry/REGISTRIES]: Registry minecraft:item: Fixed minecraft:item id mismatch thermal:raw_silver_block: 1355 (init) -> 1353 (map).
[21May2025 13:51:10.123] [Render thread/DEBUG] [net.minecraftforge.registries.ForgeRegistry/REGISTRIES]: Registry minecraft:item: Fixed minecraft:item id mismatch thermal:raw_tin: 1384 (init) -> 1388 (map).
[21May2025 13:51:10.123] [Render thread/DEBUG] [net.minecraftforge.registries.ForgeRegistry/REGISTRIES]: Registry minecraft:item: Fixed minecraft:item id mismatch thermal:raw_tin_block: 1346 (init) -> 1349 (map).
[21May2025 13:51:10.123] [Render thread/DEBUG] [net.minecraftforge.registries.ForgeRegistry/REGISTRIES]: Registry minecraft:item: Fixed minecraft:item id mismatch thermal:red_rockwool: 1501 (init) -> 1500 (map).
[21May2025 13:51:10.123] [Render thread/DEBUG] [net.minecraftforge.registries.ForgeRegistry/REGISTRIES]: Registry minecraft:item: Fixed minecraft:item id mismatch thermal:redprint: 1632 (init) -> 1631 (map).
[21May2025 13:51:10.123] [Render thread/DEBUG] [net.minecraftforge.registries.ForgeRegistry/REGISTRIES]: Registry minecraft:item: Fixed minecraft:item id mismatch thermal:redstone_bucket: 1662 (init) -> 1661 (map).
[21May2025 13:51:10.123] [Render thread/DEBUG] [net.minecraftforge.registries.ForgeRegistry/REGISTRIES]: Registry minecraft:item: Fixed minecraft:item id mismatch thermal:redstone_grenade: 1678 (init) -> 1677 (map).
[21May2025 13:51:10.123] [Render thread/DEBUG] [net.minecraftforge.registries.ForgeRegistry/REGISTRIES]: Registry minecraft:item: Fixed minecraft:item id mismatch thermal:redstone_servo: 1598 (init) -> 1597 (map).
[21May2025 13:51:10.123] [Render thread/DEBUG] [net.minecraftforge.registries.ForgeRegistry/REGISTRIES]: Registry minecraft:item: Fixed minecraft:item id mismatch thermal:redstone_tnt: 1688 (init) -> 1687 (map).
[21May2025 13:51:10.123] [Render thread/DEBUG] [net.minecraftforge.registries.ForgeRegistry/REGISTRIES]: Registry minecraft:item: Fixed minecraft:item id mismatch thermal:refined_fuel_bucket: 1674 (init) -> 1673 (map).
[21May2025 13:51:10.123] [Render thread/DEBUG] [net.minecraftforge.registries.ForgeRegistry/REGISTRIES]: Registry minecraft:item: Fixed minecraft:item id mismatch thermal:resin_bucket: 1667 (init) -> 1666 (map).
[21May2025 13:51:10.123] [Render thread/DEBUG] [net.minecraftforge.registries.ForgeRegistry/REGISTRIES]: Registry minecraft:item: Fixed minecraft:item id mismatch thermal:rf_coil: 1599 (init) -> 1598 (map).
[21May2025 13:51:10.123] [Render thread/DEBUG] [net.minecraftforge.registries.ForgeRegistry/REGISTRIES]: Registry minecraft:item: Fixed minecraft:item id mismatch thermal:rf_coil_augment: 1609 (init) -> 1608 (map).
[21May2025 13:51:10.123] [Render thread/DEBUG] [net.minecraftforge.registries.ForgeRegistry/REGISTRIES]: Registry minecraft:item: Fixed minecraft:item id mismatch thermal:rf_coil_creative_augment: 1612 (init) -> 1611 (map).
[21May2025 13:51:10.123] [Render thread/DEBUG] [net.minecraftforge.registries.ForgeRegistry/REGISTRIES]: Registry minecraft:item: Fixed minecraft:item id mismatch thermal:rf_coil_storage_augment: 1610 (init) -> 1609 (map).
[21May2025 13:51:10.123] [Render thread/DEBUG] [net.minecraftforge.registries.ForgeRegistry/REGISTRIES]: Registry minecraft:item: Fixed minecraft:item id mismatch thermal:rf_coil_xfer_augment: 1611 (init) -> 1610 (map).
[21May2025 13:51:10.123] [Render thread/DEBUG] [net.minecraftforge.registries.ForgeRegistry/REGISTRIES]: Registry minecraft:item: Fixed minecraft:item id mismatch thermal:rf_potato: 1633 (init) -> 1632 (map).
[21May2025 13:51:10.123] [Render thread/DEBUG] [net.minecraftforge.registries.ForgeRegistry/REGISTRIES]: Registry minecraft:item: Fixed minecraft:item id mismatch thermal:rich_slag: 1542 (init) -> 1541 (map).
[21May2025 13:51:10.123] [Render thread/DEBUG] [net.minecraftforge.registries.ForgeRegistry/REGISTRIES]: Registry minecraft:item: Fixed minecraft:item id mismatch thermal:rich_slag_block: 1476 (init) -> 1475 (map).
[21May2025 13:51:10.123] [Render thread/DEBUG] [net.minecraftforge.registries.ForgeRegistry/REGISTRIES]: Registry minecraft:item: Fixed minecraft:item id mismatch thermal:rich_slag_bricks: 1509 (init) -> 1508 (map).
[21May2025 13:51:10.123] [Render thread/DEBUG] [net.minecraftforge.registries.ForgeRegistry/REGISTRIES]: Registry minecraft:item: Fixed minecraft:item id mismatch thermal:rosin: 1538 (init) -> 1537 (map).
[21May2025 13:51:10.123] [Render thread/DEBUG] [net.minecraftforge.registries.ForgeRegistry/REGISTRIES]: Registry minecraft:item: Fixed minecraft:item id mismatch thermal:rosin_block: 1472 (init) -> 1471 (map).
[21May2025 13:51:10.123] [Render thread/DEBUG] [net.minecraftforge.registries.ForgeRegistry/REGISTRIES]: Registry minecraft:item: Fixed minecraft:item id mismatch thermal:rs_control_augment: 1606 (init) -> 1605 (map).
[21May2025 13:51:10.123] [Render thread/DEBUG] [net.minecraftforge.registries.ForgeRegistry/REGISTRIES]: Registry minecraft:item: Fixed minecraft:item id mismatch thermal:rubber: 1539 (init) -> 1538 (map).
[21May2025 13:51:10.123] [Render thread/DEBUG] [net.minecraftforge.registries.ForgeRegistry/REGISTRIES]: Registry minecraft:item: Fixed minecraft:item id mismatch thermal:rubber_block: 1473 (init) -> 1472 (map).
[21May2025 13:51:10.123] [Render thread/DEBUG] [net.minecraftforge.registries.ForgeRegistry/REGISTRIES]: Registry minecraft:item: Fixed minecraft:item id mismatch thermal:rubberwood_boat: 1453 (init) -> 1448 (map).
[21May2025 13:51:10.123] [Render thread/DEBUG] [net.minecraftforge.registries.ForgeRegistry/REGISTRIES]: Registry minecraft:item: Fixed minecraft:item id mismatch thermal:rubberwood_button: 1378 (init) -> 1381 (map).
[21May2025 13:51:10.123] [Render thread/DEBUG] [net.minecraftforge.registries.ForgeRegistry/REGISTRIES]: Registry minecraft:item: Fixed minecraft:item id mismatch thermal:rubberwood_chest_boat: 1454 (init) -> 1450 (map).
[21May2025 13:51:10.123] [Render thread/DEBUG] [net.minecraftforge.registries.ForgeRegistry/REGISTRIES]: Registry minecraft:item: Fixed minecraft:item id mismatch thermal:rubberwood_door: 1376 (init) -> 1379 (map).
[21May2025 13:51:10.123] [Render thread/DEBUG] [net.minecraftforge.registries.ForgeRegistry/REGISTRIES]: Registry minecraft:item: Fixed minecraft:item id mismatch thermal:rubberwood_fence: 1380 (init) -> 1383 (map).
[21May2025 13:51:10.123] [Render thread/DEBUG] [net.minecraftforge.registries.ForgeRegistry/REGISTRIES]: Registry minecraft:item: Fixed minecraft:item id mismatch thermal:rubberwood_fence_gate: 1381 (init) -> 1384 (map).
[21May2025 13:51:10.123] [Render thread/DEBUG] [net.minecraftforge.registries.ForgeRegistry/REGISTRIES]: Registry minecraft:item: Fixed minecraft:item id mismatch thermal:rubberwood_hanging_sign: 1456 (init) -> 1454 (map).
[21May2025 13:51:10.123] [Render thread/DEBUG] [net.minecraftforge.registries.ForgeRegistry/REGISTRIES]: Registry minecraft:item: Fixed minecraft:item id mismatch thermal:rubberwood_leaves: 1372 (init) -> 1375 (map).
[21May2025 13:51:10.123] [Render thread/DEBUG] [net.minecraftforge.registries.ForgeRegistry/REGISTRIES]: Registry minecraft:item: Fixed minecraft:item id mismatch thermal:rubberwood_log: 1367 (init) -> 1370 (map).
[21May2025 13:51:10.123] [Render thread/DEBUG] [net.minecraftforge.registries.ForgeRegistry/REGISTRIES]: Registry minecraft:item: Fixed minecraft:item id mismatch thermal:rubberwood_planks: 1373 (init) -> 1376 (map).
[21May2025 13:51:10.123] [Render thread/DEBUG] [net.minecraftforge.registries.ForgeRegistry/REGISTRIES]: Registry minecraft:item: Fixed minecraft:item id mismatch thermal:rubberwood_pressure_plate: 1379 (init) -> 1382 (map).
[21May2025 13:51:10.123] [Render thread/DEBUG] [net.minecraftforge.registries.ForgeRegistry/REGISTRIES]: Registry minecraft:item: Fixed minecraft:item id mismatch thermal:rubberwood_sapling: 1371 (init) -> 1374 (map).
[21May2025 13:51:10.123] [Render thread/DEBUG] [net.minecraftforge.registries.ForgeRegistry/REGISTRIES]: Registry minecraft:item: Fixed minecraft:item id mismatch thermal:rubberwood_sign: 1455 (init) -> 1452 (map).
[21May2025 13:51:10.123] [Render thread/DEBUG] [net.minecraftforge.registries.ForgeRegistry/REGISTRIES]: Registry minecraft:item: Fixed minecraft:item id mismatch thermal:rubberwood_slab: 1374 (init) -> 1377 (map).
[21May2025 13:51:10.123] [Render thread/DEBUG] [net.minecraftforge.registries.ForgeRegistry/REGISTRIES]: Registry minecraft:item: Fixed minecraft:item id mismatch thermal:rubberwood_stairs: 1375 (init) -> 1378 (map).
[21May2025 13:51:10.123] [Render thread/DEBUG] [net.minecraftforge.registries.ForgeRegistry/REGISTRIES]: Registry minecraft:item: Fixed minecraft:item id mismatch thermal:rubberwood_trapdoor: 1377 (init) -> 1380 (map).
[21May2025 13:51:10.123] [Render thread/DEBUG] [net.minecraftforge.registries.ForgeRegistry/REGISTRIES]: Registry minecraft:item: Fixed minecraft:item id mismatch thermal:rubberwood_wood: 1369 (init) -> 1372 (map).
[21May2025 13:51:10.123] [Render thread/DEBUG] [net.minecraftforge.registries.ForgeRegistry/REGISTRIES]: Registry minecraft:item: Fixed minecraft:item id mismatch thermal:ruby: 1447 (init) -> 1441 (map).
[21May2025 13:51:10.123] [Render thread/DEBUG] [net.minecraftforge.registries.ForgeRegistry/REGISTRIES]: Registry minecraft:item: Fixed minecraft:item id mismatch thermal:ruby_block: 1365 (init) -> 1368 (map).
[21May2025 13:51:10.123] [Render thread/DEBUG] [net.minecraftforge.registries.ForgeRegistry/REGISTRIES]: Registry minecraft:item: Fixed minecraft:item id mismatch thermal:ruby_dust: 1448 (init) -> 1442 (map).
[21May2025 13:51:10.123] [Render thread/DEBUG] [net.minecraftforge.registries.ForgeRegistry/REGISTRIES]: Registry minecraft:item: Fixed minecraft:item id mismatch thermal:ruby_gear: 1449 (init) -> 1443 (map).
[21May2025 13:51:10.123] [Render thread/DEBUG] [net.minecraftforge.registries.ForgeRegistry/REGISTRIES]: Registry minecraft:item: Fixed minecraft:item id mismatch thermal:sap_bucket: 1665 (init) -> 1664 (map).
[21May2025 13:51:10.123] [Render thread/DEBUG] [net.minecraftforge.registries.ForgeRegistry/REGISTRIES]: Registry minecraft:item: Fixed minecraft:item id mismatch thermal:sapphire: 1450 (init) -> 1444 (map).
[21May2025 13:51:10.123] [Render thread/DEBUG] [net.minecraftforge.registries.ForgeRegistry/REGISTRIES]: Registry minecraft:item: Fixed minecraft:item id mismatch thermal:sapphire_block: 1366 (init) -> 1369 (map).
[21May2025 13:51:10.123] [Render thread/DEBUG] [net.minecraftforge.registries.ForgeRegistry/REGISTRIES]: Registry minecraft:item: Fixed minecraft:item id mismatch thermal:sapphire_dust: 1451 (init) -> 1445 (map).
[21May2025 13:51:10.123] [Render thread/DEBUG] [net.minecraftforge.registries.ForgeRegistry/REGISTRIES]: Registry minecraft:item: Fixed minecraft:item id mismatch thermal:sapphire_gear: 1452 (init) -> 1446 (map).
[21May2025 13:51:10.123] [Render thread/DEBUG] [net.minecraftforge.registries.ForgeRegistry/REGISTRIES]: Registry minecraft:item: Fixed minecraft:item id mismatch thermal:sapphire_ore: 1338 (init) -> 1339 (map).
[21May2025 13:51:10.123] [Render thread/DEBUG] [net.minecraftforge.registries.ForgeRegistry/REGISTRIES]: Registry minecraft:item: Fixed minecraft:item id mismatch thermal:satchel: 1636 (init) -> 1635 (map).
[21May2025 13:51:10.124] [Render thread/DEBUG] [net.minecraftforge.registries.ForgeRegistry/REGISTRIES]: Registry minecraft:item: Fixed minecraft:item id mismatch thermal:saw_blade: 1601 (init) -> 1600 (map).
[21May2025 13:51:10.124] [Render thread/DEBUG] [net.minecraftforge.registries.ForgeRegistry/REGISTRIES]: Registry minecraft:item: Fixed minecraft:item id mismatch thermal:sawdust: 1534 (init) -> 1533 (map).
[21May2025 13:51:10.124] [Render thread/DEBUG] [net.minecraftforge.registries.ForgeRegistry/REGISTRIES]: Registry minecraft:item: Fixed minecraft:item id mismatch thermal:sawdust_block: 1468 (init) -> 1467 (map).
[21May2025 13:51:10.124] [Render thread/DEBUG] [net.minecraftforge.registries.ForgeRegistry/REGISTRIES]: Registry minecraft:item: Fixed minecraft:item id mismatch thermal:servo_attachment: 1386 (init) -> 1333 (map).
[21May2025 13:51:10.124] [Render thread/DEBUG] [net.minecraftforge.registries.ForgeRegistry/REGISTRIES]: Registry minecraft:item: Fixed minecraft:item id mismatch thermal:side_config_augment: 1607 (init) -> 1606 (map).
[21May2025 13:51:10.124] [Render thread/DEBUG] [net.minecraftforge.registries.ForgeRegistry/REGISTRIES]: Registry minecraft:item: Fixed minecraft:item id mismatch thermal:signalum_block: 1477 (init) -> 1476 (map).
[21May2025 13:51:10.124] [Render thread/DEBUG] [net.minecraftforge.registries.ForgeRegistry/REGISTRIES]: Registry minecraft:item: Fixed minecraft:item id mismatch thermal:signalum_coin: 1585 (init) -> 1584 (map).
[21May2025 13:51:10.124] [Render thread/DEBUG] [net.minecraftforge.registries.ForgeRegistry/REGISTRIES]: Registry minecraft:item: Fixed minecraft:item id mismatch thermal:signalum_dust: 1582 (init) -> 1581 (map).
[21May2025 13:51:10.124] [Render thread/DEBUG] [net.minecraftforge.registries.ForgeRegistry/REGISTRIES]: Registry minecraft:item: Fixed minecraft:item id mismatch thermal:signalum_gear: 1583 (init) -> 1582 (map).
[21May2025 13:51:10.124] [Render thread/DEBUG] [net.minecraftforge.registries.ForgeRegistry/REGISTRIES]: Registry minecraft:item: Fixed minecraft:item id mismatch thermal:signalum_glass: 1484 (init) -> 1483 (map).
[21May2025 13:51:10.124] [Render thread/DEBUG] [net.minecraftforge.registries.ForgeRegistry/REGISTRIES]: Registry minecraft:item: Fixed minecraft:item id mismatch thermal:signalum_ingot: 1580 (init) -> 1579 (map).
[21May2025 13:51:10.124] [Render thread/DEBUG] [net.minecraftforge.registries.ForgeRegistry/REGISTRIES]: Registry minecraft:item: Fixed minecraft:item id mismatch thermal:signalum_nugget: 1581 (init) -> 1580 (map).
[21May2025 13:51:10.124] [Render thread/DEBUG] [net.minecraftforge.registries.ForgeRegistry/REGISTRIES]: Registry minecraft:item: Fixed minecraft:item id mismatch thermal:signalum_plate: 1584 (init) -> 1583 (map).
[21May2025 13:51:10.124] [Render thread/DEBUG] [net.minecraftforge.registries.ForgeRegistry/REGISTRIES]: Registry minecraft:item: Fixed minecraft:item id mismatch thermal:silver_block: 1359 (init) -> 1362 (map).
[21May2025 13:51:10.124] [Render thread/DEBUG] [net.minecraftforge.registries.ForgeRegistry/REGISTRIES]: Registry minecraft:item: Fixed minecraft:item id mismatch thermal:silver_coin: 1412 (init) -> 1409 (map).
[21May2025 13:51:10.124] [Render thread/DEBUG] [net.minecraftforge.registries.ForgeRegistry/REGISTRIES]: Registry minecraft:item: Fixed minecraft:item id mismatch thermal:silver_dust: 1409 (init) -> 1406 (map).
[21May2025 13:51:10.124] [Render thread/DEBUG] [net.minecraftforge.registries.ForgeRegistry/REGISTRIES]: Registry minecraft:item: Fixed minecraft:item id mismatch thermal:silver_gear: 1410 (init) -> 1407 (map).
[21May2025 13:51:10.124] [Render thread/DEBUG] [net.minecraftforge.registries.ForgeRegistry/REGISTRIES]: Registry minecraft:item: Fixed minecraft:item id mismatch thermal:silver_ingot: 1407 (init) -> 1404 (map).
[21May2025 13:51:10.124] [Render thread/DEBUG] [net.minecraftforge.registries.ForgeRegistry/REGISTRIES]: Registry minecraft:item: Fixed minecraft:item id mismatch thermal:silver_nugget: 1408 (init) -> 1405 (map).
[21May2025 13:51:10.124] [Render thread/DEBUG] [net.minecraftforge.registries.ForgeRegistry/REGISTRIES]: Registry minecraft:item: Fixed minecraft:item id mismatch thermal:silver_ore: 1328 (init) -> 1327 (map).
[21May2025 13:51:10.124] [Render thread/DEBUG] [net.minecraftforge.registries.ForgeRegistry/REGISTRIES]: Registry minecraft:item: Fixed minecraft:item id mismatch thermal:silver_plate: 1411 (init) -> 1408 (map).
[21May2025 13:51:10.124] [Render thread/DEBUG] [net.minecraftforge.registries.ForgeRegistry/REGISTRIES]: Registry minecraft:item: Fixed minecraft:item id mismatch thermal:slag: 1541 (init) -> 1540 (map).
[21May2025 13:51:10.124] [Render thread/DEBUG] [net.minecraftforge.registries.ForgeRegistry/REGISTRIES]: Registry minecraft:item: Fixed minecraft:item id mismatch thermal:slag_block: 1475 (init) -> 1474 (map).
[21May2025 13:51:10.124] [Render thread/DEBUG] [net.minecraftforge.registries.ForgeRegistry/REGISTRIES]: Registry minecraft:item: Fixed minecraft:item id mismatch thermal:slag_bricks: 1505 (init) -> 1504 (map).
[21May2025 13:51:10.124] [Render thread/DEBUG] [net.minecraftforge.registries.ForgeRegistry/REGISTRIES]: Registry minecraft:item: Fixed minecraft:item id mismatch thermal:slime_grenade: 1679 (init) -> 1678 (map).
[21May2025 13:51:10.124] [Render thread/DEBUG] [net.minecraftforge.registries.ForgeRegistry/REGISTRIES]: Registry minecraft:item: Fixed minecraft:item id mismatch thermal:slime_tnt: 1689 (init) -> 1688 (map).
[21May2025 13:51:10.124] [Render thread/DEBUG] [net.minecraftforge.registries.ForgeRegistry/REGISTRIES]: Registry minecraft:item: Fixed minecraft:item id mismatch thermal:stripped_rubberwood_log: 1368 (init) -> 1371 (map).
[21May2025 13:51:10.124] [Render thread/DEBUG] [net.minecraftforge.registries.ForgeRegistry/REGISTRIES]: Registry minecraft:item: Fixed minecraft:item id mismatch thermal:stripped_rubberwood_wood: 1370 (init) -> 1373 (map).
[21May2025 13:51:10.124] [Render thread/DEBUG] [net.minecraftforge.registries.ForgeRegistry/REGISTRIES]: Registry minecraft:item: Fixed minecraft:item id mismatch thermal:sugar_cane_block: 1459 (init) -> 1458 (map).
[21May2025 13:51:10.124] [Render thread/DEBUG] [net.minecraftforge.registries.ForgeRegistry/REGISTRIES]: Registry minecraft:item: Fixed minecraft:item id mismatch thermal:sulfur: 1532 (init) -> 1531 (map).
[21May2025 13:51:10.124] [Render thread/DEBUG] [net.minecraftforge.registries.ForgeRegistry/REGISTRIES]: Registry minecraft:item: Fixed minecraft:item id mismatch thermal:sulfur_block: 1467 (init) -> 1466 (map).
[21May2025 13:51:10.124] [Render thread/DEBUG] [net.minecraftforge.registries.ForgeRegistry/REGISTRIES]: Registry minecraft:item: Fixed minecraft:item id mismatch thermal:sulfur_dust: 1533 (init) -> 1532 (map).
[21May2025 13:51:10.124] [Render thread/DEBUG] [net.minecraftforge.registries.ForgeRegistry/REGISTRIES]: Registry minecraft:item: Fixed minecraft:item id mismatch thermal:sulfur_ore: 1316 (init) -> 1318 (map).
[21May2025 13:51:10.124] [Render thread/DEBUG] [net.minecraftforge.registries.ForgeRegistry/REGISTRIES]: Registry minecraft:item: Fixed minecraft:item id mismatch thermal:syrup_bottle: 1543 (init) -> 1542 (map).
[21May2025 13:51:10.124] [Render thread/DEBUG] [net.minecraftforge.registries.ForgeRegistry/REGISTRIES]: Registry minecraft:item: Fixed minecraft:item id mismatch thermal:syrup_bucket: 1666 (init) -> 1665 (map).
[21May2025 13:51:10.124] [Render thread/DEBUG] [net.minecraftforge.registries.ForgeRegistry/REGISTRIES]: Registry minecraft:item: Fixed minecraft:item id mismatch thermal:tar: 1537 (init) -> 1536 (map).
[21May2025 13:51:10.124] [Render thread/DEBUG] [net.minecraftforge.registries.ForgeRegistry/REGISTRIES]: Registry minecraft:item: Fixed minecraft:item id mismatch thermal:tar_block: 1471 (init) -> 1470 (map).
[21May2025 13:51:10.124] [Render thread/DEBUG] [net.minecraftforge.registries.ForgeRegistry/REGISTRIES]: Registry minecraft:item: Fixed minecraft:item id mismatch thermal:tin_block: 1357 (init) -> 1358 (map).
[21May2025 13:51:10.124] [Render thread/DEBUG] [net.minecraftforge.registries.ForgeRegistry/REGISTRIES]: Registry minecraft:item: Fixed minecraft:item id mismatch thermal:tin_coin: 1397 (init) -> 1395 (map).
[21May2025 13:51:10.124] [Render thread/DEBUG] [net.minecraftforge.registries.ForgeRegistry/REGISTRIES]: Registry minecraft:item: Fixed minecraft:item id mismatch thermal:tin_dust: 1390 (init) -> 1392 (map).
[21May2025 13:51:10.124] [Render thread/DEBUG] [net.minecraftforge.registries.ForgeRegistry/REGISTRIES]: Registry minecraft:item: Fixed minecraft:item id mismatch thermal:tin_gear: 1392 (init) -> 1393 (map).
[21May2025 13:51:10.124] [Render thread/DEBUG] [net.minecraftforge.registries.ForgeRegistry/REGISTRIES]: Registry minecraft:item: Fixed minecraft:item id mismatch thermal:tin_ingot: 1388 (init) -> 1390 (map).
[21May2025 13:51:10.124] [Render thread/DEBUG] [net.minecraftforge.registries.ForgeRegistry/REGISTRIES]: Registry minecraft:item: Fixed minecraft:item id mismatch thermal:tin_nugget: 1389 (init) -> 1391 (map).
[21May2025 13:51:10.124] [Render thread/DEBUG] [net.minecraftforge.registries.ForgeRegistry/REGISTRIES]: Registry minecraft:item: Fixed minecraft:item id mismatch thermal:tin_ore: 1320 (init) -> 1323 (map).
[21May2025 13:51:10.124] [Render thread/DEBUG] [net.minecraftforge.registries.ForgeRegistry/REGISTRIES]: Registry minecraft:item: Fixed minecraft:item id mismatch thermal:tin_plate: 1395 (init) -> 1394 (map).
[21May2025 13:51:10.124] [Render thread/DEBUG] [net.minecraftforge.registries.ForgeRegistry/REGISTRIES]: Registry minecraft:item: Fixed minecraft:item id mismatch thermal:tinker_bench: 1522 (init) -> 1521 (map).
[21May2025 13:51:10.124] [Render thread/DEBUG] [net.minecraftforge.registries.ForgeRegistry/REGISTRIES]: Registry minecraft:item: Fixed minecraft:item id mismatch thermal:tree_oil_bucket: 1668 (init) -> 1667 (map).
[21May2025 13:51:10.124] [Render thread/DEBUG] [net.minecraftforge.registries.ForgeRegistry/REGISTRIES]: Registry minecraft:item: Fixed minecraft:item id mismatch thermal:turbo_servo_attachment: 1387 (init) -> 1335 (map).
[21May2025 13:51:10.124] [Render thread/DEBUG] [net.minecraftforge.registries.ForgeRegistry/REGISTRIES]: Registry minecraft:item: Fixed minecraft:item id mismatch thermal:upgrade_augment_1: 1603 (init) -> 1602 (map).
[21May2025 13:51:10.124] [Render thread/DEBUG] [net.minecraftforge.registries.ForgeRegistry/REGISTRIES]: Registry minecraft:item: Fixed minecraft:item id mismatch thermal:upgrade_augment_2: 1604 (init) -> 1603 (map).
[21May2025 13:51:10.124] [Render thread/DEBUG] [net.minecraftforge.registries.ForgeRegistry/REGISTRIES]: Registry minecraft:item: Fixed minecraft:item id mismatch thermal:upgrade_augment_3: 1605 (init) -> 1604 (map).
[21May2025 13:51:10.124] [Render thread/DEBUG] [net.minecraftforge.registries.ForgeRegistry/REGISTRIES]: Registry minecraft:item: Fixed minecraft:item id mismatch thermal:white_rockwool: 1487 (init) -> 1486 (map).
[21May2025 13:51:10.124] [Render thread/DEBUG] [net.minecraftforge.registries.ForgeRegistry/REGISTRIES]: Registry minecraft:item: Fixed minecraft:item id mismatch thermal:wrench: 1631 (init) -> 1630 (map).
[21May2025 13:51:10.124] [Render thread/DEBUG] [net.minecraftforge.registries.ForgeRegistry/REGISTRIES]: Registry minecraft:item: Fixed minecraft:item id mismatch thermal:xp_crystal: 1634 (init) -> 1633 (map).
[21May2025 13:51:10.124] [Render thread/DEBUG] [net.minecraftforge.registries.ForgeRegistry/REGISTRIES]: Registry minecraft:item: Fixed minecraft:item id mismatch thermal:xp_storage_augment: 1608 (init) -> 1607 (map).
[21May2025 13:51:10.124] [Render thread/DEBUG] [net.minecraftforge.registries.ForgeRegistry/REGISTRIES]: Registry minecraft:item: Fixed minecraft:item id mismatch thermal:yellow_rockwool: 1491 (init) -> 1490 (map).
[21May2025 13:51:10.142] [Render thread/DEBUG] [net.minecraftforge.registries.ForgeRegistry/REGISTRIES]: Registry minecraft:block Sync: ACTIVE -> STAGING
[21May2025 13:51:10.146] [Render thread/DEBUG] [net.minecraftforge.registries.ForgeRegistry/REGISTRIES]: Registry minecraft:fluid Sync: ACTIVE -> STAGING
[21May2025 13:51:10.146] [Render thread/DEBUG] [net.minecraftforge.registries.ForgeRegistry/REGISTRIES]: Registry minecraft:item Sync: ACTIVE -> STAGING
[21May2025 13:51:10.152] [Render thread/DEBUG] [net.minecraftforge.registries.ForgeRegistry/REGISTRIES]: Registry minecraft:mob_effect Sync: ACTIVE -> STAGING
[21May2025 13:51:10.152] [Render thread/DEBUG] [net.minecraftforge.registries.ForgeRegistry/REGISTRIES]: Registry minecraft:sound_event Sync: ACTIVE -> STAGING
[21May2025 13:51:10.156] [Render thread/DEBUG] [net.minecraftforge.registries.ForgeRegistry/REGISTRIES]: Registry minecraft:potion Sync: ACTIVE -> STAGING
[21May2025 13:51:10.156] [Render thread/DEBUG] [net.minecraftforge.registries.ForgeRegistry/REGISTRIES]: Registry minecraft:enchantment Sync: ACTIVE -> STAGING
[21May2025 13:51:10.156] [Render thread/DEBUG] [net.minecraftforge.registries.ForgeRegistry/REGISTRIES]: Registry minecraft:entity_type Sync: ACTIVE -> STAGING
[21May2025 13:51:10.157] [Render thread/DEBUG] [net.minecraftforge.registries.ForgeRegistry/REGISTRIES]: Registry minecraft:block_entity_type Sync: ACTIVE -> STAGING
[21May2025 13:51:10.157] [Render thread/DEBUG] [net.minecraftforge.registries.ForgeRegistry/REGISTRIES]: Registry minecraft:particle_type Sync: ACTIVE -> STAGING
[21May2025 13:51:10.157] [Render thread/DEBUG] [net.minecraftforge.registries.ForgeRegistry/REGISTRIES]: Registry minecraft:menu Sync: ACTIVE -> STAGING
[21May2025 13:51:10.158] [Render thread/DEBUG] [net.minecraftforge.registries.ForgeRegistry/REGISTRIES]: Registry minecraft:painting_variant Sync: ACTIVE -> STAGING
[21May2025 13:51:10.158] [Render thread/DEBUG] [net.minecraftforge.registries.ForgeRegistry/REGISTRIES]: Registry minecraft:recipe_type Sync: ACTIVE -> STAGING
[21May2025 13:51:10.158] [Render thread/DEBUG] [net.minecraftforge.registries.ForgeRegistry/REGISTRIES]: Registry minecraft:recipe_serializer Sync: ACTIVE -> STAGING
[21May2025 13:51:10.158] [Render thread/DEBUG] [net.minecraftforge.registries.ForgeRegistry/REGISTRIES]: Registry minecraft:attribute Sync: ACTIVE -> STAGING
[21May2025 13:51:10.158] [Render thread/DEBUG] [net.minecraftforge.registries.ForgeRegistry/REGISTRIES]: Registry minecraft:stat_type Sync: ACTIVE -> STAGING
[21May2025 13:51:10.158] [Render thread/DEBUG] [net.minecraftforge.registries.ForgeRegistry/REGISTRIES]: Registry minecraft:command_argument_type Sync: ACTIVE -> STAGING
[21May2025 13:51:10.158] [Render thread/DEBUG] [net.minecraftforge.registries.ForgeRegistry/REGISTRIES]: Registry minecraft:villager_profession Sync: ACTIVE -> STAGING
[21May2025 13:51:10.158] [Render thread/DEBUG] [net.minecraftforge.registries.ForgeRegistry/REGISTRIES]: Registry minecraft:point_of_interest_type Sync: ACTIVE -> STAGING
[21May2025 13:51:10.159] [Render thread/DEBUG] [net.minecraftforge.registries.ForgeRegistry/REGISTRIES]: Registry minecraft:memory_module_type Sync: ACTIVE -> STAGING
[21May2025 13:51:10.159] [Render thread/DEBUG] [net.minecraftforge.registries.ForgeRegistry/REGISTRIES]: Registry minecraft:sensor_type Sync: ACTIVE -> STAGING
[21May2025 13:51:10.159] [Render thread/DEBUG] [net.minecraftforge.registries.ForgeRegistry/REGISTRIES]: Registry minecraft:schedule Sync: ACTIVE -> STAGING
[21May2025 13:51:10.159] [Render thread/DEBUG] [net.minecraftforge.registries.ForgeRegistry/REGISTRIES]: Registry minecraft:activity Sync: ACTIVE -> STAGING
[21May2025 13:51:10.160] [Render thread/DEBUG] [net.minecraftforge.registries.ForgeRegistry/REGISTRIES]: Registry minecraft:worldgen/carver Sync: ACTIVE -> STAGING
[21May2025 13:51:10.160] [Render thread/DEBUG] [net.minecraftforge.registries.ForgeRegistry/REGISTRIES]: Registry minecraft:worldgen/feature Sync: ACTIVE -> STAGING
[21May2025 13:51:10.160] [Render thread/DEBUG] [net.minecraftforge.registries.ForgeRegistry/REGISTRIES]: Registry minecraft:chunk_status Sync: ACTIVE -> STAGING
[21May2025 13:51:10.160] [Render thread/DEBUG] [net.minecraftforge.registries.ForgeRegistry/REGISTRIES]: Registry minecraft:worldgen/block_state_provider_type Sync: ACTIVE -> STAGING
[21May2025 13:51:10.160] [Render thread/DEBUG] [net.minecraftforge.registries.ForgeRegistry/REGISTRIES]: Registry minecraft:worldgen/foliage_placer_type Sync: ACTIVE -> STAGING
[21May2025 13:51:10.160] [Render thread/DEBUG] [net.minecraftforge.registries.ForgeRegistry/REGISTRIES]: Registry minecraft:worldgen/tree_decorator_type Sync: ACTIVE -> STAGING
[21May2025 13:51:10.160] [Render thread/DEBUG] [net.minecraftforge.registries.ForgeRegistry/REGISTRIES]: Registry minecraft:worldgen/biome Sync: ACTIVE -> STAGING
[21May2025 13:51:10.160] [Render thread/DEBUG] [net.minecraftforge.registries.ForgeRegistry/REGISTRIES]: Registry forge:entity_data_serializers Sync: ACTIVE -> STAGING
[21May2025 13:51:10.160] [Render thread/DEBUG] [net.minecraftforge.registries.ForgeRegistry/REGISTRIES]: Registry forge:global_loot_modifier_serializers Sync: ACTIVE -> STAGING
[21May2025 13:51:10.160] [Render thread/DEBUG] [net.minecraftforge.registries.ForgeRegistry/REGISTRIES]: Registry forge:biome_modifier_serializers Sync: ACTIVE -> STAGING
[21May2025 13:51:10.160] [Render thread/DEBUG] [net.minecraftforge.registries.ForgeRegistry/REGISTRIES]: Registry forge:fluid_type Sync: ACTIVE -> STAGING
[21May2025 13:51:10.160] [Render thread/DEBUG] [net.minecraftforge.registries.ForgeRegistry/REGISTRIES]: Registry forge:structure_modifier_serializers Sync: ACTIVE -> STAGING
[21May2025 13:51:10.160] [Render thread/DEBUG] [net.minecraftforge.registries.ForgeRegistry/REGISTRIES]: Registry forge:holder_set_type Sync: ACTIVE -> STAGING
[21May2025 13:51:10.160] [Render thread/DEBUG] [net.minecraftforge.registries.ForgeRegistry/REGISTRIES]: Registry forge:display_contexts Sync: ACTIVE -> STAGING
[21May2025 13:51:10.160] [Render thread/DEBUG] [net.minecraftforge.registries.ForgeRegistry/REGISTRIES]: Registry thermal_dynamics:grid_type Sync: ACTIVE -> STAGING
[21May2025 13:51:10.546] [Render thread/DEBUG] [net.minecraftforge.registries.ObjectHolderRegistry/REGISTRIES]: Applying holder lookups
[21May2025 13:51:10.550] [Render thread/DEBUG] [net.minecraftforge.registries.ObjectHolderRegistry/REGISTRIES]: Holder lookups applied
[21May2025 13:51:10.561] [Render thread/DEBUG] [net.minecraftforge.server.ServerLifecycleHooks/CORE]: Generating PackInfo named mod:configured for mod file /home/honziggi/.gradle/caches/forge_gradle/deobf_dependencies/curse/maven/configured-457570/5180900_mapped_parchment_2023.09.03-1.20.1/configured-457570-5180900_mapped_parchment_2023.09.03-1.20.1.jar
[21May2025 13:51:10.561] [Render thread/DEBUG] [net.minecraftforge.server.ServerLifecycleHooks/CORE]: Generating PackInfo named mod:jade for mod file /home/honziggi/.gradle/caches/forge_gradle/deobf_dependencies/maven/modrinth/jade/11.13.1+forge_mapped_parchment_2023.09.03-1.20.1/jade-11.13.1+forge_mapped_parchment_2023.09.03-1.20.1.jar
[21May2025 13:51:10.561] [Render thread/DEBUG] [net.minecraftforge.server.ServerLifecycleHooks/CORE]: Generating PackInfo named mod:jei for mod file /home/honziggi/.gradle/caches/forge_gradle/deobf_dependencies/curse/maven/jei-238222/6075247_mapped_parchment_2023.09.03-1.20.1/jei-238222-6075247_mapped_parchment_2023.09.03-1.20.1.jar
[21May2025 13:51:10.562] [Render thread/DEBUG] [net.minecraftforge.server.ServerLifecycleHooks/CORE]: Generating PackInfo named mod:branik_mod for mod file /home/honziggi/Desktop/branik-mod-main/build/resources/main
[21May2025 13:51:10.562] [Render thread/DEBUG] [net.minecraftforge.server.ServerLifecycleHooks/CORE]: Generating PackInfo named mod:kotlinforforge for mod file 
[21May2025 13:51:10.562] [Render thread/DEBUG] [net.minecraftforge.server.ServerLifecycleHooks/CORE]: Generating PackInfo named mod:forge for mod file /
[21May2025 13:51:10.562] [Render thread/DEBUG] [net.minecraftforge.server.ServerLifecycleHooks/CORE]: Generating PackInfo named mod:cofh_core for mod file /home/honziggi/.gradle/caches/forge_gradle/deobf_dependencies/curse/maven/cofh-core-69162/5374122_mapped_parchment_2023.09.03-1.20.1/cofh-core-69162-5374122_mapped_parchment_2023.09.03-1.20.1.jar
[21May2025 13:51:10.562] [Render thread/DEBUG] [net.minecraftforge.server.ServerLifecycleHooks/CORE]: Generating PackInfo named mod:pipez for mod file /home/honziggi/.gradle/caches/forge_gradle/deobf_dependencies/curse/maven/pipez-443900/4916633_mapped_parchment_2023.09.03-1.20.1/pipez-443900-4916633_mapped_parchment_2023.09.03-1.20.1.jar
[21May2025 13:51:10.562] [Render thread/DEBUG] [net.minecraftforge.server.ServerLifecycleHooks/CORE]: Generating PackInfo named mod:thermal for mod file 
[21May2025 13:51:10.562] [Render thread/DEBUG] [net.minecraftforge.server.ServerLifecycleHooks/CORE]: Generating PackInfo named mod:thermal_foundation for mod file /home/honziggi/.gradle/caches/forge_gradle/deobf_dependencies/curse/maven/thermal-foundation-222880/5443583_mapped_parchment_2023.09.03-1.20.1/thermal-foundation-222880-5443583_mapped_parchment_2023.09.03-1.20.1.jar
[21May2025 13:51:10.562] [Render thread/DEBUG] [net.minecraftforge.server.ServerLifecycleHooks/CORE]: Generating PackInfo named mod:thermal_expansion for mod file /home/honziggi/.gradle/caches/forge_gradle/deobf_dependencies/curse/maven/thermal-expansion-69163/5372749_mapped_parchment_2023.09.03-1.20.1/thermal-expansion-69163-5372749_mapped_parchment_2023.09.03-1.20.1.jar
[21May2025 13:51:10.562] [Render thread/DEBUG] [net.minecraftforge.server.ServerLifecycleHooks/CORE]: Generating PackInfo named mod:thermal_dynamics for mod file /home/honziggi/.gradle/caches/forge_gradle/deobf_dependencies/curse/maven/thermal-dynamics-227443/5372747_mapped_parchment_2023.09.03-1.20.1/thermal-dynamics-227443-5372747_mapped_parchment_2023.09.03-1.20.1.jar
[21May2025 13:51:10.971] [Render thread/DEBUG] [net.minecraftforge.coremod.transformer.CoreModBaseTransformer/COREMOD]: Transforming net/minecraft/server/commands/SummonCommand
[21May2025 13:51:11.165] [Worker-Main-5/DEBUG] [net.minecraftforge.coremod.transformer.CoreModBaseTransformer/COREMOD]: Transforming net/minecraft/world/entity/raid/Raid
[21May2025 13:51:11.275] [Worker-Main-5/INFO] [branik_mod/]: ✔ Injected HOPS_SEEDS into grass drops
[21May2025 13:51:11.372] [Render thread/INFO] [net.minecraft.world.item.crafting.RecipeManager/]: Loaded 37 recipes
[21May2025 13:51:11.447] [Render thread/INFO] [net.minecraft.advancements.AdvancementList/]: Loaded 1271 advancements
[21May2025 13:51:11.830] [Render thread/DEBUG] [thermal/]: Adding default Furnace recipes to the Redstone Furnace...
[21May2025 13:51:11.833] [Render thread/DEBUG] [thermal/]: Adding default Log processing recipes to the Sawmill...
[21May2025 13:51:11.835] [Render thread/DEBUG] [thermal/]: Adding default Furnace-Based processing recipes to the Pulverizer...
[21May2025 13:51:11.839] [Render thread/DEBUG] [thermal/]: Adding default Furnace-Based processing recipes to the Induction Smelter...
[21May2025 13:51:11.842] [Render thread/DEBUG] [thermal/]: Adding default Bucket recipes to the Fluid Encapsulator...
[21May2025 13:51:11.843] [Render thread/DEBUG] [thermal/]: Adding default Florb recipes to the Fluid Encapsulator...
[21May2025 13:51:11.845] [Render thread/DEBUG] [thermal/]: Adding default Potion recipes to the Fluid Encapsulator...
[21May2025 13:51:11.845] [Render thread/DEBUG] [thermal/]: Adding default Brewing Stand recipes to the Alchemical Imbuer...
[21May2025 13:51:11.879] [Render thread/DEBUG] [net.minecraftforge.common.ForgeHooks/WP]: Gathering id map for writing to world save ENGINES
[21May2025 13:51:11.884] [Render thread/DEBUG] [net.minecraftforge.common.ForgeHooks/WP]: ID Map collection complete ENGINES
[21May2025 13:51:11.918] [Server thread/INFO] [net.minecraft.client.server.IntegratedServer/]: Starting integrated minecraft server version 1.20.1
[21May2025 13:51:11.918] [Server thread/INFO] [net.minecraft.server.MinecraftServer/]: Generating keypair
[21May2025 13:51:12.000] [Server thread/DEBUG] [net.minecraftforge.fml.config.ConfigTracker/CONFIG]: Loading configs type SERVER
[21May2025 13:51:12.000] [Server thread/DEBUG] [net.minecraftforge.fml.config.ConfigFileTypeHandler/CONFIG]: Built TOML config for ./saves/ENGINES/serverconfig/jei-server.toml
[21May2025 13:51:12.000] [Server thread/DEBUG] [net.minecraftforge.fml.config.ConfigFileTypeHandler/CONFIG]: Loaded TOML config file ./saves/ENGINES/serverconfig/jei-server.toml
[21May2025 13:51:12.000] [Server thread/DEBUG] [net.minecraftforge.fml.config.ConfigFileTypeHandler/CONFIG]: Watching TOML config file ./saves/ENGINES/serverconfig/jei-server.toml for changes
[21May2025 13:51:12.001] [Thread-3/DEBUG] [net.minecraftforge.fml.config.ConfigFileTypeHandler/CONFIG]: Config file jei-server.toml changed, sending notifies
[21May2025 13:51:12.001] [Server thread/DEBUG] [net.minecraftforge.fml.config.ConfigFileTypeHandler/CONFIG]: Built TOML config for ./saves/ENGINES/serverconfig/pipez-server.toml
[21May2025 13:51:12.001] [Thread-3/DEBUG] [net.minecraftforge.fml.config.ConfigFileTypeHandler/CONFIG]: Config file jei-server.toml changed, sending notifies
[21May2025 13:51:12.001] [Server thread/DEBUG] [net.minecraftforge.fml.config.ConfigFileTypeHandler/CONFIG]: Loaded TOML config file ./saves/ENGINES/serverconfig/pipez-server.toml
[21May2025 13:51:12.001] [Server thread/DEBUG] [net.minecraftforge.fml.config.ConfigFileTypeHandler/CONFIG]: Watching TOML config file ./saves/ENGINES/serverconfig/pipez-server.toml for changes
[21May2025 13:51:12.002] [Thread-3/DEBUG] [net.minecraftforge.fml.config.ConfigFileTypeHandler/CONFIG]: Config file pipez-server.toml changed, sending notifies
[21May2025 13:51:12.002] [Server thread/DEBUG] [net.minecraftforge.fml.config.ConfigFileTypeHandler/CONFIG]: Built TOML config for ./saves/ENGINES/serverconfig/cofh_core-server.toml
[21May2025 13:51:12.002] [Server thread/DEBUG] [net.minecraftforge.fml.config.ConfigFileTypeHandler/CONFIG]: Loaded TOML config file ./saves/ENGINES/serverconfig/cofh_core-server.toml
[21May2025 13:51:12.002] [Server thread/DEBUG] [net.minecraftforge.fml.config.ConfigFileTypeHandler/CONFIG]: Watching TOML config file ./saves/ENGINES/serverconfig/cofh_core-server.toml for changes
[21May2025 13:51:12.002] [Thread-3/DEBUG] [net.minecraftforge.fml.config.ConfigFileTypeHandler/CONFIG]: Config file pipez-server.toml changed, sending notifies
[21May2025 13:51:12.002] [Thread-3/DEBUG] [net.minecraftforge.fml.config.ConfigFileTypeHandler/CONFIG]: Config file cofh_core-server.toml changed, sending notifies
[21May2025 13:51:12.003] [Server thread/DEBUG] [net.minecraftforge.fml.config.ConfigFileTypeHandler/CONFIG]: Built TOML config for ./saves/ENGINES/serverconfig/forge-server.toml
[21May2025 13:51:12.003] [Server thread/DEBUG] [net.minecraftforge.fml.config.ConfigFileTypeHandler/CONFIG]: Loaded TOML config file ./saves/ENGINES/serverconfig/forge-server.toml
[21May2025 13:51:12.003] [Server thread/DEBUG] [net.minecraftforge.fml.config.ConfigFileTypeHandler/CONFIG]: Watching TOML config file ./saves/ENGINES/serverconfig/forge-server.toml for changes
[21May2025 13:51:12.003] [Thread-3/DEBUG] [net.minecraftforge.fml.config.ConfigFileTypeHandler/CONFIG]: Config file cofh_core-server.toml changed, sending notifies
[21May2025 13:51:12.003] [Server thread/DEBUG] [net.minecraftforge.common.ForgeConfig/FORGEMOD]: Loaded forge config file forge-server.toml
[21May2025 13:51:12.003] [Thread-3/DEBUG] [net.minecraftforge.fml.config.ConfigFileTypeHandler/CONFIG]: Config file forge-server.toml changed, sending notifies
[21May2025 13:51:12.003] [Server thread/DEBUG] [net.minecraftforge.fml.config.ConfigFileTypeHandler/CONFIG]: Built TOML config for ./saves/ENGINES/serverconfig/thermal-server.toml
[21May2025 13:51:12.003] [Thread-3/DEBUG] [net.minecraftforge.common.ForgeConfig/FORGEMOD]: Forge config just got changed on the file system!
[21May2025 13:51:12.004] [Thread-3/DEBUG] [net.minecraftforge.fml.config.ConfigFileTypeHandler/CONFIG]: Config file forge-server.toml changed, sending notifies
[21May2025 13:51:12.004] [Thread-3/DEBUG] [net.minecraftforge.common.ForgeConfig/FORGEMOD]: Forge config just got changed on the file system!
[21May2025 13:51:12.004] [Server thread/DEBUG] [net.minecraftforge.fml.config.ConfigFileTypeHandler/CONFIG]: Loaded TOML config file ./saves/ENGINES/serverconfig/thermal-server.toml
[21May2025 13:51:12.004] [Server thread/DEBUG] [net.minecraftforge.fml.config.ConfigFileTypeHandler/CONFIG]: Watching TOML config file ./saves/ENGINES/serverconfig/thermal-server.toml for changes
[21May2025 13:51:12.005] [Thread-3/DEBUG] [net.minecraftforge.fml.config.ConfigFileTypeHandler/CONFIG]: Config file thermal-server.toml changed, sending notifies
[21May2025 13:51:12.026] [Server thread/DEBUG] [net.minecraftforge.coremod.transformer.CoreModBaseTransformer/COREMOD]: Transforming net/minecraft/world/level/levelgen/PhantomSpawner
[21May2025 13:51:12.030] [Server thread/DEBUG] [net.minecraftforge.coremod.transformer.CoreModBaseTransformer/COREMOD]: Transforming net/minecraft/world/level/levelgen/PatrolSpawner
[21May2025 13:51:12.032] [Server thread/DEBUG] [net.minecraftforge.coremod.transformer.CoreModBaseTransformer/COREMOD]: Transforming net/minecraft/world/entity/npc/CatSpawner
[21May2025 13:51:12.035] [Server thread/DEBUG] [net.minecraftforge.coremod.transformer.CoreModBaseTransformer/COREMOD]: Transforming net/minecraft/world/entity/ai/village/VillageSiege
[21May2025 13:51:12.161] [Server thread/INFO] [net.minecraft.server.MinecraftServer/]: Preparing start region for dimension minecraft:overworld
[21May2025 13:51:13.644] [Server thread/DEBUG] [net.minecraftforge.coremod.transformer.CoreModBaseTransformer/COREMOD]: Transforming net/minecraft/world/level/levelgen/structure/templatesystem/StructureTemplate
[21May2025 13:51:13.731] [Render thread/INFO] [net.minecraft.server.level.progress.LoggerChunkProgressListener/]: Preparing spawn area: 0%
[21May2025 13:51:13.731] [Render thread/INFO] [net.minecraft.server.level.progress.LoggerChunkProgressListener/]: Preparing spawn area: 0%
[21May2025 13:51:13.731] [Render thread/INFO] [net.minecraft.server.level.progress.LoggerChunkProgressListener/]: Preparing spawn area: 0%
[21May2025 13:51:13.731] [Render thread/INFO] [net.minecraft.server.level.progress.LoggerChunkProgressListener/]: Preparing spawn area: 0%
[21May2025 13:51:14.182] [Render thread/INFO] [net.minecraft.server.level.progress.LoggerChunkProgressListener/]: Preparing spawn area: 43%
[21May2025 13:51:14.365] [Server thread/INFO] [net.minecraftforge.server.permission.PermissionAPI/]: Successfully initialized permission handler forge:default_handler
[21May2025 13:51:14.374] [Render thread/INFO] [net.minecraft.server.level.progress.LoggerChunkProgressListener/]: Time elapsed: 2209 ms
[21May2025 13:51:14.401] [Server thread/DEBUG] [io.netty.buffer.AbstractByteBuf/]: -Dio.netty.buffer.checkAccessible: true
[21May2025 13:51:14.401] [Server thread/DEBUG] [io.netty.buffer.AbstractByteBuf/]: -Dio.netty.buffer.checkBounds: true
[21May2025 13:51:14.402] [Server thread/DEBUG] [io.netty.util.ResourceLeakDetectorFactory/]: Loaded default ResourceLeakDetector: io.netty.util.ResourceLeakDetector@7e5b229b
[21May2025 13:51:14.417] [Server thread/DEBUG] [net.minecraftforge.coremod.transformer.CoreModBaseTransformer/COREMOD]: Transforming net/minecraft/world/level/NaturalSpawner
[21May2025 13:51:14.442] [Server thread/INFO] [net.minecraft.client.server.IntegratedServer/]: Changing view distance to 12, from 10
[21May2025 13:51:14.445] [Server thread/INFO] [net.minecraft.client.server.IntegratedServer/]: Changing simulation distance to 12, from 0
[21May2025 13:51:14.468] [Render thread/DEBUG] [io.netty.channel.MultithreadEventLoopGroup/]: -Dio.netty.eventLoopThreads: 24
[21May2025 13:51:14.479] [Render thread/DEBUG] [io.netty.util.internal.InternalThreadLocalMap/]: -Dio.netty.threadLocalMap.stringBuilder.initialSize: 1024
[21May2025 13:51:14.479] [Render thread/DEBUG] [io.netty.util.internal.InternalThreadLocalMap/]: -Dio.netty.threadLocalMap.stringBuilder.maxSize: 4096
[21May2025 13:51:14.482] [Render thread/DEBUG] [io.netty.channel.nio.NioEventLoop/]: -Dio.netty.noKeySetOptimization: false
[21May2025 13:51:14.483] [Render thread/DEBUG] [io.netty.channel.nio.NioEventLoop/]: -Dio.netty.selectorAutoRebuildThreshold: 512
[21May2025 13:51:14.488] [Render thread/DEBUG] [io.netty.util.internal.PlatformDependent/]: org.jctools-core.MpscChunkedArrayQueue: available
[21May2025 13:51:14.495] [Render thread/DEBUG] [io.netty.channel.DefaultChannelId/]: -Dio.netty.processId: 73998 (auto-detected)
[21May2025 13:51:14.496] [Render thread/WARN] [io.netty.util.internal.SystemPropertyUtil/]: Unable to parse the boolean system property 'java.net.preferIPv6Addresses':system - using the default value: false
[21May2025 13:51:14.497] [Render thread/DEBUG] [io.netty.util.NetUtil/]: -Djava.net.preferIPv4Stack: false
[21May2025 13:51:14.497] [Render thread/DEBUG] [io.netty.util.NetUtil/]: -Djava.net.preferIPv6Addresses: false
[21May2025 13:51:14.498] [Render thread/DEBUG] [io.netty.util.NetUtilInitializations/]: Loopback interface: lo (lo, 0:0:0:0:0:0:0:1%lo)
[21May2025 13:51:14.498] [Render thread/DEBUG] [io.netty.util.NetUtil/]: /proc/sys/net/core/somaxconn: 4096
[21May2025 13:51:14.498] [Render thread/DEBUG] [io.netty.channel.DefaultChannelId/]: -Dio.netty.machineId: f4:c8:8a:ff:fe:e4:c0:eb (auto-detected)
[21May2025 13:51:14.508] [Render thread/DEBUG] [io.netty.buffer.PooledByteBufAllocator/]: -Dio.netty.allocator.numHeapArenas: 24
[21May2025 13:51:14.508] [Render thread/DEBUG] [io.netty.buffer.PooledByteBufAllocator/]: -Dio.netty.allocator.numDirectArenas: 24
[21May2025 13:51:14.508] [Render thread/DEBUG] [io.netty.buffer.PooledByteBufAllocator/]: -Dio.netty.allocator.pageSize: 8192
[21May2025 13:51:14.508] [Render thread/DEBUG] [io.netty.buffer.PooledByteBufAllocator/]: -Dio.netty.allocator.maxOrder: 9
[21May2025 13:51:14.508] [Render thread/DEBUG] [io.netty.buffer.PooledByteBufAllocator/]: -Dio.netty.allocator.chunkSize: 4194304
[21May2025 13:51:14.508] [Render thread/DEBUG] [io.netty.buffer.PooledByteBufAllocator/]: -Dio.netty.allocator.smallCacheSize: 256
[21May2025 13:51:14.508] [Render thread/DEBUG] [io.netty.buffer.PooledByteBufAllocator/]: -Dio.netty.allocator.normalCacheSize: 64
[21May2025 13:51:14.508] [Render thread/DEBUG] [io.netty.buffer.PooledByteBufAllocator/]: -Dio.netty.allocator.maxCachedBufferCapacity: 32768
[21May2025 13:51:14.508] [Render thread/DEBUG] [io.netty.buffer.PooledByteBufAllocator/]: -Dio.netty.allocator.cacheTrimInterval: 8192
[21May2025 13:51:14.508] [Render thread/DEBUG] [io.netty.buffer.PooledByteBufAllocator/]: -Dio.netty.allocator.cacheTrimIntervalMillis: 0
[21May2025 13:51:14.508] [Render thread/DEBUG] [io.netty.buffer.PooledByteBufAllocator/]: -Dio.netty.allocator.useCacheForAllThreads: false
[21May2025 13:51:14.508] [Render thread/DEBUG] [io.netty.buffer.PooledByteBufAllocator/]: -Dio.netty.allocator.maxCachedByteBuffersPerChunk: 1023
[21May2025 13:51:14.515] [Render thread/DEBUG] [io.netty.buffer.ByteBufUtil/]: -Dio.netty.allocator.type: pooled
[21May2025 13:51:14.515] [Render thread/DEBUG] [io.netty.buffer.ByteBufUtil/]: -Dio.netty.threadLocalDirectBufferSize: 0
[21May2025 13:51:14.515] [Render thread/DEBUG] [io.netty.buffer.ByteBufUtil/]: -Dio.netty.maxThreadLocalCharBufferSize: 16384
[21May2025 13:51:14.548] [Netty Local Client IO #0/DEBUG] [net.minecraftforge.network.HandshakeHandler/FMLHANDSHAKE]: Starting local connection.
[21May2025 13:51:14.566] [Server thread/DEBUG] [mixin/]: Mixing ClientboundSetEntityMotionPacketMixin from mixins.cofhcore.json into net.minecraft.network.protocol.game.ClientboundSetEntityMotionPacket
[21May2025 13:51:14.629] [Netty Local Client IO #0/DEBUG] [io.netty.util.Recycler/]: -Dio.netty.recycler.maxCapacityPerThread: 4096
[21May2025 13:51:14.629] [Netty Local Client IO #0/DEBUG] [io.netty.util.Recycler/]: -Dio.netty.recycler.ratio: 8
[21May2025 13:51:14.629] [Netty Local Client IO #0/DEBUG] [io.netty.util.Recycler/]: -Dio.netty.recycler.chunkSize: 32
[21May2025 13:51:14.629] [Netty Local Client IO #0/DEBUG] [io.netty.util.Recycler/]: -Dio.netty.recycler.blocking: false
[21May2025 13:51:14.638] [Netty Server IO #1/DEBUG] [net.minecraftforge.network.HandshakeHandler/FMLHANDSHAKE]: Starting local connection.
[21May2025 13:51:14.682] [Server thread/DEBUG] [net.minecraftforge.network.HandshakeHandler/FMLHANDSHAKE]: Sending ticking packet info 'net.minecraftforge.network.HandshakeMessages$S2CModData' to 'fml:handshake' sequence 0
[21May2025 13:51:14.688] [Netty Local Client IO #0/DEBUG] [net.minecraftforge.network.LoginWrapper/FMLHANDSHAKE]: Recieved login wrapper packet event for channel fml:handshake with index 0
[21May2025 13:51:14.737] [Server thread/DEBUG] [net.minecraftforge.network.HandshakeHandler/FMLHANDSHAKE]: Sending ticking packet info 'net.minecraftforge.network.HandshakeMessages$S2CModList' to 'fml:handshake' sequence 1
[21May2025 13:51:14.738] [Netty Local Client IO #0/DEBUG] [net.minecraftforge.network.LoginWrapper/FMLHANDSHAKE]: Recieved login wrapper packet event for channel fml:handshake with index 1
[21May2025 13:51:14.739] [Netty Local Client IO #0/DEBUG] [net.minecraftforge.network.HandshakeHandler/FMLHANDSHAKE]: Logging into server with mod list [configured, minecraft, jade, jei, branik_mod, kotlinforforge, forge, cofh_core, pipez, thermal, thermal_foundation, thermal_expansion, thermal_dynamics]
[21May2025 13:51:14.740] [Netty Local Client IO #0/DEBUG] [net.minecraftforge.network.NetworkRegistry/NETREGISTRY]: Channel 'thermal_dynamics:general' : Version test of '1' from server : ACCEPTED
[21May2025 13:51:14.740] [Netty Local Client IO #0/DEBUG] [net.minecraftforge.network.NetworkRegistry/NETREGISTRY]: Channel 'fml:loginwrapper' : Version test of 'FML3' from server : ACCEPTED
[21May2025 13:51:14.740] [Netty Local Client IO #0/DEBUG] [net.minecraftforge.network.NetworkRegistry/NETREGISTRY]: Channel 'forge:tier_sorting' : Version test of '1.0' from server : ACCEPTED
[21May2025 13:51:14.740] [Netty Local Client IO #0/DEBUG] [net.minecraftforge.network.NetworkRegistry/NETREGISTRY]: Channel 'configured:play' : Version test of '1' from server : ACCEPTED
[21May2025 13:51:14.740] [Netty Local Client IO #0/DEBUG] [net.minecraftforge.network.NetworkRegistry/NETREGISTRY]: Channel 'branik_mod:main' : Version test of '1.0' from server : ACCEPTED
[21May2025 13:51:14.740] [Netty Local Client IO #0/DEBUG] [net.minecraftforge.network.NetworkRegistry/NETREGISTRY]: Channel 'jei:channel' : Version test of '1.0.0' from server : ACCEPTED
[21May2025 13:51:14.740] [Netty Local Client IO #0/DEBUG] [net.minecraftforge.network.NetworkRegistry/NETREGISTRY]: Channel 'minecraft:unregister' : Version test of 'FML3' from server : ACCEPTED
[21May2025 13:51:14.741] [Netty Local Client IO #0/DEBUG] [net.minecraftforge.network.NetworkRegistry/NETREGISTRY]: Channel 'fml:play' : Version test of 'FML3' from server : ACCEPTED
[21May2025 13:51:14.741] [Netty Local Client IO #0/DEBUG] [net.minecraftforge.network.NetworkRegistry/NETREGISTRY]: Channel 'fml:handshake' : Version test of 'FML3' from server : ACCEPTED
[21May2025 13:51:14.741] [Netty Local Client IO #0/DEBUG] [net.minecraftforge.network.NetworkRegistry/NETREGISTRY]: Channel 'cofh_core:general' : Version test of '1' from server : ACCEPTED
[21May2025 13:51:14.741] [Netty Local Client IO #0/DEBUG] [net.minecraftforge.network.NetworkRegistry/NETREGISTRY]: Channel 'minecraft:register' : Version test of 'FML3' from server : ACCEPTED
[21May2025 13:51:14.741] [Netty Local Client IO #0/DEBUG] [net.minecraftforge.network.NetworkRegistry/NETREGISTRY]: Channel 'pipez:default' : Version test of '1.0.0' from server : ACCEPTED
[21May2025 13:51:14.741] [Netty Local Client IO #0/DEBUG] [net.minecraftforge.network.NetworkRegistry/NETREGISTRY]: Channel 'forge:split' : Version test of '1.1' from server : ACCEPTED
[21May2025 13:51:14.741] [Netty Local Client IO #0/DEBUG] [net.minecraftforge.network.NetworkRegistry/NETREGISTRY]: Channel 'jade:networking' : Version test of '2' from server : ACCEPTED
[21May2025 13:51:14.741] [Netty Local Client IO #0/DEBUG] [net.minecraftforge.network.NetworkRegistry/NETREGISTRY]: Accepting channel list from server
[21May2025 13:51:14.742] [Netty Local Client IO #0/DEBUG] [net.minecraftforge.network.LoginWrapper/FMLHANDSHAKE]: Dispatching wrapped packet reply for channel fml:handshake with index 1
[21May2025 13:51:14.743] [Netty Local Client IO #0/DEBUG] [net.minecraftforge.network.HandshakeHandler/FMLHANDSHAKE]: Accepted server connection
[21May2025 13:51:14.743] [Netty Server IO #1/DEBUG] [net.minecraftforge.network.LoginWrapper/FMLHANDSHAKE]: Recieved login wrapper packet event for channel fml:handshake with index 1
[21May2025 13:51:14.744] [Netty Server IO #1/DEBUG] [net.minecraftforge.network.HandshakeHandler/FMLHANDSHAKE]: Received client indexed reply 1 of type net.minecraftforge.network.HandshakeMessages$C2SModListReply
[21May2025 13:51:14.744] [Netty Local Client IO #0/DEBUG] [net.minecraftforge.network.HandshakeHandler/REGISTRIES]: Expecting 20 registries: [minecraft:command_argument_type, minecraft:recipe_serializer, minecraft:sound_event, minecraft:particle_type, minecraft:villager_profession, minecraft:item, minecraft:potion, minecraft:painting_variant, forge:fluid_type, minecraft:block_entity_type, forge:display_contexts, minecraft:block, forge:entity_data_serializers, minecraft:mob_effect, minecraft:stat_type, thermal_dynamics:grid_type, minecraft:menu, minecraft:enchantment, minecraft:fluid, minecraft:entity_type]
[21May2025 13:51:14.744] [Netty Server IO #1/DEBUG] [net.minecraftforge.network.HandshakeHandler/FMLHANDSHAKE]: Received client connection with modlist [configured, minecraft, jade, jei, branik_mod, kotlinforforge, forge, cofh_core, pipez, thermal, thermal_foundation, thermal_expansion, thermal_dynamics]
[21May2025 13:51:14.745] [Netty Server IO #1/DEBUG] [net.minecraftforge.network.NetworkRegistry/NETREGISTRY]: Channel 'thermal_dynamics:general' : Version test of '1' from client : ACCEPTED
[21May2025 13:51:14.745] [Netty Server IO #1/DEBUG] [net.minecraftforge.network.NetworkRegistry/NETREGISTRY]: Channel 'fml:loginwrapper' : Version test of 'FML3' from client : ACCEPTED
[21May2025 13:51:14.745] [Netty Server IO #1/DEBUG] [net.minecraftforge.network.NetworkRegistry/NETREGISTRY]: Channel 'forge:tier_sorting' : Version test of '1.0' from client : ACCEPTED
[21May2025 13:51:14.745] [Netty Server IO #1/DEBUG] [net.minecraftforge.network.NetworkRegistry/NETREGISTRY]: Channel 'configured:play' : Version test of '1' from client : ACCEPTED
[21May2025 13:51:14.745] [Netty Server IO #1/DEBUG] [net.minecraftforge.network.NetworkRegistry/NETREGISTRY]: Channel 'branik_mod:main' : Version test of '1.0' from client : ACCEPTED
[21May2025 13:51:14.745] [Netty Server IO #1/DEBUG] [net.minecraftforge.network.NetworkRegistry/NETREGISTRY]: Channel 'jei:channel' : Version test of '1.0.0' from client : ACCEPTED
[21May2025 13:51:14.745] [Netty Server IO #1/DEBUG] [net.minecraftforge.network.NetworkRegistry/NETREGISTRY]: Channel 'minecraft:unregister' : Version test of 'FML3' from client : ACCEPTED
[21May2025 13:51:14.745] [Netty Server IO #1/DEBUG] [net.minecraftforge.network.NetworkRegistry/NETREGISTRY]: Channel 'fml:play' : Version test of 'FML3' from client : ACCEPTED
[21May2025 13:51:14.745] [Netty Server IO #1/DEBUG] [net.minecraftforge.network.NetworkRegistry/NETREGISTRY]: Channel 'fml:handshake' : Version test of 'FML3' from client : ACCEPTED
[21May2025 13:51:14.745] [Netty Server IO #1/DEBUG] [net.minecraftforge.network.NetworkRegistry/NETREGISTRY]: Channel 'cofh_core:general' : Version test of '1' from client : ACCEPTED
[21May2025 13:51:14.745] [Netty Server IO #1/DEBUG] [net.minecraftforge.network.NetworkRegistry/NETREGISTRY]: Channel 'minecraft:register' : Version test of 'FML3' from client : ACCEPTED
[21May2025 13:51:14.745] [Netty Server IO #1/DEBUG] [net.minecraftforge.network.NetworkRegistry/NETREGISTRY]: Channel 'pipez:default' : Version test of '1.0.0' from client : ACCEPTED
[21May2025 13:51:14.745] [Netty Server IO #1/DEBUG] [net.minecraftforge.network.NetworkRegistry/NETREGISTRY]: Channel 'forge:split' : Version test of '1.1' from client : ACCEPTED
[21May2025 13:51:14.745] [Netty Server IO #1/DEBUG] [net.minecraftforge.network.NetworkRegistry/NETREGISTRY]: Channel 'jade:networking' : Version test of '2' from client : ACCEPTED
[21May2025 13:51:14.745] [Netty Server IO #1/DEBUG] [net.minecraftforge.network.NetworkRegistry/NETREGISTRY]: Accepting channel list from client
[21May2025 13:51:14.746] [Netty Server IO #1/DEBUG] [net.minecraftforge.network.HandshakeHandler/FMLHANDSHAKE]: Accepted client connection mod list
[21May2025 13:51:14.790] [Server thread/DEBUG] [net.minecraftforge.network.HandshakeHandler/FMLHANDSHAKE]: Sending ticking packet info 'Config pipez-server.toml' to 'fml:handshake' sequence 2
[21May2025 13:51:14.791] [Netty Local Client IO #0/DEBUG] [net.minecraftforge.network.LoginWrapper/FMLHANDSHAKE]: Recieved login wrapper packet event for channel fml:handshake with index 2
[21May2025 13:51:14.791] [Netty Local Client IO #0/DEBUG] [net.minecraftforge.network.HandshakeHandler/FMLHANDSHAKE]: Received config sync from server
[21May2025 13:51:14.791] [Netty Local Client IO #0/DEBUG] [net.minecraftforge.network.LoginWrapper/FMLHANDSHAKE]: Dispatching wrapped packet reply for channel fml:handshake with index 2
[21May2025 13:51:14.792] [Netty Server IO #1/DEBUG] [net.minecraftforge.network.LoginWrapper/FMLHANDSHAKE]: Recieved login wrapper packet event for channel fml:handshake with index 2
[21May2025 13:51:14.792] [Netty Server IO #1/DEBUG] [net.minecraftforge.network.HandshakeHandler/FMLHANDSHAKE]: Received client indexed reply 2 of type net.minecraftforge.network.HandshakeMessages$C2SAcknowledge
[21May2025 13:51:14.792] [Netty Server IO #1/DEBUG] [net.minecraftforge.network.HandshakeHandler/FMLHANDSHAKE]: Received acknowledgement from client
[21May2025 13:51:14.828] [Server thread/DEBUG] [net.minecraftforge.network.HandshakeHandler/FMLHANDSHAKE]: Sending ticking packet info 'Config thermal-server.toml' to 'fml:handshake' sequence 3
[21May2025 13:51:14.829] [Netty Local Client IO #0/DEBUG] [net.minecraftforge.network.LoginWrapper/FMLHANDSHAKE]: Recieved login wrapper packet event for channel fml:handshake with index 3
[21May2025 13:51:14.829] [Netty Local Client IO #0/DEBUG] [net.minecraftforge.network.HandshakeHandler/FMLHANDSHAKE]: Received config sync from server
[21May2025 13:51:14.829] [Netty Local Client IO #0/DEBUG] [net.minecraftforge.network.LoginWrapper/FMLHANDSHAKE]: Dispatching wrapped packet reply for channel fml:handshake with index 3
[21May2025 13:51:14.829] [Netty Server IO #1/DEBUG] [net.minecraftforge.network.LoginWrapper/FMLHANDSHAKE]: Recieved login wrapper packet event for channel fml:handshake with index 3
[21May2025 13:51:14.829] [Netty Server IO #1/DEBUG] [net.minecraftforge.network.HandshakeHandler/FMLHANDSHAKE]: Received client indexed reply 3 of type net.minecraftforge.network.HandshakeMessages$C2SAcknowledge
[21May2025 13:51:14.829] [Netty Server IO #1/DEBUG] [net.minecraftforge.network.HandshakeHandler/FMLHANDSHAKE]: Received acknowledgement from client
[21May2025 13:51:14.879] [Server thread/DEBUG] [net.minecraftforge.network.HandshakeHandler/FMLHANDSHAKE]: Sending ticking packet info 'Config cofh_core-server.toml' to 'fml:handshake' sequence 4
[21May2025 13:51:14.879] [Netty Local Client IO #0/DEBUG] [net.minecraftforge.network.LoginWrapper/FMLHANDSHAKE]: Recieved login wrapper packet event for channel fml:handshake with index 4
[21May2025 13:51:14.880] [Netty Local Client IO #0/DEBUG] [net.minecraftforge.network.HandshakeHandler/FMLHANDSHAKE]: Received config sync from server
[21May2025 13:51:14.880] [Netty Local Client IO #0/DEBUG] [net.minecraftforge.network.LoginWrapper/FMLHANDSHAKE]: Dispatching wrapped packet reply for channel fml:handshake with index 4
[21May2025 13:51:14.880] [Netty Server IO #1/DEBUG] [net.minecraftforge.network.LoginWrapper/FMLHANDSHAKE]: Recieved login wrapper packet event for channel fml:handshake with index 4
[21May2025 13:51:14.880] [Netty Server IO #1/DEBUG] [net.minecraftforge.network.HandshakeHandler/FMLHANDSHAKE]: Received client indexed reply 4 of type net.minecraftforge.network.HandshakeMessages$C2SAcknowledge
[21May2025 13:51:14.880] [Netty Server IO #1/DEBUG] [net.minecraftforge.network.HandshakeHandler/FMLHANDSHAKE]: Received acknowledgement from client
[21May2025 13:51:14.927] [Server thread/DEBUG] [net.minecraftforge.network.HandshakeHandler/FMLHANDSHAKE]: Sending ticking packet info 'Config jei-server.toml' to 'fml:handshake' sequence 5
[21May2025 13:51:14.928] [Netty Local Client IO #0/DEBUG] [net.minecraftforge.network.LoginWrapper/FMLHANDSHAKE]: Recieved login wrapper packet event for channel fml:handshake with index 5
[21May2025 13:51:14.928] [Netty Local Client IO #0/DEBUG] [net.minecraftforge.network.HandshakeHandler/FMLHANDSHAKE]: Received config sync from server
[21May2025 13:51:14.928] [Netty Local Client IO #0/DEBUG] [net.minecraftforge.network.LoginWrapper/FMLHANDSHAKE]: Dispatching wrapped packet reply for channel fml:handshake with index 5
[21May2025 13:51:14.928] [Netty Server IO #1/DEBUG] [net.minecraftforge.network.LoginWrapper/FMLHANDSHAKE]: Recieved login wrapper packet event for channel fml:handshake with index 5
[21May2025 13:51:14.928] [Netty Server IO #1/DEBUG] [net.minecraftforge.network.HandshakeHandler/FMLHANDSHAKE]: Received client indexed reply 5 of type net.minecraftforge.network.HandshakeMessages$C2SAcknowledge
[21May2025 13:51:14.928] [Netty Server IO #1/DEBUG] [net.minecraftforge.network.HandshakeHandler/FMLHANDSHAKE]: Received acknowledgement from client
[21May2025 13:51:14.987] [Server thread/DEBUG] [net.minecraftforge.network.HandshakeHandler/FMLHANDSHAKE]: Sending ticking packet info 'Config forge-server.toml' to 'fml:handshake' sequence 6
[21May2025 13:51:14.987] [Netty Local Client IO #0/DEBUG] [net.minecraftforge.network.LoginWrapper/FMLHANDSHAKE]: Recieved login wrapper packet event for channel fml:handshake with index 6
[21May2025 13:51:14.988] [Netty Local Client IO #0/DEBUG] [net.minecraftforge.network.HandshakeHandler/FMLHANDSHAKE]: Received config sync from server
[21May2025 13:51:14.988] [Netty Local Client IO #0/DEBUG] [net.minecraftforge.network.LoginWrapper/FMLHANDSHAKE]: Dispatching wrapped packet reply for channel fml:handshake with index 6
[21May2025 13:51:14.988] [Netty Server IO #1/DEBUG] [net.minecraftforge.network.LoginWrapper/FMLHANDSHAKE]: Recieved login wrapper packet event for channel fml:handshake with index 6
[21May2025 13:51:14.988] [Netty Server IO #1/DEBUG] [net.minecraftforge.network.HandshakeHandler/FMLHANDSHAKE]: Received client indexed reply 6 of type net.minecraftforge.network.HandshakeMessages$C2SAcknowledge
[21May2025 13:51:14.988] [Netty Server IO #1/DEBUG] [net.minecraftforge.network.HandshakeHandler/FMLHANDSHAKE]: Received acknowledgement from client
[21May2025 13:51:15.029] [Server thread/DEBUG] [net.minecraftforge.network.HandshakeHandler/FMLHANDSHAKE]: Handshake complete!
[21May2025 13:51:15.084] [Netty Local Client IO #0/INFO] [net.minecraftforge.network.NetworkHooks/]: Connected to a modded server.
[21May2025 13:51:15.086] [Netty Local Client IO #0/DEBUG] [mixin/]: Mixing ClientPacketListenerMixin from mixins.cofhcore.json into net.minecraft.client.multiplayer.ClientPacketListener
[21May2025 13:51:15.125] [Server thread/INFO] [net.minecraft.server.players.PlayerList/]: Dev[local:E:af329d97] logged in with entity id 47 at (12.420567629995368, -60.0, -37.57870234655519)
[21May2025 13:51:15.167] [Server thread/INFO] [net.minecraft.server.MinecraftServer/]: Dev joined the game
[21May2025 13:51:15.212] [Server thread/INFO] [Jade/]: Syncing config to Dev (380df991-f603-344c-a090-369bad2a924a)
[21May2025 13:51:15.318] [Render thread/INFO] [mezz.jei.forge.startup.StartEventObserver/]: JEI StartEventObserver received class net.minecraftforge.client.event.ClientPlayerNetworkEvent$LoggingIn
[21May2025 13:51:15.318] [Render thread/INFO] [mezz.jei.forge.startup.StartEventObserver/]: JEI StartEventObserver transitioning state from DISABLED to ENABLED
[21May2025 13:51:15.338] [Render thread/DEBUG] [mixin/]: Mixing FullTextSearchTreeMixin from jade.mixins.json into net.minecraft.client.searchtree.FullTextSearchTree
[21May2025 13:51:15.338] [Render thread/DEBUG] [mixin/]: jade.mixins.json:FullTextSearchTreeMixin: Class version 61 required is higher than the class version supported by the current version of Mixin (JAVA_16 supports class version 60)
[21May2025 13:51:15.502] [Render thread/INFO] [mezz.jei.forge.startup.StartEventObserver/]: JEI StartEventObserver received class net.minecraftforge.client.event.RecipesUpdatedEvent
[21May2025 13:51:15.503] [Render thread/DEBUG] [thermal/]: Adding default Furnace recipes to the Redstone Furnace...
[21May2025 13:51:15.503] [Render thread/DEBUG] [thermal/]: Adding default Log processing recipes to the Sawmill...
[21May2025 13:51:15.505] [Render thread/DEBUG] [thermal/]: Adding default Furnace-Based processing recipes to the Pulverizer...
[21May2025 13:51:15.506] [Render thread/DEBUG] [thermal/]: Adding default Furnace-Based processing recipes to the Induction Smelter...
[21May2025 13:51:15.507] [Render thread/DEBUG] [thermal/]: Adding default Bucket recipes to the Fluid Encapsulator...
[21May2025 13:51:15.507] [Render thread/DEBUG] [thermal/]: Adding default Florb recipes to the Fluid Encapsulator...
[21May2025 13:51:15.508] [Render thread/DEBUG] [thermal/]: Adding default Potion recipes to the Fluid Encapsulator...
[21May2025 13:51:15.508] [Render thread/DEBUG] [thermal/]: Adding default Brewing Stand recipes to the Alchemical Imbuer...
[21May2025 13:51:15.539] [Render thread/INFO] [mezz.jei.forge.startup.StartEventObserver/]: JEI StartEventObserver received class net.minecraftforge.event.TagsUpdatedEvent
[21May2025 13:51:15.539] [Render thread/INFO] [mezz.jei.forge.startup.StartEventObserver/]: JEI StartEventObserver transitioning state from ENABLED to JEI_STARTED
[21May2025 13:51:15.540] [Render thread/INFO] [mezz.jei.core.util.LoggedTimer/]: Starting JEI...
[21May2025 13:51:15.547] [Render thread/INFO] [mezz.jei.library.load.PluginCaller/]: Registering item subtypes...
[21May2025 13:51:15.547] [Render thread/DEBUG] [mezz.jei.library.load.PluginCallerTimerRunnable/]: Registering item subtypes: jei:minecraft...
[21May2025 13:51:15.550] [Render thread/DEBUG] [mezz.jei.library.load.PluginCallerTimerRunnable/]: Registering item subtypes: configured:jei_plugin...
[21May2025 13:51:15.550] [Render thread/DEBUG] [mezz.jei.library.load.PluginCallerTimerRunnable/]: Registering item subtypes: jade:main...
[21May2025 13:51:15.550] [Render thread/DEBUG] [mezz.jei.library.load.PluginCallerTimerRunnable/]: Registering item subtypes: jei:debug...
[21May2025 13:51:15.550] [Render thread/DEBUG] [mezz.jei.library.load.PluginCallerTimerRunnable/]: Registering item subtypes: jei:gui...
[21May2025 13:51:15.550] [Render thread/DEBUG] [mezz.jei.library.load.PluginCallerTimerRunnable/]: Registering item subtypes: jei:forge_gui...
[21May2025 13:51:15.550] [Render thread/DEBUG] [mezz.jei.library.load.PluginCallerTimerRunnable/]: Registering item subtypes: cofh_core:default...
[21May2025 13:51:15.550] [Render thread/DEBUG] [mezz.jei.library.load.PluginCallerTimerRunnable/]: Registering item subtypes: pipez:pipez...
[21May2025 13:51:15.550] [Render thread/DEBUG] [mezz.jei.library.load.PluginCallerTimerRunnable/]: Registering item subtypes: thermal:core...
[21May2025 13:51:15.550] [Render thread/DEBUG] [mezz.jei.library.load.PluginCallerTimerRunnable/]: Registering item subtypes: thermal:expansion...
[21May2025 13:51:15.550] [Render thread/DEBUG] [mezz.jei.library.load.PluginCallerTimerRunnable/]: Registering item subtypes: jei:internal...
[21May2025 13:51:15.550] [Render thread/INFO] [mezz.jei.library.load.PluginCaller/]: Registering item subtypes took 3.422 ms
[21May2025 13:51:15.551] [Render thread/INFO] [mezz.jei.library.load.PluginCaller/]: Registering fluid subtypes...
[21May2025 13:51:15.551] [Render thread/DEBUG] [mezz.jei.library.load.PluginCallerTimerRunnable/]: Registering fluid subtypes: jei:minecraft...
[21May2025 13:51:15.551] [Render thread/DEBUG] [mezz.jei.library.load.PluginCallerTimerRunnable/]: Registering fluid subtypes: configured:jei_plugin...
[21May2025 13:51:15.551] [Render thread/DEBUG] [mezz.jei.library.load.PluginCallerTimerRunnable/]: Registering fluid subtypes: jade:main...
[21May2025 13:51:15.551] [Render thread/DEBUG] [mezz.jei.library.load.PluginCallerTimerRunnable/]: Registering fluid subtypes: jei:debug...
[21May2025 13:51:15.552] [Render thread/DEBUG] [mezz.jei.library.load.PluginCallerTimerRunnable/]: Registering fluid subtypes: jei:gui...
[21May2025 13:51:15.552] [Render thread/DEBUG] [mezz.jei.library.load.PluginCallerTimerRunnable/]: Registering fluid subtypes: jei:forge_gui...
[21May2025 13:51:15.552] [Render thread/DEBUG] [mezz.jei.library.load.PluginCallerTimerRunnable/]: Registering fluid subtypes: cofh_core:default...
[21May2025 13:51:15.553] [Render thread/DEBUG] [mezz.jei.library.load.PluginCallerTimerRunnable/]: Registering fluid subtypes: pipez:pipez...
[21May2025 13:51:15.553] [Render thread/DEBUG] [mezz.jei.library.load.PluginCallerTimerRunnable/]: Registering fluid subtypes: thermal:core...
[21May2025 13:51:15.553] [Render thread/DEBUG] [mezz.jei.library.load.PluginCallerTimerRunnable/]: Registering fluid subtypes: thermal:expansion...
[21May2025 13:51:15.553] [Render thread/DEBUG] [mezz.jei.library.load.PluginCallerTimerRunnable/]: Registering fluid subtypes: jei:internal...
[21May2025 13:51:15.553] [Render thread/INFO] [mezz.jei.library.load.PluginCaller/]: Registering fluid subtypes took 2.157 ms
[21May2025 13:51:15.555] [Render thread/INFO] [mezz.jei.library.load.PluginCaller/]: Registering ingredients...
[21May2025 13:51:15.555] [Render thread/DEBUG] [mezz.jei.library.load.PluginCallerTimerRunnable/]: Registering ingredients: jei:minecraft...
[21May2025 13:51:15.567] [Render thread/DEBUG] [mezz.jei.library.plugins.vanilla.ingredients.ItemStackListFactory/]: Added  348/ 348 new items from 'Building Blocks' creative tab's displayItems
[21May2025 13:51:15.569] [Render thread/DEBUG] [mezz.jei.library.plugins.vanilla.ingredients.ItemStackListFactory/]: Added  198/ 198 new items from 'Colored Blocks' creative tab's displayItems
[21May2025 13:51:15.570] [Render thread/DEBUG] [mezz.jei.library.plugins.vanilla.ingredients.ItemStackListFactory/]: Added  202/ 226 new items from 'Natural Blocks' creative tab's displayItems
[21May2025 13:51:15.576] [Render thread/DEBUG] [mezz.jei.library.plugins.vanilla.ingredients.ItemStackListFactory/]: Added  117/ 196 new items from 'Functional Blocks' creative tab's displayItems
[21May2025 13:51:15.576] [Render thread/DEBUG] [mezz.jei.library.plugins.vanilla.ingredients.ItemStackListFactory/]: Added    0/ 196 new items from 'Functional Blocks' creative tab's searchTabDisplayItems
[21May2025 13:51:15.577] [Render thread/DEBUG] [mezz.jei.library.plugins.vanilla.ingredients.ItemStackListFactory/]: Added   28/  62 new items from 'Redstone Blocks' creative tab's displayItems
[21May2025 13:51:15.577] [Render thread/DEBUG] [mezz.jei.library.plugins.vanilla.ingredients.ItemStackListFactory/]: Skipping creative tab: 'Saved Hotbars' because it is type: HOTBAR
[21May2025 13:51:15.577] [Render thread/DEBUG] [mezz.jei.library.plugins.vanilla.ingredients.ItemStackListFactory/]: Skipping creative tab: 'Search Items' because it is type: SEARCH
[21May2025 13:51:15.579] [Render thread/DEBUG] [mezz.jei.library.plugins.vanilla.ingredients.ItemStackListFactory/]: Added   97/ 109 new items from 'Tools & Utilities' creative tab's displayItems
[21May2025 13:51:15.582] [Render thread/DEBUG] [mezz.jei.library.plugins.vanilla.ingredients.ItemStackListFactory/]: Added   86/  97 new items from 'Combat' creative tab's displayItems
[21May2025 13:51:15.587] [Render thread/DEBUG] [mezz.jei.library.plugins.vanilla.ingredients.ItemStackListFactory/]: Added  173/ 176 new items from 'Food & Drinks' creative tab's displayItems
[21May2025 13:51:15.592] [Render thread/DEBUG] [mezz.jei.library.plugins.vanilla.ingredients.ItemStackListFactory/]: Added  158/ 172 new items from 'Ingredients' creative tab's displayItems
[21May2025 13:51:15.593] [Render thread/DEBUG] [mezz.jei.library.plugins.vanilla.ingredients.ItemStackListFactory/]: Added   77/ 249 new items from 'Ingredients' creative tab's searchTabDisplayItems
[21May2025 13:51:15.594] [Render thread/DEBUG] [mezz.jei.library.plugins.vanilla.ingredients.ItemStackListFactory/]: Added   76/  76 new items from 'Spawn Eggs' creative tab's displayItems
[21May2025 13:51:15.595] [Render thread/DEBUG] [mezz.jei.library.plugins.vanilla.ingredients.ItemStackListFactory/]: Added   29/  29 new items from 'Operator Utilities' creative tab's displayItems
[21May2025 13:51:15.595] [Render thread/DEBUG] [mezz.jei.library.plugins.vanilla.ingredients.ItemStackListFactory/]: Skipping creative tab: 'Survival Inventory' because it is type: INVENTORY
[21May2025 13:51:15.595] [Render thread/DEBUG] [mezz.jei.library.plugins.vanilla.ingredients.ItemStackListFactory/]: Added   37/  37 new items from 'Branik' creative tab's displayItems
[21May2025 13:51:15.595] [Render thread/DEBUG] [mezz.jei.library.plugins.vanilla.ingredients.ItemStackListFactory/]: Added   12/  12 new items from 'Pipez' creative tab's displayItems
[21May2025 13:51:15.596] [Render thread/DEBUG] [mezz.jei.library.plugins.vanilla.ingredients.ItemStackListFactory/]: Added   99/  99 new items from 'Thermal Series: Blocks' creative tab's displayItems
[21May2025 13:51:15.597] [Render thread/DEBUG] [mezz.jei.library.plugins.vanilla.ingredients.ItemStackListFactory/]: Added   42/  42 new items from 'Thermal Series: Machinery' creative tab's displayItems
[21May2025 13:51:15.597] [Render thread/DEBUG] [mezz.jei.library.plugins.vanilla.ingredients.ItemStackListFactory/]: Added    6/   6 new items from 'Thermal Series: Crops and Foods' creative tab's displayItems
[21May2025 13:51:15.598] [Render thread/DEBUG] [mezz.jei.library.plugins.vanilla.ingredients.ItemStackListFactory/]: Added  166/ 166 new items from 'Thermal Series: Items' creative tab's displayItems
[21May2025 13:51:15.599] [Render thread/DEBUG] [mezz.jei.library.plugins.vanilla.ingredients.ItemStackListFactory/]: Added   35/  35 new items from 'Thermal Series: Tools' creative tab's displayItems
[21May2025 13:51:15.602] [Render thread/DEBUG] [mezz.jei.library.plugins.vanilla.ingredients.ItemStackListFactory/]: Added 59/1695 new items from the item registry (this is run because ShowHiddenItems is set to true in JEI's config)
[21May2025 13:51:15.604] [Render thread/DEBUG] [mezz.jei.library.plugins.vanilla.ingredients.ItemStackListFactory/]: Added 0/1114 new items from the block registry (this is run because ShowHiddenItems is set to true in JEI's config)
[21May2025 13:51:15.617] [Render thread/INFO] [mezz.jei.library.load.PluginCallerTimerRunnable/]: Registering ingredients: jei:minecraft took 61.45 milliseconds
[21May2025 13:51:15.617] [Render thread/DEBUG] [mezz.jei.library.load.PluginCallerTimerRunnable/]: Registering ingredients: configured:jei_plugin...
[21May2025 13:51:15.617] [Render thread/DEBUG] [mezz.jei.library.load.PluginCallerTimerRunnable/]: Registering ingredients: jade:main...
[21May2025 13:51:15.617] [Render thread/DEBUG] [mezz.jei.library.load.PluginCallerTimerRunnable/]: Registering ingredients: jei:debug...
[21May2025 13:51:15.617] [Render thread/DEBUG] [mezz.jei.library.load.PluginCallerTimerRunnable/]: Registering ingredients: jei:gui...
[21May2025 13:51:15.617] [Render thread/DEBUG] [mezz.jei.library.load.PluginCallerTimerRunnable/]: Registering ingredients: jei:forge_gui...
[21May2025 13:51:15.617] [Render thread/DEBUG] [mezz.jei.library.load.PluginCallerTimerRunnable/]: Registering ingredients: cofh_core:default...
[21May2025 13:51:15.617] [Render thread/DEBUG] [mezz.jei.library.load.PluginCallerTimerRunnable/]: Registering ingredients: pipez:pipez...
[21May2025 13:51:15.617] [Render thread/DEBUG] [mezz.jei.library.load.PluginCallerTimerRunnable/]: Registering ingredients: thermal:core...
[21May2025 13:51:15.617] [Render thread/DEBUG] [mezz.jei.library.load.PluginCallerTimerRunnable/]: Registering ingredients: thermal:expansion...
[21May2025 13:51:15.617] [Render thread/DEBUG] [mezz.jei.library.load.PluginCallerTimerRunnable/]: Registering ingredients: jei:internal...
[21May2025 13:51:15.617] [Render thread/INFO] [mezz.jei.library.load.PluginCaller/]: Registering ingredients took 62.21 ms
[21May2025 13:51:15.617] [Render thread/INFO] [mezz.jei.library.load.PluginCaller/]: Registering extra ingredients...
[21May2025 13:51:15.617] [Render thread/DEBUG] [mezz.jei.library.load.PluginCallerTimerRunnable/]: Registering extra ingredients: jei:minecraft...
[21May2025 13:51:15.617] [Render thread/DEBUG] [mezz.jei.library.load.PluginCallerTimerRunnable/]: Registering extra ingredients: configured:jei_plugin...
[21May2025 13:51:15.617] [Render thread/DEBUG] [mezz.jei.library.load.PluginCallerTimerRunnable/]: Registering extra ingredients: jade:main...
[21May2025 13:51:15.617] [Render thread/DEBUG] [mezz.jei.library.load.PluginCallerTimerRunnable/]: Registering extra ingredients: jei:debug...
[21May2025 13:51:15.617] [Render thread/DEBUG] [mezz.jei.library.load.PluginCallerTimerRunnable/]: Registering extra ingredients: jei:gui...
[21May2025 13:51:15.617] [Render thread/DEBUG] [mezz.jei.library.load.PluginCallerTimerRunnable/]: Registering extra ingredients: jei:forge_gui...
[21May2025 13:51:15.618] [Render thread/DEBUG] [mezz.jei.library.load.PluginCallerTimerRunnable/]: Registering extra ingredients: cofh_core:default...
[21May2025 13:51:15.618] [Render thread/DEBUG] [mezz.jei.library.load.PluginCallerTimerRunnable/]: Registering extra ingredients: pipez:pipez...
[21May2025 13:51:15.618] [Render thread/DEBUG] [mezz.jei.library.load.PluginCallerTimerRunnable/]: Registering extra ingredients: thermal:core...
[21May2025 13:51:15.618] [Render thread/DEBUG] [mezz.jei.library.load.PluginCallerTimerRunnable/]: Registering extra ingredients: thermal:expansion...
[21May2025 13:51:15.618] [Render thread/DEBUG] [mezz.jei.library.load.PluginCallerTimerRunnable/]: Registering extra ingredients: jei:internal...
[21May2025 13:51:15.618] [Render thread/INFO] [mezz.jei.library.load.PluginCaller/]: Registering extra ingredients took 485.1 μs
[21May2025 13:51:15.618] [Render thread/INFO] [mezz.jei.library.load.PluginCaller/]: Registering search ingredient aliases...
[21May2025 13:51:15.618] [Render thread/DEBUG] [mezz.jei.library.load.PluginCallerTimerRunnable/]: Registering search ingredient aliases: jei:minecraft...
[21May2025 13:51:15.618] [Render thread/DEBUG] [mezz.jei.library.load.PluginCallerTimerRunnable/]: Registering search ingredient aliases: configured:jei_plugin...
[21May2025 13:51:15.618] [Render thread/DEBUG] [mezz.jei.library.load.PluginCallerTimerRunnable/]: Registering search ingredient aliases: jade:main...
[21May2025 13:51:15.618] [Render thread/DEBUG] [mezz.jei.library.load.PluginCallerTimerRunnable/]: Registering search ingredient aliases: jei:debug...
[21May2025 13:51:15.619] [Render thread/DEBUG] [mezz.jei.library.load.PluginCallerTimerRunnable/]: Registering search ingredient aliases: jei:gui...
[21May2025 13:51:15.619] [Render thread/DEBUG] [mezz.jei.library.load.PluginCallerTimerRunnable/]: Registering search ingredient aliases: jei:forge_gui...
[21May2025 13:51:15.619] [Render thread/DEBUG] [mezz.jei.library.load.PluginCallerTimerRunnable/]: Registering search ingredient aliases: cofh_core:default...
[21May2025 13:51:15.619] [Render thread/DEBUG] [mezz.jei.library.load.PluginCallerTimerRunnable/]: Registering search ingredient aliases: pipez:pipez...
[21May2025 13:51:15.619] [Render thread/DEBUG] [mezz.jei.library.load.PluginCallerTimerRunnable/]: Registering search ingredient aliases: thermal:core...
[21May2025 13:51:15.619] [Render thread/DEBUG] [mezz.jei.library.load.PluginCallerTimerRunnable/]: Registering search ingredient aliases: thermal:expansion...
[21May2025 13:51:15.619] [Render thread/DEBUG] [mezz.jei.library.load.PluginCallerTimerRunnable/]: Registering search ingredient aliases: jei:internal...
[21May2025 13:51:15.619] [Render thread/INFO] [mezz.jei.library.load.PluginCaller/]: Registering search ingredient aliases took 830.8 μs
[21May2025 13:51:15.629] [Render thread/INFO] [mezz.jei.library.load.PluginCaller/]: Registering categories...
[21May2025 13:51:15.629] [Render thread/DEBUG] [mezz.jei.library.load.PluginCallerTimerRunnable/]: Registering categories: jei:minecraft...
[21May2025 13:51:15.637] [Render thread/DEBUG] [mezz.jei.library.load.PluginCallerTimerRunnable/]: Registering categories: configured:jei_plugin...
[21May2025 13:51:15.637] [Render thread/DEBUG] [mezz.jei.library.load.PluginCallerTimerRunnable/]: Registering categories: jade:main...
[21May2025 13:51:15.637] [Render thread/DEBUG] [mezz.jei.library.load.PluginCallerTimerRunnable/]: Registering categories: jei:debug...
[21May2025 13:51:15.637] [Render thread/DEBUG] [mezz.jei.library.load.PluginCallerTimerRunnable/]: Registering categories: jei:gui...
[21May2025 13:51:15.637] [Render thread/DEBUG] [mezz.jei.library.load.PluginCallerTimerRunnable/]: Registering categories: jei:forge_gui...
[21May2025 13:51:15.637] [Render thread/DEBUG] [mezz.jei.library.load.PluginCallerTimerRunnable/]: Registering categories: cofh_core:default...
[21May2025 13:51:15.637] [Render thread/DEBUG] [mezz.jei.library.load.PluginCallerTimerRunnable/]: Registering categories: pipez:pipez...
[21May2025 13:51:15.637] [Render thread/DEBUG] [mezz.jei.library.load.PluginCallerTimerRunnable/]: Registering categories: thermal:core...
[21May2025 13:51:15.639] [Render thread/DEBUG] [mezz.jei.library.load.PluginCallerTimerRunnable/]: Registering categories: thermal:expansion...
[21May2025 13:51:15.649] [Render thread/DEBUG] [mezz.jei.library.load.PluginCallerTimerRunnable/]: Registering categories: jei:internal...
[21May2025 13:51:15.652] [Render thread/INFO] [mezz.jei.library.load.PluginCaller/]: Registering categories took 22.89 ms
[21May2025 13:51:15.652] [Render thread/INFO] [mezz.jei.library.load.PluginCaller/]: Registering vanilla category extensions...
[21May2025 13:51:15.653] [Render thread/DEBUG] [mezz.jei.library.load.PluginCallerTimerRunnable/]: Registering vanilla category extensions: jei:minecraft...
[21May2025 13:51:15.654] [Render thread/DEBUG] [mezz.jei.library.load.PluginCallerTimerRunnable/]: Registering vanilla category extensions: configured:jei_plugin...
[21May2025 13:51:15.654] [Render thread/DEBUG] [mezz.jei.library.load.PluginCallerTimerRunnable/]: Registering vanilla category extensions: jade:main...
[21May2025 13:51:15.654] [Render thread/DEBUG] [mezz.jei.library.load.PluginCallerTimerRunnable/]: Registering vanilla category extensions: jei:debug...
[21May2025 13:51:15.654] [Render thread/DEBUG] [mezz.jei.library.load.PluginCallerTimerRunnable/]: Registering vanilla category extensions: jei:gui...
[21May2025 13:51:15.654] [Render thread/DEBUG] [mezz.jei.library.load.PluginCallerTimerRunnable/]: Registering vanilla category extensions: jei:forge_gui...
[21May2025 13:51:15.654] [Render thread/DEBUG] [mezz.jei.library.load.PluginCallerTimerRunnable/]: Registering vanilla category extensions: cofh_core:default...
[21May2025 13:51:15.655] [Render thread/DEBUG] [mezz.jei.library.load.PluginCallerTimerRunnable/]: Registering vanilla category extensions: pipez:pipez...
[21May2025 13:51:15.655] [Render thread/DEBUG] [mezz.jei.library.load.PluginCallerTimerRunnable/]: Registering vanilla category extensions: thermal:core...
[21May2025 13:51:15.655] [Render thread/DEBUG] [mezz.jei.library.load.PluginCallerTimerRunnable/]: Registering vanilla category extensions: thermal:expansion...
[21May2025 13:51:15.655] [Render thread/DEBUG] [mezz.jei.library.load.PluginCallerTimerRunnable/]: Registering vanilla category extensions: jei:internal...
[21May2025 13:51:15.655] [Render thread/INFO] [mezz.jei.library.load.PluginCaller/]: Registering vanilla category extensions took 2.249 ms
[21May2025 13:51:15.655] [Render thread/INFO] [mezz.jei.library.load.PluginCaller/]: Registering recipe catalysts...
[21May2025 13:51:15.655] [Render thread/DEBUG] [mezz.jei.library.load.PluginCallerTimerRunnable/]: Registering recipe catalysts: jei:minecraft...
[21May2025 13:51:15.656] [Render thread/DEBUG] [mezz.jei.library.load.PluginCallerTimerRunnable/]: Registering recipe catalysts: configured:jei_plugin...
[21May2025 13:51:15.656] [Render thread/DEBUG] [mezz.jei.library.load.PluginCallerTimerRunnable/]: Registering recipe catalysts: jade:main...
[21May2025 13:51:15.656] [Render thread/DEBUG] [mezz.jei.library.load.PluginCallerTimerRunnable/]: Registering recipe catalysts: jei:debug...
[21May2025 13:51:15.656] [Render thread/DEBUG] [mezz.jei.library.load.PluginCallerTimerRunnable/]: Registering recipe catalysts: jei:gui...
[21May2025 13:51:15.656] [Render thread/DEBUG] [mezz.jei.library.load.PluginCallerTimerRunnable/]: Registering recipe catalysts: jei:forge_gui...
[21May2025 13:51:15.656] [Render thread/DEBUG] [mezz.jei.library.load.PluginCallerTimerRunnable/]: Registering recipe catalysts: cofh_core:default...
[21May2025 13:51:15.656] [Render thread/DEBUG] [mezz.jei.library.load.PluginCallerTimerRunnable/]: Registering recipe catalysts: pipez:pipez...
[21May2025 13:51:15.656] [Render thread/DEBUG] [mezz.jei.library.load.PluginCallerTimerRunnable/]: Registering recipe catalysts: thermal:core...
[21May2025 13:51:15.656] [Render thread/DEBUG] [mezz.jei.library.load.PluginCallerTimerRunnable/]: Registering recipe catalysts: thermal:expansion...
[21May2025 13:51:15.656] [Render thread/DEBUG] [mezz.jei.library.load.PluginCallerTimerRunnable/]: Registering recipe catalysts: jei:internal...
[21May2025 13:51:15.656] [Render thread/INFO] [mezz.jei.library.load.PluginCaller/]: Registering recipe catalysts took 1.043 ms
[21May2025 13:51:15.657] [Render thread/INFO] [mezz.jei.core.util.LoggedTimer/]: Building recipe registry...
[21May2025 13:51:15.664] [Render thread/INFO] [mezz.jei.core.util.LoggedTimer/]: Building recipe registry took 7.368 ms
[21May2025 13:51:15.665] [Render thread/INFO] [mezz.jei.library.load.PluginCaller/]: Registering advanced plugins...
[21May2025 13:51:15.666] [Render thread/DEBUG] [mezz.jei.library.load.PluginCallerTimerRunnable/]: Registering advanced plugins: jei:minecraft...
[21May2025 13:51:15.666] [Render thread/DEBUG] [mezz.jei.library.load.PluginCallerTimerRunnable/]: Registering advanced plugins: configured:jei_plugin...
[21May2025 13:51:15.666] [Render thread/DEBUG] [mezz.jei.library.load.PluginCallerTimerRunnable/]: Registering advanced plugins: jade:main...
[21May2025 13:51:15.666] [Render thread/DEBUG] [mezz.jei.library.load.PluginCallerTimerRunnable/]: Registering advanced plugins: jei:debug...
[21May2025 13:51:15.666] [Render thread/DEBUG] [mezz.jei.library.load.PluginCallerTimerRunnable/]: Registering advanced plugins: jei:gui...
[21May2025 13:51:15.666] [Render thread/DEBUG] [mezz.jei.library.load.PluginCallerTimerRunnable/]: Registering advanced plugins: jei:forge_gui...
[21May2025 13:51:15.666] [Render thread/DEBUG] [mezz.jei.library.load.PluginCallerTimerRunnable/]: Registering advanced plugins: cofh_core:default...
[21May2025 13:51:15.666] [Render thread/DEBUG] [mezz.jei.library.load.PluginCallerTimerRunnable/]: Registering advanced plugins: pipez:pipez...
[21May2025 13:51:15.666] [Render thread/DEBUG] [mezz.jei.library.load.PluginCallerTimerRunnable/]: Registering advanced plugins: thermal:core...
[21May2025 13:51:15.666] [Render thread/DEBUG] [mezz.jei.library.load.PluginCallerTimerRunnable/]: Registering advanced plugins: thermal:expansion...
[21May2025 13:51:15.666] [Render thread/INFO] [mezz.jei.library.load.registration.AdvancedRegistration/]: Added recipe manager plugin: class cofh.thermal.expansion.compat.jei.plugins.PotionFluidRecipeManagerPlugin
[21May2025 13:51:15.666] [Render thread/DEBUG] [mezz.jei.library.load.PluginCallerTimerRunnable/]: Registering advanced plugins: jei:internal...
[21May2025 13:51:15.667] [Render thread/INFO] [mezz.jei.library.load.PluginCaller/]: Registering advanced plugins took 1.210 ms
[21May2025 13:51:15.667] [Render thread/INFO] [mezz.jei.library.load.PluginCaller/]: Registering recipes...
[21May2025 13:51:15.667] [Render thread/DEBUG] [mezz.jei.library.load.PluginCallerTimerRunnable/]: Registering recipes: jei:minecraft...
[21May2025 13:51:15.678] [Render thread/DEBUG] [mezz.jei.library.recipes.RecipeManagerInternal/]: Adding recipes: RecipeType[uid=minecraft:crafting, recipeClass=interface net.minecraft.world.item.crafting.CraftingRecipe]
[21May2025 13:51:15.715] [Render thread/DEBUG] [mezz.jei.library.recipes.RecipeManagerInternal/]: Adding recipes: RecipeType[uid=minecraft:crafting, recipeClass=interface net.minecraft.world.item.crafting.CraftingRecipe]
[21May2025 13:51:15.718] [Render thread/DEBUG] [mezz.jei.library.recipes.RecipeManagerInternal/]: Adding recipes: RecipeType[uid=minecraft:stonecutting, recipeClass=class net.minecraft.world.item.crafting.StonecutterRecipe]
[21May2025 13:51:15.720] [Render thread/DEBUG] [mezz.jei.library.recipes.RecipeManagerInternal/]: Adding recipes: RecipeType[uid=minecraft:furnace, recipeClass=class net.minecraft.world.item.crafting.SmeltingRecipe]
[21May2025 13:51:15.724] [Render thread/DEBUG] [mezz.jei.library.recipes.RecipeManagerInternal/]: Adding recipes: RecipeType[uid=minecraft:smoking, recipeClass=class net.minecraft.world.item.crafting.SmokingRecipe]
[21May2025 13:51:15.724] [Render thread/DEBUG] [mezz.jei.library.recipes.RecipeManagerInternal/]: Adding recipes: RecipeType[uid=minecraft:blasting, recipeClass=class net.minecraft.world.item.crafting.BlastingRecipe]
[21May2025 13:51:15.724] [Render thread/DEBUG] [mezz.jei.library.recipes.RecipeManagerInternal/]: Adding recipes: RecipeType[uid=minecraft:campfire, recipeClass=class net.minecraft.world.item.crafting.CampfireCookingRecipe]
[21May2025 13:51:15.727] [Render thread/DEBUG] [mezz.jei.library.recipes.RecipeManagerInternal/]: Adding recipes: RecipeType[uid=minecraft:fuel, recipeClass=interface mezz.jei.api.recipe.vanilla.IJeiFuelingRecipe]
[21May2025 13:51:15.737] [Render thread/DEBUG] [mezz.jei.library.recipes.RecipeManagerInternal/]: Adding recipes: RecipeType[uid=minecraft:anvil, recipeClass=interface mezz.jei.api.recipe.vanilla.IJeiAnvilRecipe]
[21May2025 13:51:15.757] [Render thread/DEBUG] [mezz.jei.library.recipes.RecipeManagerInternal/]: Adding recipes: RecipeType[uid=minecraft:smithing, recipeClass=interface net.minecraft.world.item.crafting.SmithingRecipe]
[21May2025 13:51:15.771] [Render thread/DEBUG] [mezz.jei.library.recipes.RecipeManagerInternal/]: Adding recipes: RecipeType[uid=minecraft:compostable, recipeClass=interface mezz.jei.api.recipe.vanilla.IJeiCompostingRecipe]
[21May2025 13:51:15.808] [Render thread/DEBUG] [mezz.jei.library.recipes.RecipeManagerInternal/]: Adding recipes: RecipeType[uid=minecraft:brewing, recipeClass=interface mezz.jei.api.recipe.vanilla.IJeiBrewingRecipe]
[21May2025 13:51:15.814] [Render thread/INFO] [mezz.jei.library.load.PluginCallerTimerRunnable/]: Registering recipes: jei:minecraft took 146.1 milliseconds
[21May2025 13:51:15.814] [Render thread/DEBUG] [mezz.jei.library.load.PluginCallerTimerRunnable/]: Registering recipes: configured:jei_plugin...
[21May2025 13:51:15.814] [Render thread/DEBUG] [mezz.jei.library.load.PluginCallerTimerRunnable/]: Registering recipes: jade:main...
[21May2025 13:51:15.814] [Render thread/DEBUG] [mezz.jei.library.load.PluginCallerTimerRunnable/]: Registering recipes: jei:debug...
[21May2025 13:51:15.814] [Render thread/DEBUG] [mezz.jei.library.load.PluginCallerTimerRunnable/]: Registering recipes: jei:gui...
[21May2025 13:51:15.814] [Render thread/DEBUG] [mezz.jei.library.load.PluginCallerTimerRunnable/]: Registering recipes: jei:forge_gui...
[21May2025 13:51:15.814] [Render thread/DEBUG] [mezz.jei.library.load.PluginCallerTimerRunnable/]: Registering recipes: cofh_core:default...
[21May2025 13:51:15.814] [Render thread/DEBUG] [mezz.jei.library.load.PluginCallerTimerRunnable/]: Registering recipes: pipez:pipez...
[21May2025 13:51:15.814] [Render thread/DEBUG] [mezz.jei.library.load.PluginCallerTimerRunnable/]: Registering recipes: thermal:core...
[21May2025 13:51:15.814] [Render thread/DEBUG] [mezz.jei.library.recipes.RecipeManagerInternal/]: Adding recipes: RecipeType[uid=thermal:tree_extractor, recipeClass=class cofh.thermal.core.util.recipes.device.TreeExtractorMapping]
[21May2025 13:51:15.817] [Render thread/DEBUG] [mezz.jei.library.recipes.RecipeManagerInternal/]: Adding recipes: RecipeType[uid=thermal:rock_gen, recipeClass=class cofh.thermal.core.util.recipes.device.RockGenMapping]
[21May2025 13:51:15.817] [Render thread/DEBUG] [mezz.jei.library.load.PluginCallerTimerRunnable/]: Registering recipes: thermal:expansion...
[21May2025 13:51:15.818] [Render thread/DEBUG] [mezz.jei.library.recipes.RecipeManagerInternal/]: Adding recipes: RecipeType[uid=thermal:furnace, recipeClass=class cofh.thermal.core.util.recipes.machine.FurnaceRecipe]
[21May2025 13:51:15.818] [Render thread/DEBUG] [mezz.jei.library.recipes.RecipeManagerInternal/]: Adding recipes: RecipeType[uid=thermal:furnace, recipeClass=class cofh.thermal.core.util.recipes.machine.FurnaceRecipe]
[21May2025 13:51:15.828] [Render thread/DEBUG] [mezz.jei.library.recipes.RecipeManagerInternal/]: Adding recipes: RecipeType[uid=thermal:sawmill, recipeClass=class cofh.thermal.core.util.recipes.machine.SawmillRecipe]
[21May2025 13:51:15.828] [Render thread/DEBUG] [mezz.jei.library.recipes.RecipeManagerInternal/]: Adding recipes: RecipeType[uid=thermal:pulverizer, recipeClass=class cofh.thermal.core.util.recipes.machine.PulverizerRecipe]
[21May2025 13:51:15.831] [Render thread/DEBUG] [mezz.jei.library.recipes.RecipeManagerInternal/]: Adding recipes: RecipeType[uid=thermal:pulverizer, recipeClass=class cofh.thermal.core.util.recipes.machine.PulverizerRecipe]
[21May2025 13:51:15.832] [Render thread/DEBUG] [mezz.jei.library.recipes.RecipeManagerInternal/]: Adding recipes: RecipeType[uid=thermal:smelter, recipeClass=class cofh.thermal.core.util.recipes.machine.SmelterRecipe]
[21May2025 13:51:15.833] [Render thread/DEBUG] [mezz.jei.library.recipes.RecipeManagerInternal/]: Adding recipes: RecipeType[uid=thermal:smelter, recipeClass=class cofh.thermal.core.util.recipes.machine.SmelterRecipe]
[21May2025 13:51:15.833] [Render thread/DEBUG] [mezz.jei.library.recipes.RecipeManagerInternal/]: Adding recipes: RecipeType[uid=thermal:insolator, recipeClass=class cofh.thermal.core.util.recipes.machine.InsolatorRecipe]
[21May2025 13:51:15.835] [Render thread/DEBUG] [mezz.jei.library.recipes.RecipeManagerInternal/]: Adding recipes: RecipeType[uid=thermal:centrifuge, recipeClass=class cofh.thermal.core.util.recipes.machine.CentrifugeRecipe]
[21May2025 13:51:15.836] [Render thread/DEBUG] [mezz.jei.library.recipes.RecipeManagerInternal/]: Adding recipes: RecipeType[uid=thermal:press, recipeClass=class cofh.thermal.core.util.recipes.machine.PressRecipe]
[21May2025 13:51:15.838] [Render thread/DEBUG] [mezz.jei.library.recipes.RecipeManagerInternal/]: Adding recipes: RecipeType[uid=thermal:crucible, recipeClass=class cofh.thermal.core.util.recipes.machine.CrucibleRecipe]
[21May2025 13:51:15.838] [Render thread/DEBUG] [mezz.jei.library.recipes.RecipeManagerInternal/]: Adding recipes: RecipeType[uid=thermal:chiller, recipeClass=class cofh.thermal.core.util.recipes.machine.ChillerRecipe]
[21May2025 13:51:15.838] [Render thread/DEBUG] [mezz.jei.library.recipes.RecipeManagerInternal/]: Adding recipes: RecipeType[uid=thermal:refinery, recipeClass=class cofh.thermal.core.util.recipes.machine.RefineryRecipe]
[21May2025 13:51:15.838] [Render thread/DEBUG] [mezz.jei.library.recipes.RecipeManagerInternal/]: Adding recipes: RecipeType[uid=thermal:pyrolyzer, recipeClass=class cofh.thermal.core.util.recipes.machine.PyrolyzerRecipe]
[21May2025 13:51:15.839] [Render thread/DEBUG] [mezz.jei.library.recipes.RecipeManagerInternal/]: Adding recipes: RecipeType[uid=thermal:bottler, recipeClass=class cofh.thermal.core.util.recipes.machine.BottlerRecipe]
[21May2025 13:51:15.839] [Render thread/DEBUG] [mezz.jei.library.recipes.RecipeManagerInternal/]: Adding recipes: RecipeType[uid=thermal:bottler, recipeClass=class cofh.thermal.core.util.recipes.machine.BottlerRecipe]
[21May2025 13:51:15.839] [Render thread/DEBUG] [mezz.jei.library.recipes.RecipeManagerInternal/]: Adding recipes: RecipeType[uid=thermal:brewer, recipeClass=class cofh.thermal.core.util.recipes.machine.BrewerRecipe]
[21May2025 13:51:15.839] [Render thread/DEBUG] [mezz.jei.library.recipes.RecipeManagerInternal/]: Adding recipes: RecipeType[uid=thermal:brewer, recipeClass=class cofh.thermal.core.util.recipes.machine.BrewerRecipe]
[21May2025 13:51:15.840] [Render thread/DEBUG] [mezz.jei.library.recipes.RecipeManagerInternal/]: Adding recipes: RecipeType[uid=thermal:crystallizer, recipeClass=class cofh.thermal.core.util.recipes.machine.CrystallizerRecipe]
[21May2025 13:51:15.840] [Render thread/DEBUG] [mezz.jei.library.recipes.RecipeManagerInternal/]: Adding recipes: RecipeType[uid=thermal:pulverizer_catalyst, recipeClass=class cofh.thermal.core.util.recipes.machine.PulverizerCatalyst]
[21May2025 13:51:15.840] [Render thread/DEBUG] [mezz.jei.library.recipes.RecipeManagerInternal/]: Adding recipes: RecipeType[uid=thermal:smelter_catalyst, recipeClass=class cofh.thermal.core.util.recipes.machine.SmelterCatalyst]
[21May2025 13:51:15.840] [Render thread/DEBUG] [mezz.jei.library.recipes.RecipeManagerInternal/]: Adding recipes: RecipeType[uid=thermal:insolator_catalyst, recipeClass=class cofh.thermal.core.util.recipes.machine.InsolatorCatalyst]
[21May2025 13:51:15.840] [Render thread/DEBUG] [mezz.jei.library.recipes.RecipeManagerInternal/]: Adding recipes: RecipeType[uid=thermal:stirling_fuel, recipeClass=class cofh.thermal.core.util.recipes.dynamo.StirlingFuel]
[21May2025 13:51:15.841] [Render thread/DEBUG] [mezz.jei.library.recipes.RecipeManagerInternal/]: Adding recipes: RecipeType[uid=thermal:stirling_fuel, recipeClass=class cofh.thermal.core.util.recipes.dynamo.StirlingFuel]
[21May2025 13:51:15.842] [Render thread/DEBUG] [mezz.jei.library.recipes.RecipeManagerInternal/]: Adding recipes: RecipeType[uid=thermal:compression_fuel, recipeClass=class cofh.thermal.core.util.recipes.dynamo.CompressionFuel]
[21May2025 13:51:15.842] [Render thread/DEBUG] [mezz.jei.library.recipes.RecipeManagerInternal/]: Adding recipes: RecipeType[uid=thermal:magmatic_fuel, recipeClass=class cofh.thermal.core.util.recipes.dynamo.MagmaticFuel]
[21May2025 13:51:15.842] [Render thread/DEBUG] [mezz.jei.library.recipes.RecipeManagerInternal/]: Adding recipes: RecipeType[uid=thermal:numismatic_fuel, recipeClass=class cofh.thermal.core.util.recipes.dynamo.NumismaticFuel]
[21May2025 13:51:15.842] [Render thread/DEBUG] [mezz.jei.library.recipes.RecipeManagerInternal/]: Adding recipes: RecipeType[uid=thermal:lapidary_fuel, recipeClass=class cofh.thermal.core.util.recipes.dynamo.LapidaryFuel]
[21May2025 13:51:15.842] [Render thread/DEBUG] [mezz.jei.library.recipes.RecipeManagerInternal/]: Adding recipes: RecipeType[uid=thermal:disenchantment_fuel, recipeClass=class cofh.thermal.core.util.recipes.dynamo.DisenchantmentFuel]
[21May2025 13:51:15.842] [Render thread/DEBUG] [mezz.jei.library.recipes.RecipeManagerInternal/]: Adding recipes: RecipeType[uid=thermal:disenchantment_fuel, recipeClass=class cofh.thermal.core.util.recipes.dynamo.DisenchantmentFuel]
[21May2025 13:51:15.843] [Render thread/DEBUG] [mezz.jei.library.recipes.RecipeManagerInternal/]: Adding recipes: RecipeType[uid=thermal:gourmand_fuel, recipeClass=class cofh.thermal.core.util.recipes.dynamo.GourmandFuel]
[21May2025 13:51:15.843] [Render thread/DEBUG] [mezz.jei.library.recipes.RecipeManagerInternal/]: Adding recipes: RecipeType[uid=thermal:gourmand_fuel, recipeClass=class cofh.thermal.core.util.recipes.dynamo.GourmandFuel]
[21May2025 13:51:15.843] [Render thread/INFO] [mezz.jei.library.load.PluginCallerTimerRunnable/]: Registering recipes: thermal:expansion took 25.48 milliseconds
[21May2025 13:51:15.843] [Render thread/DEBUG] [mezz.jei.library.load.PluginCallerTimerRunnable/]: Registering recipes: jei:internal...
[21May2025 13:51:15.844] [Render thread/DEBUG] [mezz.jei.library.plugins.jei.tags.TagInfoRecipeMaker/]: No valid ingredients found for minecraft:block tag: #minecraft:fire (minecraft:fire)
[21May2025 13:51:15.845] [Render thread/DEBUG] [mezz.jei.library.plugins.jei.tags.TagInfoRecipeMaker/]: No valid ingredients found for minecraft:block tag: #minecraft:candle_cakes (minecraft:candle_cakes)
[21May2025 13:51:15.847] [Render thread/DEBUG] [mezz.jei.library.plugins.jei.tags.TagInfoRecipeMaker/]: No valid ingredients found for minecraft:block tag: #minecraft:strider_warm_blocks (minecraft:strider_warm_blocks)
[21May2025 13:51:15.848] [Render thread/DEBUG] [mezz.jei.library.plugins.jei.tags.TagInfoRecipeMaker/]: No valid ingredients found for minecraft:block tag: #minecraft:invalid_spawn_inside (minecraft:invalid_spawn_inside)
[21May2025 13:51:15.849] [Render thread/DEBUG] [mezz.jei.library.plugins.jei.tags.TagInfoRecipeMaker/]: No valid ingredients found for minecraft:block tag: #minecraft:portals (minecraft:portals)
[21May2025 13:51:15.849] [Render thread/DEBUG] [mezz.jei.library.plugins.jei.tags.TagInfoRecipeMaker/]: No valid ingredients found for minecraft:block tag: #forge:enderman_place_on_blacklist (forge:enderman_place_on_blacklist)
[21May2025 13:51:15.849] [Render thread/DEBUG] [mezz.jei.library.recipes.RecipeManagerInternal/]: Adding recipes: RecipeType[uid=minecraft:tag_recipes/block, recipeClass=interface mezz.jei.library.plugins.jei.tags.ITagInfoRecipe]
[21May2025 13:51:15.877] [Render thread/DEBUG] [mezz.jei.library.recipes.RecipeManagerInternal/]: Adding recipes: RecipeType[uid=minecraft:tag_recipes/fluid, recipeClass=interface mezz.jei.library.plugins.jei.tags.ITagInfoRecipe]
[21May2025 13:51:15.879] [Render thread/DEBUG] [mezz.jei.library.recipes.RecipeManagerInternal/]: Adding recipes: RecipeType[uid=minecraft:tag_recipes/item, recipeClass=interface mezz.jei.library.plugins.jei.tags.ITagInfoRecipe]
[21May2025 13:51:15.889] [Render thread/INFO] [mezz.jei.library.load.PluginCallerTimerRunnable/]: Registering recipes: jei:internal took 45.88 milliseconds
[21May2025 13:51:15.889] [Render thread/INFO] [mezz.jei.library.load.PluginCaller/]: Registering recipes took 222.2 ms
[21May2025 13:51:15.893] [Render thread/INFO] [mezz.jei.library.load.PluginCaller/]: Registering recipes transfer handlers...
[21May2025 13:51:15.894] [Render thread/DEBUG] [mezz.jei.library.load.PluginCallerTimerRunnable/]: Registering recipes transfer handlers: jei:minecraft...
[21May2025 13:51:15.895] [Render thread/DEBUG] [mezz.jei.library.load.PluginCallerTimerRunnable/]: Registering recipes transfer handlers: configured:jei_plugin...
[21May2025 13:51:15.895] [Render thread/DEBUG] [mezz.jei.library.load.PluginCallerTimerRunnable/]: Registering recipes transfer handlers: jade:main...
[21May2025 13:51:15.895] [Render thread/DEBUG] [mezz.jei.library.load.PluginCallerTimerRunnable/]: Registering recipes transfer handlers: jei:debug...
[21May2025 13:51:15.895] [Render thread/DEBUG] [mezz.jei.library.load.PluginCallerTimerRunnable/]: Registering recipes transfer handlers: jei:gui...
[21May2025 13:51:15.895] [Render thread/DEBUG] [mezz.jei.library.load.PluginCallerTimerRunnable/]: Registering recipes transfer handlers: jei:forge_gui...
[21May2025 13:51:15.895] [Render thread/DEBUG] [mezz.jei.library.load.PluginCallerTimerRunnable/]: Registering recipes transfer handlers: cofh_core:default...
[21May2025 13:51:15.895] [Render thread/DEBUG] [mezz.jei.library.load.PluginCallerTimerRunnable/]: Registering recipes transfer handlers: pipez:pipez...
[21May2025 13:51:15.895] [Render thread/DEBUG] [mezz.jei.library.load.PluginCallerTimerRunnable/]: Registering recipes transfer handlers: thermal:core...
[21May2025 13:51:15.895] [Render thread/DEBUG] [mezz.jei.library.load.PluginCallerTimerRunnable/]: Registering recipes transfer handlers: thermal:expansion...
[21May2025 13:51:15.895] [Render thread/DEBUG] [mezz.jei.library.load.PluginCallerTimerRunnable/]: Registering recipes transfer handlers: jei:internal...
[21May2025 13:51:15.896] [Render thread/INFO] [mezz.jei.library.load.PluginCaller/]: Registering recipes transfer handlers took 2.123 ms
[21May2025 13:51:15.900] [Render thread/INFO] [mezz.jei.core.util.LoggedTimer/]: Building runtime...
[21May2025 13:51:15.904] [Render thread/INFO] [mezz.jei.library.load.PluginCaller/]: Registering gui handlers...
[21May2025 13:51:15.904] [Render thread/DEBUG] [mezz.jei.library.load.PluginCallerTimerRunnable/]: Registering gui handlers: jei:minecraft...
[21May2025 13:51:15.906] [Render thread/DEBUG] [mezz.jei.library.load.PluginCallerTimerRunnable/]: Registering gui handlers: configured:jei_plugin...
[21May2025 13:51:15.906] [Render thread/DEBUG] [mezz.jei.library.load.PluginCallerTimerRunnable/]: Registering gui handlers: jade:main...
[21May2025 13:51:15.906] [Render thread/DEBUG] [mezz.jei.library.load.PluginCallerTimerRunnable/]: Registering gui handlers: jei:debug...
[21May2025 13:51:15.906] [Render thread/DEBUG] [mezz.jei.library.load.PluginCallerTimerRunnable/]: Registering gui handlers: jei:gui...
[21May2025 13:51:15.908] [Render thread/DEBUG] [mezz.jei.library.load.PluginCallerTimerRunnable/]: Registering gui handlers: jei:forge_gui...
[21May2025 13:51:15.909] [Render thread/DEBUG] [mezz.jei.library.load.PluginCallerTimerRunnable/]: Registering gui handlers: cofh_core:default...
[21May2025 13:51:15.909] [Render thread/DEBUG] [mezz.jei.library.load.PluginCallerTimerRunnable/]: Registering gui handlers: pipez:pipez...
[21May2025 13:51:15.910] [Render thread/DEBUG] [mezz.jei.library.load.PluginCallerTimerRunnable/]: Registering gui handlers: thermal:core...
[21May2025 13:51:15.910] [Render thread/DEBUG] [mezz.jei.library.load.PluginCallerTimerRunnable/]: Registering gui handlers: thermal:expansion...
[21May2025 13:51:15.910] [Render thread/DEBUG] [mezz.jei.library.load.PluginCallerTimerRunnable/]: Registering gui handlers: jei:internal...
[21May2025 13:51:15.910] [Render thread/INFO] [mezz.jei.library.load.PluginCaller/]: Registering gui handlers took 5.888 ms
[21May2025 13:51:15.912] [Render thread/INFO] [mezz.jei.library.load.PluginCaller/]: Registering Runtime...
[21May2025 13:51:15.912] [Render thread/DEBUG] [mezz.jei.library.load.PluginCallerTimerRunnable/]: Registering Runtime: jei:minecraft...
[21May2025 13:51:15.912] [Render thread/DEBUG] [mezz.jei.library.load.PluginCallerTimerRunnable/]: Registering Runtime: configured:jei_plugin...
[21May2025 13:51:15.912] [Render thread/DEBUG] [mezz.jei.library.load.PluginCallerTimerRunnable/]: Registering Runtime: jade:main...
[21May2025 13:51:15.912] [Render thread/DEBUG] [mezz.jei.library.load.PluginCallerTimerRunnable/]: Registering Runtime: jei:debug...
[21May2025 13:51:15.912] [Render thread/DEBUG] [mezz.jei.library.load.PluginCallerTimerRunnable/]: Registering Runtime: jei:gui...
[21May2025 13:51:15.912] [Render thread/DEBUG] [mezz.jei.library.load.PluginCallerTimerRunnable/]: Registering Runtime: jei:forge_gui...
[21May2025 13:51:15.913] [Render thread/INFO] [mezz.jei.gui.startup.JeiGuiStarter/]: Starting JEI GUI
[21May2025 13:51:15.914] [Render thread/INFO] [mezz.jei.core.util.LoggedTimer/]: Building ingredient list...
[21May2025 13:51:15.914] [Render thread/DEBUG] [mezz.jei.gui.ingredients.IngredientListElementFactory/]: Registering ingredients: ItemStack
[21May2025 13:51:15.939] [Render thread/DEBUG] [mezz.jei.gui.ingredients.IngredientListElementFactory/]: Registering ingredients: FluidStack
[21May2025 13:51:15.940] [Render thread/INFO] [mezz.jei.core.util.LoggedTimer/]: Building ingredient list took 25.47 ms
[21May2025 13:51:15.940] [Render thread/INFO] [mezz.jei.core.util.LoggedTimer/]: Building ingredient filter...
[21May2025 13:51:15.959] [Render thread/INFO] [mezz.jei.gui.ingredients.IngredientFilter/]: Adding 2068 ingredients
[21May2025 13:51:16.055] [Render thread/DEBUG] [io.netty.util.internal.ThreadLocalRandom/]: -Dio.netty.initialSeedUniquifier: 0xb9aea84f684d8b79
[21May2025 13:51:16.151] [Render thread/INFO] [mezz.jei.gui.ingredients.IngredientFilter/]: Added 2068 ingredients
[21May2025 13:51:16.152] [Render thread/INFO] [mezz.jei.core.util.LoggedTimer/]: Building ingredient filter took 212.6 ms
[21May2025 13:51:16.234] [Render thread/INFO] [mezz.jei.library.load.PluginCallerTimerRunnable/]: Registering Runtime: jei:forge_gui took 321.5 milliseconds
[21May2025 13:51:16.235] [Render thread/DEBUG] [mezz.jei.library.load.PluginCallerTimerRunnable/]: Registering Runtime: cofh_core:default...
[21May2025 13:51:16.235] [Render thread/DEBUG] [mezz.jei.library.load.PluginCallerTimerRunnable/]: Registering Runtime: pipez:pipez...
[21May2025 13:51:16.235] [Render thread/DEBUG] [mezz.jei.library.load.PluginCallerTimerRunnable/]: Registering Runtime: thermal:core...
[21May2025 13:51:16.235] [Render thread/DEBUG] [mezz.jei.library.load.PluginCallerTimerRunnable/]: Registering Runtime: thermal:expansion...
[21May2025 13:51:16.235] [Render thread/DEBUG] [mezz.jei.library.load.PluginCallerTimerRunnable/]: Registering Runtime: jei:internal...
[21May2025 13:51:16.235] [Render thread/INFO] [mezz.jei.library.load.PluginCaller/]: Registering Runtime took 323.0 ms
[21May2025 13:51:16.236] [Render thread/INFO] [mezz.jei.core.util.LoggedTimer/]: Building runtime took 335.8 ms
[21May2025 13:51:16.237] [Render thread/INFO] [mezz.jei.library.load.PluginCaller/]: Sending Runtime...
[21May2025 13:51:16.237] [Render thread/DEBUG] [mezz.jei.library.load.PluginCallerTimerRunnable/]: Sending Runtime: jei:minecraft...
[21May2025 13:51:16.237] [Render thread/DEBUG] [mezz.jei.library.load.PluginCallerTimerRunnable/]: Sending Runtime: configured:jei_plugin...
[21May2025 13:51:16.237] [Render thread/DEBUG] [mezz.jei.library.load.PluginCallerTimerRunnable/]: Sending Runtime: jade:main...
[21May2025 13:51:16.237] [Render thread/DEBUG] [mezz.jei.library.load.PluginCallerTimerRunnable/]: Sending Runtime: jei:debug...
[21May2025 13:51:16.237] [Render thread/DEBUG] [mezz.jei.library.load.PluginCallerTimerRunnable/]: Sending Runtime: jei:gui...
[21May2025 13:51:16.237] [Render thread/DEBUG] [mezz.jei.library.load.PluginCallerTimerRunnable/]: Sending Runtime: jei:forge_gui...
[21May2025 13:51:16.237] [Render thread/DEBUG] [mezz.jei.library.load.PluginCallerTimerRunnable/]: Sending Runtime: cofh_core:default...
[21May2025 13:51:16.237] [Render thread/DEBUG] [mezz.jei.library.load.PluginCallerTimerRunnable/]: Sending Runtime: pipez:pipez...
[21May2025 13:51:16.237] [Render thread/DEBUG] [mezz.jei.library.load.PluginCallerTimerRunnable/]: Sending Runtime: thermal:core...
[21May2025 13:51:16.237] [Render thread/DEBUG] [mezz.jei.library.load.PluginCallerTimerRunnable/]: Sending Runtime: thermal:expansion...
[21May2025 13:51:16.237] [Render thread/DEBUG] [mezz.jei.library.load.PluginCallerTimerRunnable/]: Sending Runtime: jei:internal...
[21May2025 13:51:16.238] [Render thread/INFO] [mezz.jei.library.load.PluginCaller/]: Sending Runtime took 660.7 μs
[21May2025 13:51:16.238] [Render thread/INFO] [mezz.jei.core.util.LoggedTimer/]: Starting JEI took 698.0 ms
[21May2025 13:51:16.238] [Render thread/DEBUG] [thermal/]: Adding default Furnace recipes to the Redstone Furnace...
[21May2025 13:51:16.239] [Render thread/DEBUG] [thermal/]: Adding default Log processing recipes to the Sawmill...
[21May2025 13:51:16.240] [Render thread/DEBUG] [thermal/]: Adding default Furnace-Based processing recipes to the Pulverizer...
[21May2025 13:51:16.241] [Render thread/DEBUG] [thermal/]: Adding default Furnace-Based processing recipes to the Induction Smelter...
[21May2025 13:51:16.242] [Render thread/DEBUG] [thermal/]: Adding default Bucket recipes to the Fluid Encapsulator...
[21May2025 13:51:16.242] [Render thread/DEBUG] [thermal/]: Adding default Florb recipes to the Fluid Encapsulator...
[21May2025 13:51:16.243] [Render thread/DEBUG] [thermal/]: Adding default Potion recipes to the Fluid Encapsulator...
[21May2025 13:51:16.243] [Render thread/DEBUG] [thermal/]: Adding default Brewing Stand recipes to the Alchemical Imbuer...
[21May2025 13:51:16.250] [Render thread/DEBUG] [thermal/]: Adding default Furnace recipes to the Redstone Furnace...
[21May2025 13:51:16.251] [Render thread/DEBUG] [thermal/]: Adding default Log processing recipes to the Sawmill...
[21May2025 13:51:16.252] [Render thread/DEBUG] [thermal/]: Adding default Furnace-Based processing recipes to the Pulverizer...
[21May2025 13:51:16.252] [Render thread/DEBUG] [thermal/]: Adding default Furnace-Based processing recipes to the Induction Smelter...
[21May2025 13:51:16.254] [Render thread/DEBUG] [thermal/]: Adding default Bucket recipes to the Fluid Encapsulator...
[21May2025 13:51:16.254] [Render thread/DEBUG] [thermal/]: Adding default Florb recipes to the Fluid Encapsulator...
[21May2025 13:51:16.254] [Render thread/DEBUG] [thermal/]: Adding default Potion recipes to the Fluid Encapsulator...
[21May2025 13:51:16.254] [Render thread/DEBUG] [thermal/]: Adding default Brewing Stand recipes to the Alchemical Imbuer...
[21May2025 13:51:16.342] [Render thread/INFO] [Jade/]: Received config from the server: 
[21May2025 13:51:16.343] [Render thread/INFO] [net.minecraft.advancements.AdvancementList/]: Loaded 75 advancements
[21May2025 13:51:42.376] [Server thread/INFO] [net.minecraft.server.MinecraftServer/]: [Dev: Gave 1 [Diamond Hoe] to Dev]
[21May2025 13:51:42.384] [Render thread/INFO] [net.minecraft.client.gui.components.ChatComponent/]: [System] [CHAT] Gave 1 [Diamond Hoe] to Dev
[21May2025 13:52:09.764] [Server thread/INFO] [net.minecraft.client.server.IntegratedServer/]: Saving and pausing game...
[21May2025 13:52:09.770] [Server thread/INFO] [net.minecraft.server.MinecraftServer/]: Saving chunks for level 'ServerLevel[ENGINES]'/minecraft:overworld
[21May2025 13:52:09.777] [Server thread/INFO] [net.minecraft.server.MinecraftServer/]: Saving chunks for level 'ServerLevel[ENGINES]'/minecraft:the_end
[21May2025 13:52:09.777] [Server thread/INFO] [net.minecraft.server.MinecraftServer/]: Saving chunks for level 'ServerLevel[ENGINES]'/minecraft:the_nether
[21May2025 13:52:09.778] [Server thread/DEBUG] [net.minecraftforge.common.ForgeHooks/WP]: Gathering id map for writing to world save ENGINES
[21May2025 13:52:09.782] [Server thread/DEBUG] [net.minecraftforge.common.ForgeHooks/WP]: ID Map collection complete ENGINES
[21May2025 13:52:15.614] [Server thread/INFO] [net.minecraft.client.server.IntegratedServer/]: Saving and pausing game...
[21May2025 13:52:15.617] [Server thread/INFO] [net.minecraft.server.MinecraftServer/]: Saving chunks for level 'ServerLevel[ENGINES]'/minecraft:overworld
[21May2025 13:52:15.621] [Server thread/INFO] [net.minecraft.server.MinecraftServer/]: Saving chunks for level 'ServerLevel[ENGINES]'/minecraft:the_end
[21May2025 13:52:15.621] [Server thread/INFO] [net.minecraft.server.MinecraftServer/]: Saving chunks for level 'ServerLevel[ENGINES]'/minecraft:the_nether
[21May2025 13:52:15.623] [Server thread/DEBUG] [net.minecraftforge.common.ForgeHooks/WP]: Gathering id map for writing to world save ENGINES
[21May2025 13:52:15.627] [Server thread/DEBUG] [net.minecraftforge.common.ForgeHooks/WP]: ID Map collection complete ENGINES
[21May2025 13:52:17.196] [Render thread/INFO] [net.minecraft.client.Minecraft/]: Stopping!
[21May2025 13:52:17.197] [Render thread/INFO] [mezz.jei.forge.startup.StartEventObserver/]: JEI StartEventObserver received class net.minecraftforge.client.event.ClientPlayerNetworkEvent$LoggingOut
[21May2025 13:52:17.197] [Render thread/INFO] [mezz.jei.forge.startup.StartEventObserver/]: JEI StartEventObserver transitioning state from JEI_STARTED to DISABLED
[21May2025 13:52:17.197] [Render thread/INFO] [mezz.jei.library.startup.JeiStarter/]: Stopping JEI
[21May2025 13:52:17.197] [Render thread/INFO] [mezz.jei.library.load.PluginCaller/]: Sending Runtime Unavailable...
[21May2025 13:52:17.197] [Render thread/DEBUG] [mezz.jei.library.load.PluginCallerTimerRunnable/]: Sending Runtime Unavailable: jei:minecraft...
[21May2025 13:52:17.197] [Render thread/DEBUG] [mezz.jei.library.load.PluginCallerTimerRunnable/]: Sending Runtime Unavailable: configured:jei_plugin...
[21May2025 13:52:17.197] [Render thread/DEBUG] [mezz.jei.library.load.PluginCallerTimerRunnable/]: Sending Runtime Unavailable: jade:main...
[21May2025 13:52:17.197] [Render thread/DEBUG] [mezz.jei.library.load.PluginCallerTimerRunnable/]: Sending Runtime Unavailable: jei:debug...
[21May2025 13:52:17.197] [Render thread/DEBUG] [mezz.jei.library.load.PluginCallerTimerRunnable/]: Sending Runtime Unavailable: jei:gui...
[21May2025 13:52:17.197] [Render thread/DEBUG] [mezz.jei.library.load.PluginCallerTimerRunnable/]: Sending Runtime Unavailable: jei:forge_gui...
[21May2025 13:52:17.197] [Render thread/INFO] [mezz.jei.forge.plugins.forge.ForgeGuiPlugin/]: Stopping JEI GUI
[21May2025 13:52:17.200] [Render thread/DEBUG] [mezz.jei.library.load.PluginCallerTimerRunnable/]: Sending Runtime Unavailable: cofh_core:default...
[21May2025 13:52:17.200] [Render thread/DEBUG] [mezz.jei.library.load.PluginCallerTimerRunnable/]: Sending Runtime Unavailable: pipez:pipez...
[21May2025 13:52:17.200] [Render thread/DEBUG] [mezz.jei.library.load.PluginCallerTimerRunnable/]: Sending Runtime Unavailable: thermal:core...
[21May2025 13:52:17.200] [Render thread/DEBUG] [mezz.jei.library.load.PluginCallerTimerRunnable/]: Sending Runtime Unavailable: thermal:expansion...
[21May2025 13:52:17.200] [Render thread/DEBUG] [mezz.jei.library.load.PluginCallerTimerRunnable/]: Sending Runtime Unavailable: jei:internal...
[21May2025 13:52:17.201] [Render thread/INFO] [mezz.jei.library.load.PluginCaller/]: Sending Runtime Unavailable took 3.425 ms
[21May2025 13:52:17.218] [Server thread/INFO] [net.minecraft.server.network.ServerGamePacketListenerImpl/]: Dev lost connection: Disconnected
[21May2025 13:52:17.218] [Server thread/INFO] [net.minecraft.server.MinecraftServer/]: Dev left the game
[21May2025 13:52:17.221] [Server thread/INFO] [net.minecraft.server.network.ServerGamePacketListenerImpl/]: Stopping singleplayer server as player logged out
[21May2025 13:52:17.264] [Server thread/INFO] [net.minecraft.server.MinecraftServer/]: Stopping server
[21May2025 13:52:17.265] [Server thread/INFO] [net.minecraft.server.MinecraftServer/]: Saving players
[21May2025 13:52:17.265] [Server thread/INFO] [net.minecraft.server.MinecraftServer/]: Saving worlds
[21May2025 13:52:17.631] [Server thread/INFO] [net.minecraft.server.MinecraftServer/]: Saving chunks for level 'ServerLevel[ENGINES]'/minecraft:overworld
[21May2025 13:52:19.812] [Server thread/INFO] [net.minecraft.server.MinecraftServer/]: Saving chunks for level 'ServerLevel[ENGINES]'/minecraft:the_end
[21May2025 13:52:19.813] [Server thread/INFO] [net.minecraft.server.MinecraftServer/]: Saving chunks for level 'ServerLevel[ENGINES]'/minecraft:the_nether
[21May2025 13:52:19.814] [Server thread/DEBUG] [net.minecraftforge.common.ForgeHooks/WP]: Gathering id map for writing to world save ENGINES
[21May2025 13:52:19.817] [Server thread/DEBUG] [net.minecraftforge.common.ForgeHooks/WP]: ID Map collection complete ENGINES
[21May2025 13:52:19.822] [Server thread/INFO] [net.minecraft.server.MinecraftServer/]: ThreadedAnvilChunkStorage (ENGINES): All chunks are saved
[21May2025 13:52:19.822] [Server thread/INFO] [net.minecraft.server.MinecraftServer/]: ThreadedAnvilChunkStorage (DIM1): All chunks are saved
[21May2025 13:52:19.822] [Server thread/INFO] [net.minecraft.server.MinecraftServer/]: ThreadedAnvilChunkStorage (DIM-1): All chunks are saved
[21May2025 13:52:19.822] [Server thread/INFO] [net.minecraft.server.MinecraftServer/]: ThreadedAnvilChunkStorage: All dimensions are saved
[21May2025 13:52:19.833] [Server thread/DEBUG] [net.minecraftforge.registries.GameData/REGISTRIES]: Reverting to FROZEN data state.
[21May2025 13:52:19.834] [Server thread/DEBUG] [net.minecraftforge.registries.ForgeRegistry/REGISTRIES]: Registry minecraft:block Sync: ACTIVE -> FROZEN
[21May2025 13:52:19.837] [Server thread/DEBUG] [net.minecraftforge.registries.ForgeRegistry/REGISTRIES]: Registry minecraft:fluid Sync: ACTIVE -> FROZEN
[21May2025 13:52:19.837] [Server thread/DEBUG] [net.minecraftforge.registries.ForgeRegistry/REGISTRIES]: Registry minecraft:item Sync: ACTIVE -> FROZEN
[21May2025 13:52:19.842] [Server thread/DEBUG] [net.minecraftforge.registries.ForgeRegistry/REGISTRIES]: Registry minecraft:mob_effect Sync: ACTIVE -> FROZEN
[21May2025 13:52:19.842] [Server thread/DEBUG] [net.minecraftforge.registries.ForgeRegistry/REGISTRIES]: Registry minecraft:sound_event Sync: ACTIVE -> FROZEN
[21May2025 13:52:19.845] [Server thread/DEBUG] [net.minecraftforge.registries.ForgeRegistry/REGISTRIES]: Registry minecraft:potion Sync: ACTIVE -> FROZEN
[21May2025 13:52:19.845] [Server thread/DEBUG] [net.minecraftforge.registries.ForgeRegistry/REGISTRIES]: Registry minecraft:enchantment Sync: ACTIVE -> FROZEN
[21May2025 13:52:19.845] [Server thread/DEBUG] [net.minecraftforge.registries.ForgeRegistry/REGISTRIES]: Registry minecraft:entity_type Sync: ACTIVE -> FROZEN
[21May2025 13:52:19.846] [Server thread/DEBUG] [net.minecraftforge.registries.ForgeRegistry/REGISTRIES]: Registry minecraft:block_entity_type Sync: ACTIVE -> FROZEN
[21May2025 13:52:19.846] [Server thread/DEBUG] [net.minecraftforge.registries.ForgeRegistry/REGISTRIES]: Registry minecraft:particle_type Sync: ACTIVE -> FROZEN
[21May2025 13:52:19.846] [Server thread/DEBUG] [net.minecraftforge.registries.ForgeRegistry/REGISTRIES]: Registry minecraft:menu Sync: ACTIVE -> FROZEN
[21May2025 13:52:19.846] [Server thread/DEBUG] [net.minecraftforge.registries.ForgeRegistry/REGISTRIES]: Registry minecraft:painting_variant Sync: ACTIVE -> FROZEN
[21May2025 13:52:19.846] [Server thread/DEBUG] [net.minecraftforge.registries.ForgeRegistry/REGISTRIES]: Registry minecraft:recipe_type Sync: ACTIVE -> FROZEN
[21May2025 13:52:19.846] [Server thread/DEBUG] [net.minecraftforge.registries.ForgeRegistry/REGISTRIES]: Registry minecraft:recipe_serializer Sync: ACTIVE -> FROZEN
[21May2025 13:52:19.847] [Server thread/DEBUG] [net.minecraftforge.registries.ForgeRegistry/REGISTRIES]: Registry minecraft:attribute Sync: ACTIVE -> FROZEN
[21May2025 13:52:19.847] [Server thread/DEBUG] [net.minecraftforge.registries.ForgeRegistry/REGISTRIES]: Registry minecraft:stat_type Sync: ACTIVE -> FROZEN
[21May2025 13:52:19.847] [Server thread/DEBUG] [net.minecraftforge.registries.ForgeRegistry/REGISTRIES]: Registry minecraft:command_argument_type Sync: ACTIVE -> FROZEN
[21May2025 13:52:19.847] [Server thread/DEBUG] [net.minecraftforge.registries.ForgeRegistry/REGISTRIES]: Registry minecraft:villager_profession Sync: ACTIVE -> FROZEN
[21May2025 13:52:19.847] [Server thread/DEBUG] [net.minecraftforge.registries.ForgeRegistry/REGISTRIES]: Registry minecraft:point_of_interest_type Sync: ACTIVE -> FROZEN
[21May2025 13:52:19.848] [Server thread/DEBUG] [net.minecraftforge.registries.ForgeRegistry/REGISTRIES]: Registry minecraft:memory_module_type Sync: ACTIVE -> FROZEN
[21May2025 13:52:19.848] [Server thread/DEBUG] [net.minecraftforge.registries.ForgeRegistry/REGISTRIES]: Registry minecraft:sensor_type Sync: ACTIVE -> FROZEN
[21May2025 13:52:19.848] [Server thread/DEBUG] [net.minecraftforge.registries.ForgeRegistry/REGISTRIES]: Registry minecraft:schedule Sync: ACTIVE -> FROZEN
[21May2025 13:52:19.848] [Server thread/DEBUG] [net.minecraftforge.registries.ForgeRegistry/REGISTRIES]: Registry minecraft:activity Sync: ACTIVE -> FROZEN
[21May2025 13:52:19.848] [Server thread/DEBUG] [net.minecraftforge.registries.ForgeRegistry/REGISTRIES]: Registry minecraft:worldgen/carver Sync: ACTIVE -> FROZEN
[21May2025 13:52:19.848] [Server thread/DEBUG] [net.minecraftforge.registries.ForgeRegistry/REGISTRIES]: Registry minecraft:worldgen/feature Sync: ACTIVE -> FROZEN
[21May2025 13:52:19.848] [Server thread/DEBUG] [net.minecraftforge.registries.ForgeRegistry/REGISTRIES]: Registry minecraft:chunk_status Sync: ACTIVE -> FROZEN
[21May2025 13:52:19.848] [Server thread/DEBUG] [net.minecraftforge.registries.ForgeRegistry/REGISTRIES]: Registry minecraft:worldgen/block_state_provider_type Sync: ACTIVE -> FROZEN
[21May2025 13:52:19.848] [Server thread/DEBUG] [net.minecraftforge.registries.ForgeRegistry/REGISTRIES]: Registry minecraft:worldgen/foliage_placer_type Sync: ACTIVE -> FROZEN
[21May2025 13:52:19.848] [Server thread/DEBUG] [net.minecraftforge.registries.ForgeRegistry/REGISTRIES]: Registry minecraft:worldgen/tree_decorator_type Sync: ACTIVE -> FROZEN
[21May2025 13:52:19.848] [Server thread/DEBUG] [net.minecraftforge.registries.ForgeRegistry/REGISTRIES]: Registry minecraft:worldgen/biome Sync: ACTIVE -> FROZEN
[21May2025 13:52:19.848] [Server thread/DEBUG] [net.minecraftforge.registries.ForgeRegistry/REGISTRIES]: Registry forge:entity_data_serializers Sync: ACTIVE -> FROZEN
[21May2025 13:52:19.848] [Server thread/DEBUG] [net.minecraftforge.registries.ForgeRegistry/REGISTRIES]: Registry forge:global_loot_modifier_serializers Sync: ACTIVE -> FROZEN
[21May2025 13:52:19.848] [Server thread/DEBUG] [net.minecraftforge.registries.ForgeRegistry/REGISTRIES]: Registry forge:biome_modifier_serializers Sync: ACTIVE -> FROZEN
[21May2025 13:52:19.848] [Server thread/DEBUG] [net.minecraftforge.registries.ForgeRegistry/REGISTRIES]: Registry forge:fluid_type Sync: ACTIVE -> FROZEN
[21May2025 13:52:19.849] [Server thread/DEBUG] [net.minecraftforge.registries.ForgeRegistry/REGISTRIES]: Registry forge:structure_modifier_serializers Sync: ACTIVE -> FROZEN
[21May2025 13:52:19.849] [Server thread/DEBUG] [net.minecraftforge.registries.ForgeRegistry/REGISTRIES]: Registry forge:holder_set_type Sync: ACTIVE -> FROZEN
[21May2025 13:52:19.849] [Server thread/DEBUG] [net.minecraftforge.registries.ForgeRegistry/REGISTRIES]: Registry forge:display_contexts Sync: ACTIVE -> FROZEN
[21May2025 13:52:19.849] [Server thread/DEBUG] [net.minecraftforge.registries.ForgeRegistry/REGISTRIES]: Registry thermal_dynamics:grid_type Sync: ACTIVE -> FROZEN
[21May2025 13:52:20.254] [Server thread/DEBUG] [net.minecraftforge.registries.ObjectHolderRegistry/REGISTRIES]: Applying holder lookups
[21May2025 13:52:20.256] [Server thread/DEBUG] [net.minecraftforge.registries.ObjectHolderRegistry/REGISTRIES]: Holder lookups applied
[21May2025 13:52:20.256] [Server thread/DEBUG] [net.minecraftforge.registries.GameData/REGISTRIES]: FROZEN state restored.
[21May2025 13:52:20.256] [Server thread/DEBUG] [net.minecraftforge.fml.config.ConfigTracker/CONFIG]: Unloading configs type SERVER
