#
# A fatal error has been detected by the Java Runtime Environment:
#
#  EXCEPTION_ACCESS_VIOLATION (0xc0000005) at pc=0x00007fff43e0b386, pid=8484, tid=10672
#
# JRE version: Java(TM) SE Runtime Environment (21.0.5+9) (build 21.0.5+9-LTS-239)
# Java VM: Java HotSpot(TM) 64-Bit Server VM (21.0.5+9-LTS-239, mixed mode, sharing, tiered, compressed oops, compressed class ptrs, g1 gc, windows-amd64)
# Problematic frame:
# C  [igxelpicd64.dll+0x23b386]
#
# No core dump will be written. Minidumps are not enabled by default on client versions of Windows
#
# If you would like to submit a bug report, please visit:
#   https://bugreport.java.com/bugreport/crash.jsp
#

---------------  S U M M A R Y ------------

Command Line: -Dforge.enableGameTest=true -Dforge.enabledGameTestNamespaces=branik_mod -Dforge.logging.console.level=debug -Dforge.logging.markers=REGISTRIES -DignoreList=bootstraplauncher,securejarhandler,asm-commons,asm-util,asm-analysis,asm-tree,asm,JarJarFileSystems,client-extra,fmlcore,javafmllanguage,lowcodelanguage,mclanguage,forge- -Djava.net.preferIPv6Addresses=system -DlegacyClassPath.file=C:\Users\GaliOu\Desktop\branik-mod-main\build\classpath\runClient_minecraftClasspath.txt -DmergeModules=jna-5.10.0.jar,jna-platform-5.10.0.jar --module-path=C:\Users\GaliOu\.gradle\caches\modules-2\files-2.1\cpw.mods\bootstraplauncher\1.1.2\c546e00443d8432cda6baa1c860346980742628\bootstraplauncher-1.1.2.jar;C:\Users\GaliOu\.gradle\caches\modules-2\files-2.1\cpw.mods\securejarhandler\2.1.10\51e6a22c6c716beb11e244bf5b8be480f51dd6b5\securejarhandler-2.1.10.jar;C:\Users\GaliOu\.gradle\caches\modules-2\files-2.1\org.ow2.asm\asm-commons\9.5\19ab5b5800a3910d30d3a3e64fdb00fd0cb42de0\asm-commons-9.5.jar;C:\Users\GaliOu\.gradle\caches\modules-2\files-2.1\org.ow2.asm\asm-util\9.5\64b5a1fc8c1b15ed2efd6a063e976bc8d3dc5ffe\asm-util-9.5.jar;C:\Users\GaliOu\.gradle\caches\modules-2\files-2.1\org.ow2.asm\asm-analysis\9.5\490bacc77de7cbc0be1a30bb3471072d705be4a4\asm-analysis-9.5.jar;C:\Users\GaliOu\.gradle\caches\modules-2\files-2.1\org.ow2.asm\asm-tree\9.5\fd33c8b6373abaa675be407082fdfda35021254a\asm-tree-9.5.jar;C:\Users\GaliOu\.gradle\caches\modules-2\files-2.1\org.ow2.asm\asm\9.5\dc6ea1875f4d64fbc85e1691c95b96a3d8569c90\asm-9.5.jar;C:\Users\GaliOu\.gradle\caches\modules-2\files-2.1\net.minecraftforge\JarJarFileSystems\0.3.19\2464eb7d6b9ddb9db36a82cf8a95193e5c6fe020\JarJarFileSystems-0.3.19.jar --add-modules=ALL-MODULE-PATH --add-opens=java.base/java.util.jar=cpw.mods.securejarhandler --add-opens=java.base/java.lang.invoke=cpw.mods.securejarhandler --add-exports=java.base/sun.security.util=cpw.mods.securejarhandler --add-exports=jdk.naming.dns/com.sun.jndi.dns=java.naming -XX:HeapDumpPath=MojangTricksIntelDriversForPerformance_javaw.exe_minecraft.exe.heapdump --module-path=C:\Users\GaliOu\.gradle\caches\modules-2\files-2.1\cpw.mods\bootstraplauncher\1.1.2\c546e00443d8432cda6baa1c860346980742628\bootstraplauncher-1.1.2.jar;C:\Users\GaliOu\.gradle\caches\modules-2\files-2.1\cpw.mods\securejarhandler\2.1.10\51e6a22c6c716beb11e244bf5b8be480f51dd6b5\securejarhandler-2.1.10.jar;C:\Users\GaliOu\.gradle\caches\modules-2\files-2.1\org.ow2.asm\asm-commons\9.5\19ab5b5800a3910d30d3a3e64fdb00fd0cb42de0\asm-commons-9.5.jar;C:\Users\GaliOu\.gradle\caches\modules-2\files-2.1\org.ow2.asm\asm-util\9.5\64b5a1fc8c1b15ed2efd6a063e976bc8d3dc5ffe\asm-util-9.5.jar;C:\Users\GaliOu\.gradle\caches\modules-2\files-2.1\org.ow2.asm\asm-analysis\9.5\490bacc77de7cbc0be1a30bb3471072d705be4a4\asm-analysis-9.5.jar;C:\Users\GaliOu\.gradle\caches\modules-2\files-2.1\org.ow2.asm\asm-tree\9.5\fd33c8b6373abaa675be407082fdfda35021254a\asm-tree-9.5.jar;C:\Users\GaliOu\.gradle\caches\modules-2\files-2.1\org.ow2.asm\asm\9.5\dc6ea1875f4d64fbc85e1691c95b96a3d8569c90\asm-9.5.jar;C:\Users\GaliOu\.gradle\caches\modules-2\files-2.1\net.minecraftforge\JarJarFileSystems\0.3.19\2464eb7d6b9ddb9db36a82cf8a95193e5c6fe020\JarJarFileSystems-0.3.19.jar --add-modules=ALL-MODULE-PATH --add-opens=java.base/java.util.jar=cpw.mods.securejarhandler --add-opens=java.base/java.lang.invoke=cpw.mods.securejarhandler --add-exports=java.base/sun.security.util=cpw.mods.securejarhandler --add-exports=jdk.naming.dns/com.sun.jndi.dns=java.naming -XX:HeapDumpPath=MojangTricksIntelDriversForPerformance_javaw.exe_minecraft.exe.heapdump -Dfile.encoding=UTF-8 -Duser.country=CZ -Duser.language=cs -Duser.variant cpw.mods.bootstraplauncher.BootstrapLauncher --launchTarget forgeclientuserdev --version MOD_DEV --assetIndex 5 --assetsDir C:\Users\GaliOu\.gradle\caches\forge_gradle\assets --gameDir . --fml.forgeVersion 47.2.0 --fml.mcVersion 1.20.1 --fml.forgeGroup net.minecraftforge --fml.mcpVersion 20230612.114412

Host: 11th Gen Intel(R) Core(TM) i5-11400H @ 2.70GHz, 12 cores, 15G,  Windows 11 , 64 bit Build 26100 (10.0.26100.3775)
Time: Tue May  6 21:19:43 2025 Stindows 11 , 64 bit Build 26100 (10.0.26100.3775) elapsed time: 19.272017 seconds (0d 0h 0m 19s)

---------------  T H R E A D  ---------------

Current thread (0x00000240d72084e0):  VMThread "VM Thread"          [id=10672, stack(0x000000579cf00000,0x000000579d000000) (1024K)]

Stack: [0x000000579cf00000,0x000000579d000000],  sp=0x000000579cffe1b0,  free space=1016k
Native frames: (J=compiled Java code, j=interpreted, Vv=VM code, C=native code)
C  [igxelpicd64.dll+0x23b386]


siginfo: EXCEPTION_ACCESS_VIOLATION (0xc0000005), reading address 0x0000000000035468


Registers:
RAX=0x000002412efa4ca0, RBX=0x00000241203e1ad0, RCX=0x0000000000000001, RDX=0x0000000000000000
RSP=0x000000579cffe1b0, RBP=0x0000000000000000, RSI=0x000002412efa4b60, RDI=0x00000241214b56f0
R8 =0x000002412efa4c60, R9 =0x000000579c30b000, R10=0x0000000000000000, R11=0x0000000000000246
R12=0x000002412efa4b60, R13=0x0000000000000000, R14=0x000002412efa50a8, R15=0x00000241213c74a0
RIP=0x00007fff43e0b386, EFLAGS=0x0000000000010206


Register to memory mapping:

RAX=0x000002412efa4ca0 points into unknown readable memory: 0x00000000003dfbcd | cd fb 3d 00 00 00 00 00
RBX=0x00000241203e1ad0 points into unknown readable memory: 0xffffffffffffffff | ff ff ff ff ff ff ff ff
RCX=0x0000000000000001 is an unknown value
RDX=0x0 is null
RSP=0x000000579cffe1b0 points into unknown readable memory: 0x00000241203e1ad0 | d0 1a 3e 20 41 02 00 00
RBP=0x0 is null
RSI=0x000002412efa4b60 points into unknown readable memory: 0x0000024120098ca0 | a0 8c 09 20 41 02 00 00
RDI=0x00000241214b56f0 points into unknown readable memory: 0x0000000000000000 | 00 00 00 00 00 00 00 00
R8 =0x000002412efa4c60 points into unknown readable memory: 0x0000000000000000 | 00 00 00 00 00 00 00 00
R9 =0x000000579c30b000 points into unknown readable memory: 0x0000000000000000 | 00 00 00 00 00 00 00 00
R10=0x0 is null
R11=0x0000000000000246 is an unknown value
R12=0x000002412efa4b60 points into unknown readable memory: 0x0000024120098ca0 | a0 8c 09 20 41 02 00 00
R13=0x0 is null
R14=0x000002412efa50a8 points into unknown readable memory: 0x00000241213c74a0 | a0 74 3c 21 41 02 00 00
R15=0x00000241213c74a0 points into unknown readable memory: 0x0000024120098ca0 | a0 8c 09 20 41 02 00 00

Top of Stack: (sp=0x000000579cffe1b0)
0x000000579cffe1b0:   00000241203e1ad0 0000000000000000
0x000000579cffe1c0:   000002411e810420 000002411e8049b0
0x000000579cffe1d0:   000000161e000000 0000000000000000
0x000000579cffe1e0:   000002411e806480 000002411e80c600
0x000000579cffe1f0:   00000241203e1ad0 000002411e7d0080
0x000000579cffe200:   0000024125d40fa8 0000024125b21000
0x000000579cffe210:   01dea28e02692100 000002411e810a20
0x000000579cffe220:   0317028f0264ef8e 000002411e8049b0
0x000000579cffe230:   028f939102771091 0292e39101229691
0x000000579cffe240:   02ec839302b78992 01f73994018cce93
0x000000579cffe250:   0290ac94015ba194 035be39502ae2595
0x000000579cffe260:   01e3979602be3096 032baa970320e696
0x000000579cffe270:   01f1ad9803053998 01798a9902583499
0x000000579cffe280:   0000000000000000 0000000000000000
0x000000579cffe290:   02ea1a0000000000 00007fffc9d7fe74
0x000000579cffe2a0:   0000000000000000 0000000000000000
0x000000579cffe2b0:   000000579cffe450 00007fffc7cd3519
0x000000579cffe2c0:   000000579cffe348 0000000000000000
0x000000579cffe2d0:   0000000000000054 0000000000000000
0x000000579cffe2e0:   0000000000000000 00007fffc9d7ffe4
0x000000579cffe2f0:   000000007a000004 031e5ea9029b02a8
0x000000579cffe300:   0000b502fa5f717c 001040007a000004
0x000000579cffe310:   000002411e804cb8 00000000003dffbe
0x000000579cffe320:   0000000000000000 0000000000000010
0x000000579cffe330:   0000000000000000 0000000000000000
0x000000579cffe340:   000000579cffe450 00007fff43e382ae
0x000000579cffe350:   00000241214b56f0 0000000000000000
0x000000579cffe360:   00000241214b56f0 000010027a000004
0x000000579cffe370:   00000057000013c0 0000b802091f0000
0x000000579cffe380:   0000000000000000 0294fab3022d74b3
0x000000579cffe390:   0000000000000000 000010027a000004
0x000000579cffe3a0:   023bf1b6021707b6 0000000000000000 

Instructions: (pc=0x00007fff43e0b386)
0x00007fff43e0b286:   00 90 4c 8b bf 80 02 00 00 48 8b 05 9a 85 bd 00
0x00007fff43e0b296:   8b 80 c8 0a 00 00 89 44 24 24 c6 44 24 20 00 48
0x00007fff43e0b2a6:   c7 87 80 02 00 00 00 00 00 00 c7 87 88 02 00 00
0x00007fff43e0b2b6:   00 00 00 00 48 c7 87 a0 02 00 00 00 00 00 00 48
0x00007fff43e0b2c6:   c7 87 90 02 00 00 00 00 00 00 48 85 ed 75 3d 8b
0x00007fff43e0b2d6:   35 0d 77 cd 00 65 48 8b 04 25 58 00 00 00 b9 14
0x00007fff43e0b2e6:   00 00 00 48 8b 04 f0 40 38 2c 01 0f 84 c9 e7 75
0x00007fff43e0b2f6:   00 65 48 8b 04 25 58 00 00 00 bd 20 00 00 00 48
0x00007fff43e0b306:   8b 04 f0 48 8b 2c 28 48 89 6c 24 28 48 3b 2d 07
0x00007fff43e0b316:   9b cd 00 0f 84 9b 10 00 00 4d 85 ff 0f 84 3a 01
0x00007fff43e0b326:   00 00 0f 1f 84 00 00 00 00 00 49 8b f7 4d 8b e7
0x00007fff43e0b336:   4d 8d b7 48 05 00 00 4d 8b 3e 45 84 ed 0f 85 d9
0x00007fff43e0b346:   0e 00 00 8b 8f d0 01 00 00 48 8b 05 da 84 bd 00
0x00007fff43e0b356:   83 b8 64 03 00 00 02 75 34 4d 8d 84 24 00 01 00
0x00007fff43e0b366:   00 83 f9 10 0f 83 3a 01 00 00 8b c1 48 c1 e0 06
0x00007fff43e0b376:   49 03 c0 48 85 c0 0f 84 9b 01 00 00 48 8b 50 08
0x00007fff43e0b386:   48 3b 95 68 54 03 00 0f 87 b6 0e 00 00 48 83 be
0x00007fff43e0b396:   c0 05 00 00 00 0f 85 50 e7 75 00 44 8b 8f d0 01
0x00007fff43e0b3a6:   00 00 48 8b 87 e8 01 00 00 4c 8b 00 8b 8f d0 01
0x00007fff43e0b3b6:   00 00 48 8d 9e 00 01 00 00 83 f9 10 0f 83 1e 01
0x00007fff43e0b3c6:   00 00 8b c1 48 c1 e0 06 48 03 c3 48 85 c0 0f 84
0x00007fff43e0b3d6:   4a 01 00 00 4c 39 40 08 0f 86 40 01 00 00 48 8b
0x00007fff43e0b3e6:   87 80 02 00 00 49 89 06 48 89 b7 80 02 00 00 ff
0x00007fff43e0b3f6:   87 88 02 00 00 48 8b 4e 08 48 8b 01 ba 01 00 00
0x00007fff43e0b406:   00 48 8b 80 e0 02 00 00 ff 15 f4 c1 88 00 0f b7
0x00007fff43e0b416:   c8 48 2b c1 48 05 00 00 01 00 48 01 87 90 02 00
0x00007fff43e0b426:   00 48 8b 4e 08 48 8b 01 ba 01 00 00 00 48 8b 80
0x00007fff43e0b436:   e0 02 00 00 ff 15 c8 c1 88 00 48 01 87 a0 02 00
0x00007fff43e0b446:   00 0f b6 54 24 20 4d 85 ff 0f 85 db fe ff ff 84
0x00007fff43e0b456:   d2 0f 85 37 0f 00 00 48 8b 5c 24 40 48 8b cf 80
0x00007fff43e0b466:   7c 24 22 00 0f 85 40 0f 00 00 e8 3b f9 ff ff 90
0x00007fff43e0b476:   48 8b cb ff 15 99 bc 88 00 48 8b 8c 24 50 01 00 


Stack slot to memory mapping:

stack at sp + 0 slots: 0x00000241203e1ad0 points into unknown readable memory: 0xffffffffffffffff | ff ff ff ff ff ff ff ff
stack at sp + 1 slots: 0x0 is null
stack at sp + 2 slots: 0x000002411e810420 points into unknown readable memory: 0x0000000000002674 | 74 26 00 00 00 00 00 00
stack at sp + 3 slots: 0x000002411e8049b0 points into unknown readable memory: 0x00007fff446a9e18 | 18 9e 6a 44 ff 7f 00 00
stack at sp + 4 slots: 0x000000161e000000 is an unknown value
stack at sp + 5 slots: 0x0 is null
stack at sp + 6 slots: 0x000002411e806480 points into unknown readable memory: 0x000002411e806490 | 90 64 80 1e 41 02 00 00
stack at sp + 7 slots: 0x000002411e80c600 points into unknown readable memory: 0x000002411e80c610 | 10 c6 80 1e 41 02 00 00

VM_Operation (0x000000579c8fe7c0): Exit, mode: safepoint, requested by thread 0x00000240b62f2ef0


---------------  P R O C E S S  ---------------

Threads class SMR info:
_java_thread_list=0x000002411efca070, length=46, elements={
0x00000240b62f2ef0, 0x00000240d7bb9590, 0x00000240d7bba0e0, 0x00000240d7bbfb60,
0x00000240d7bc06e0, 0x00000240d7bc1260, 0x00000240d7bc1de0, 0x00000240d7bc73f0,
0x00000240d7bf1820, 0x00000240d7cf0480, 0x00000240d7e26f50, 0x000002412077d360,
0x000002412077d9f0, 0x0000024130902410, 0x0000024130903130, 0x00000241309044e0,
0x00000241309037c0, 0x0000024130904b70, 0x00000241309016f0, 0x0000024130902aa0,
0x0000024130905200, 0x0000024130903e50, 0x0000024130901d80, 0x00000241309065b0,
0x00000241309072d0, 0x0000024130905890, 0x0000024130907ff0, 0x0000024130908680,
0x0000024130905f20, 0x000002412efa3ba0, 0x000002412efa0720, 0x000002412efa1ad0,
0x000002412efa0db0, 0x000002412efa3510, 0x000002412efa1440, 0x000002412efa2160,
0x000002412077eda0, 0x000002413173e7e0, 0x000002413173cda0, 0x000002413173c710,
0x000002413173d430, 0x000002413173dac0, 0x000002413173f500, 0x00000241207ed6b0,
0x00000241207ea700, 0x000002413173ee70
}

Java Threads: ( => current thread )
  0x00000240b62f2ef0 JavaThread "Render thread"                     [_thread_blocked, id=14828, stack(0x000000579c800000,0x000000579c900000) (1024K)]
  0x00000240d7bb9590 JavaThread "Reference Handler"          daemon [_thread_blocked, id=17932, stack(0x000000579d000000,0x000000579d100000) (1024K)]
  0x00000240d7bba0e0 JavaThread "Finalizer"                  daemon [_thread_blocked, id=17904, stack(0x000000579d100000,0x000000579d200000) (1024K)]
  0x00000240d7bbfb60 JavaThread "Signal Dispatcher"          daemon [_thread_blocked, id=14052, stack(0x000000579d200000,0x000000579d300000) (1024K)]
  0x00000240d7bc06e0 JavaThread "Attach Listener"            daemon [_thread_blocked, id=21304, stack(0x000000579d300000,0x000000579d400000) (1024K)]
  0x00000240d7bc1260 JavaThread "Service Thread"             daemon [_thread_blocked, id=10200, stack(0x000000579d400000,0x000000579d500000) (1024K)]
  0x00000240d7bc1de0 JavaThread "Monitor Deflation Thread"   daemon [_thread_blocked, id=19404, stack(0x000000579d500000,0x000000579d600000) (1024K)]
  0x00000240d7bc73f0 JavaThread "C2 CompilerThread0"         daemon [_thread_blocked, id=21028, stack(0x000000579d600000,0x000000579d700000) (1024K)]
  0x00000240d7bf1820 JavaThread "C1 CompilerThread0"         daemon [_thread_blocked, id=14792, stack(0x000000579d700000,0x000000579d800000) (1024K)]
  0x00000240d7cf0480 JavaThread "Common-Cleaner"             daemon [_thread_blocked, id=18024, stack(0x000000579d800000,0x000000579d900000) (1024K)]
  0x00000240d7e26f50 JavaThread "Notification Thread"        daemon [_thread_blocked, id=23408, stack(0x000000579da00000,0x000000579db00000) (1024K)]
  0x000002412077d360 JavaThread "JNA Cleaner"                daemon [_thread_blocked, id=19492, stack(0x000000579ef00000,0x000000579f000000) (1024K)]
  0x000002412077d9f0 JavaThread "Timer hack thread"          daemon [_thread_blocked, id=18596, stack(0x000000579f100000,0x000000579f200000) (1024K)]
  0x0000024130902410 JavaThread "Yggdrasil Key Fetcher"      daemon [_thread_blocked, id=14488, stack(0x000000579f200000,0x000000579f300000) (1024K)]
  0x0000024130903130 JavaThread "Keep-Alive-Timer"           daemon [_thread_blocked, id=7624, stack(0x000000579e900000,0x000000579ea00000) (1024K)]
  0x00000241309044e0 JavaThread "modloading-worker-0"        daemon [_thread_blocked, id=23044, stack(0x000000579ee00000,0x000000579ef00000) (1024K)]
  0x00000241309037c0 JavaThread "modloading-worker-0"        daemon [_thread_blocked, id=15872, stack(0x000000579f400000,0x000000579f500000) (1024K)]
  0x0000024130904b70 JavaThread "modloading-worker-0"        daemon [_thread_blocked, id=12164, stack(0x000000579f500000,0x000000579f600000) (1024K)]
  0x00000241309016f0 JavaThread "modloading-worker-0"        daemon [_thread_blocked, id=23524, stack(0x000000579f600000,0x000000579f700000) (1024K)]
  0x0000024130902aa0 JavaThread "modloading-worker-0"        daemon [_thread_blocked, id=12576, stack(0x000000579f700000,0x000000579f800000) (1024K)]
  0x0000024130905200 JavaThread "modloading-worker-0"        daemon [_thread_blocked, id=19392, stack(0x000000579f800000,0x000000579f900000) (1024K)]
  0x0000024130903e50 JavaThread "modloading-worker-0"        daemon [_thread_blocked, id=2680, stack(0x000000579f900000,0x000000579fa00000) (1024K)]
  0x0000024130901d80 JavaThread "modloading-worker-0"        daemon [_thread_blocked, id=1084, stack(0x000000579fa00000,0x000000579fb00000) (1024K)]
  0x00000241309065b0 JavaThread "modloading-worker-0"        daemon [_thread_blocked, id=20100, stack(0x000000579fb00000,0x000000579fc00000) (1024K)]
  0x00000241309072d0 JavaThread "modloading-worker-0"        daemon [_thread_blocked, id=18196, stack(0x000000579fc00000,0x000000579fd00000) (1024K)]
  0x0000024130905890 JavaThread "modloading-worker-0"        daemon [_thread_blocked, id=404, stack(0x000000579fd00000,0x000000579fe00000) (1024K)]
  0x0000024130907ff0 JavaThread "modloading-worker-0"        daemon [_thread_blocked, id=21664, stack(0x000000579fe00000,0x000000579ff00000) (1024K)]
  0x0000024130908680 JavaThread "FileSystemWatchService"     daemon [_thread_in_native, id=23384, stack(0x000000579ff00000,0x00000057a0000000) (1024K)]
  0x0000024130905f20 JavaThread "JEI Config File Watcher"    daemon [_thread_blocked, id=15540, stack(0x00000057a0000000,0x00000057a0100000) (1024K)]
  0x000002412efa3ba0 JavaThread "Worker-Main-1"              daemon [_thread_blocked, id=12644, stack(0x00000057a0300000,0x00000057a0400000) (1024K)]
  0x000002412efa0720 JavaThread "Thread-3"                   daemon [_thread_blocked, id=17276, stack(0x000000579e000000,0x000000579e100000) (1024K)]
  0x000002412efa1ad0 JavaThread "FileSystemWatchService"     daemon [_thread_in_native, id=13572, stack(0x00000057a0400000,0x00000057a0500000) (1024K)]
  0x000002412efa0db0 JavaThread "Worker-Main-2"              daemon [_thread_blocked, id=11324, stack(0x00000057a0500000,0x00000057a0600000) (1024K)]
  0x000002412efa3510 JavaThread "Worker-Main-3"              daemon [_thread_blocked, id=21432, stack(0x00000057a0600000,0x00000057a0700000) (1024K)]
  0x000002412efa1440 JavaThread "Worker-Main-4"              daemon [_thread_blocked, id=21804, stack(0x00000057a0700000,0x00000057a0800000) (1024K)]
  0x000002412efa2160 JavaThread "Worker-Main-5"              daemon [_thread_blocked, id=21352, stack(0x00000057a0800000,0x00000057a0900000) (1024K)]
  0x000002412077eda0 JavaThread "Worker-Main-6"              daemon [_thread_blocked, id=10360, stack(0x00000057a0900000,0x00000057a0a00000) (1024K)]
  0x000002413173e7e0 JavaThread "Worker-Main-7"              daemon [_thread_blocked, id=15900, stack(0x00000057a0b00000,0x00000057a0c00000) (1024K)]
  0x000002413173cda0 JavaThread "Worker-Main-8"              daemon [_thread_blocked, id=8648, stack(0x00000057a0c00000,0x00000057a0d00000) (1024K)]
  0x000002413173c710 JavaThread "Worker-Main-9"              daemon [_thread_blocked, id=9196, stack(0x00000057a0d00000,0x00000057a0e00000) (1024K)]
  0x000002413173d430 JavaThread "Worker-Main-10"             daemon [_thread_blocked, id=15716, stack(0x00000057a0e00000,0x00000057a0f00000) (1024K)]
  0x000002413173dac0 JavaThread "Worker-Main-11"             daemon [_thread_blocked, id=16984, stack(0x00000057a0f00000,0x00000057a1000000) (1024K)]
  0x000002413173f500 JavaThread "IO-Worker-12"                      [_thread_blocked, id=21512, stack(0x00000057a1100000,0x00000057a1200000) (1024K)]
  0x00000241207ed6b0 JavaThread "C2 CompilerThread1"         daemon [_thread_blocked, id=12812, stack(0x000000579d900000,0x000000579da00000) (1024K)]
  0x00000241207ea700 JavaThread "C2 CompilerThread2"         daemon [_thread_blocked, id=7580, stack(0x000000579e600000,0x000000579e700000) (1024K)]
  0x000002413173ee70 JavaThread "Sound engine"               daemon [_thread_blocked, id=4496, stack(0x00000057a0a00000,0x00000057a0b00000) (1024K)]
Total: 46

Other Threads:
=>0x00000240d72084e0 VMThread "VM Thread"                           [id=10672, stack(0x000000579cf00000,0x000000579d000000) (1024K)]
  0x00000240b85b74b0 WorkerThread "GC Thread#0"                     [id=17652, stack(0x000000579c900000,0x000000579ca00000) (1024K)]
  0x000002411d50fa20 WorkerThread "GC Thread#1"                     [id=13584, stack(0x000000579db00000,0x000000579dc00000) (1024K)]
  0x000002411d8cb5f0 WorkerThread "GC Thread#2"                     [id=22500, stack(0x000000579dc00000,0x000000579dd00000) (1024K)]
  0x00000240d7f91560 WorkerThread "GC Thread#3"                     [id=20204, stack(0x000000579dd00000,0x000000579de00000) (1024K)]
  0x00000240d7f91900 WorkerThread "GC Thread#4"                     [id=14348, stack(0x000000579de00000,0x000000579df00000) (1024K)]
  0x00000240d7f91ca0 WorkerThread "GC Thread#5"                     [id=4840, stack(0x000000579df00000,0x000000579e000000) (1024K)]
  0x000002411e462cb0 WorkerThread "GC Thread#6"                     [id=20732, stack(0x000000579e100000,0x000000579e200000) (1024K)]
  0x00000241206edf30 WorkerThread "GC Thread#7"                     [id=7308, stack(0x000000579e200000,0x000000579e300000) (1024K)]
  0x000002411e122020 WorkerThread "GC Thread#8"                     [id=22388, stack(0x000000579ea00000,0x000000579eb00000) (1024K)]
  0x000002411e123980 WorkerThread "GC Thread#9"                     [id=6704, stack(0x000000579eb00000,0x000000579ec00000) (1024K)]
  0x00000240b85c8070 ConcurrentGCThread "G1 Main Marker"            terminated
  0x00000240b85cad10 WorkerThread "G1 Conc#0"                       [id=12784, stack(0x000000579cb00000,0x000000579cc00000) (1024K)]
  0x000002411e122b00 WorkerThread "G1 Conc#1"                       [id=20936, stack(0x000000579ec00000,0x000000579ed00000) (1024K)]
  0x0000024122279d80 WorkerThread "G1 Conc#2"                       [id=21608, stack(0x000000579ed00000,0x000000579ee00000) (1024K)]
  0x00000240d70cc990 ConcurrentGCThread "G1 Refine#0"               terminated
  0x00000240d70cd1b0 ConcurrentGCThread "G1 Service"                terminated
Total: 17

Threads with active compile tasks:
C2 CompilerThread0    19426 17710       4       org.objectweb.asm.tree.MethodNode::visitIntInsn (17 bytes)
C1 CompilerThread0    19426 17827       3       java.util.Formatter$FormatSpecifier::<init> (255 bytes)
C2 CompilerThread1    19426 17774       4       com.sun.jna.Pointer::getValue (763 bytes)
C2 CompilerThread2    19426 17724       4       org.objectweb.asm.ClassReader::readCode (5117 bytes)
Total: 4

VM state: at safepoint (shutting down)

VM Mutex/Monitor currently owned by a thread:  ([mutex/lock_event])
[0x00007fff3b32be98] Threads_lock - owner thread: 0x00000240d72084e0
[0x00007fff3b32bf98] Heap_lock - owner thread: 0x00000240b62f2ef0

Heap address: 0x0000000703a00000, size: 4038 MB, Compressed Oops mode: Zero based, Oop shift amount: 3

CDS archive(s) mapped at: [0x00000240d8000000-0x00000240d8c90000-0x00000240d8c90000), size 13172736, SharedBaseAddress: 0x00000240d8000000, ArchiveRelocationMode: 1.
Compressed class space mapped at: 0x00000240d9000000-0x0000024119000000, reserved size: 1073741824
Narrow klass base: 0x00000240d8000000, Narrow klass shift: 0, Narrow klass range: 0x100000000

GC Precious Log:
 CardTable entry size: 512
 Card Set container configuration: InlinePtr #cards 4 size 8 Array Of Cards #cards 16 size 48 Howl #buckets 8 coarsen threshold 3686 Howl Bitmap #cards 512 size 80 coarsen threshold 460 Card regions per heap region 1 cards per card region 4096
 CPUs: 12 total, 12 available
 Memory: 16147M
 Large Page Support: Disabled
 NUMA Support: Disabled
 Compressed Oops: Enabled (Zero based)
 Heap Region Size: 2M
 Heap Min Capacity: 8M
 Heap Initial Capacity: 254M
 Heap Max Capacity: 4038M
 Pre-touch: Disabled
 Parallel Workers: 10
 Concurrent Workers: 3
 Concurrent Refinement Workers: 10
 Periodic GC: Disabled

Heap:
 garbage-first heap   total 675840K, used 322235K [0x0000000703a00000, 0x0000000800000000)
  region size 2048K, 2 young (4096K), 0 survivors (0K)
 Metaspace       used 116279K, committed 118208K, reserved 1179648K
  class space    used 17139K, committed 17984K, reserved 1048576K

Heap Regions: E=young(eden), S=young(survivor), O=old, HS=humongous(starts), HC=humongous(continues), CS=collection set, F=free, TAMS=top-at-mark-start, PB=parsable bottom
|   0|0x0000000703a00000, 0x0000000703c00000, 0x0000000703c00000|100%|HS|  |TAMS 0x0000000703a00000| PB 0x0000000703a00000| Untracked 
|   1|0x0000000703c00000, 0x0000000703dffff8, 0x0000000703e00000| 99%| O|  |TAMS 0x0000000703c00000| PB 0x0000000703c00000| Untracked 
|   2|0x0000000703e00000, 0x0000000704000000, 0x0000000704000000|100%|HS|  |TAMS 0x0000000703e00000| PB 0x0000000703e00000| Untracked 
|   3|0x0000000704000000, 0x0000000704200000, 0x0000000704200000|100%|HS|  |TAMS 0x0000000704000000| PB 0x0000000704000000| Untracked 
|   4|0x0000000704200000, 0x00000007043fffb8, 0x0000000704400000| 99%| O|  |TAMS 0x0000000704200000| PB 0x0000000704200000| Untracked 
|   5|0x0000000704400000, 0x0000000704600000, 0x0000000704600000|100%| O|  |TAMS 0x0000000704400000| PB 0x0000000704400000| Untracked 
|   6|0x0000000704600000, 0x00000007047ffff8, 0x0000000704800000| 99%| O|  |TAMS 0x0000000704600000| PB 0x0000000704600000| Untracked 
|   7|0x0000000704800000, 0x0000000704a00000, 0x0000000704a00000|100%|HS|  |TAMS 0x0000000704800000| PB 0x0000000704800000| Untracked 
|   8|0x0000000704a00000, 0x0000000704c00000, 0x0000000704c00000|100%| O|  |TAMS 0x0000000704a00000| PB 0x0000000704a00000| Untracked 
|   9|0x0000000704c00000, 0x0000000704e00000, 0x0000000704e00000|100%| O|  |TAMS 0x0000000704c00000| PB 0x0000000704c00000| Untracked 
|  10|0x0000000704e00000, 0x0000000704fffff0, 0x0000000705000000| 99%| O|  |TAMS 0x0000000704e00000| PB 0x0000000704e00000| Untracked 
|  11|0x0000000705000000, 0x00000007051fffd8, 0x0000000705200000| 99%| O|  |TAMS 0x0000000705000000| PB 0x0000000705000000| Untracked 
|  12|0x0000000705200000, 0x0000000705400000, 0x0000000705400000|100%|HS|  |TAMS 0x0000000705200000| PB 0x0000000705200000| Untracked 
|  13|0x0000000705400000, 0x0000000705600000, 0x0000000705600000|100%| O|  |TAMS 0x0000000705400000| PB 0x0000000705400000| Untracked 
|  14|0x0000000705600000, 0x0000000705800000, 0x0000000705800000|100%| O|  |TAMS 0x0000000705600000| PB 0x0000000705600000| Untracked 
|  15|0x0000000705800000, 0x0000000705a00000, 0x0000000705a00000|100%| O|  |TAMS 0x0000000705800000| PB 0x0000000705800000| Untracked 
|  16|0x0000000705a00000, 0x0000000705bffff0, 0x0000000705c00000| 99%| O|  |TAMS 0x0000000705a00000| PB 0x0000000705a00000| Untracked 
|  17|0x0000000705c00000, 0x0000000705e00000, 0x0000000705e00000|100%| O|  |TAMS 0x0000000705c00000| PB 0x0000000705c00000| Untracked 
|  18|0x0000000705e00000, 0x0000000706000000, 0x0000000706000000|100%|HS|  |TAMS 0x0000000705e00000| PB 0x0000000705e00000| Untracked 
|  19|0x0000000706000000, 0x0000000706200000, 0x0000000706200000|100%|HC|  |TAMS 0x0000000706000000| PB 0x0000000706000000| Untracked 
|  20|0x0000000706200000, 0x0000000706400000, 0x0000000706400000|100%|HC|  |TAMS 0x0000000706200000| PB 0x0000000706200000| Untracked 
|  21|0x0000000706400000, 0x0000000706600000, 0x0000000706600000|100%| O|  |TAMS 0x0000000706400000| PB 0x0000000706400000| Untracked 
|  22|0x0000000706600000, 0x0000000706800000, 0x0000000706800000|100%| O|  |TAMS 0x0000000706600000| PB 0x0000000706600000| Untracked 
|  23|0x0000000706800000, 0x0000000706a00000, 0x0000000706a00000|100%| O|  |TAMS 0x0000000706800000| PB 0x0000000706800000| Untracked 
|  24|0x0000000706a00000, 0x0000000706c00000, 0x0000000706c00000|100%| O|  |TAMS 0x0000000706a00000| PB 0x0000000706a00000| Untracked 
|  25|0x0000000706c00000, 0x0000000706e00000, 0x0000000706e00000|100%| O|  |TAMS 0x0000000706c00000| PB 0x0000000706c00000| Untracked 
|  26|0x0000000706e00000, 0x0000000706ffffe8, 0x0000000707000000| 99%| O|  |TAMS 0x0000000706e00000| PB 0x0000000706e00000| Untracked 
|  27|0x0000000707000000, 0x0000000707200000, 0x0000000707200000|100%| O|  |TAMS 0x0000000707000000| PB 0x0000000707000000| Untracked 
|  28|0x0000000707200000, 0x0000000707400000, 0x0000000707400000|100%| O|  |TAMS 0x0000000707200000| PB 0x0000000707200000| Untracked 
|  29|0x0000000707400000, 0x00000007075ffff0, 0x0000000707600000| 99%| O|  |TAMS 0x0000000707400000| PB 0x0000000707400000| Untracked 
|  30|0x0000000707600000, 0x0000000707800000, 0x0000000707800000|100%| O|  |TAMS 0x0000000707600000| PB 0x0000000707600000| Untracked 
|  31|0x0000000707800000, 0x0000000707a00000, 0x0000000707a00000|100%| O|  |TAMS 0x0000000707800000| PB 0x0000000707800000| Untracked 
|  32|0x0000000707a00000, 0x0000000707c00000, 0x0000000707c00000|100%| O|  |TAMS 0x0000000707a00000| PB 0x0000000707a00000| Untracked 
|  33|0x0000000707c00000, 0x0000000707dfffe8, 0x0000000707e00000| 99%| O|  |TAMS 0x0000000707c00000| PB 0x0000000707c00000| Untracked 
|  34|0x0000000707e00000, 0x0000000708000000, 0x0000000708000000|100%| O|  |TAMS 0x0000000707e00000| PB 0x0000000707e00000| Untracked 
|  35|0x0000000708000000, 0x0000000708200000, 0x0000000708200000|100%| O|  |TAMS 0x0000000708000000| PB 0x0000000708000000| Untracked 
|  36|0x0000000708200000, 0x0000000708400000, 0x0000000708400000|100%| O|  |TAMS 0x0000000708200000| PB 0x0000000708200000| Untracked 
|  37|0x0000000708400000, 0x0000000708600000, 0x0000000708600000|100%| O|  |TAMS 0x0000000708400000| PB 0x0000000708400000| Untracked 
|  38|0x0000000708600000, 0x0000000708800000, 0x0000000708800000|100%| O|  |TAMS 0x0000000708600000| PB 0x0000000708600000| Untracked 
|  39|0x0000000708800000, 0x0000000708a00000, 0x0000000708a00000|100%|HS|  |TAMS 0x0000000708800000| PB 0x0000000708800000| Untracked 
|  40|0x0000000708a00000, 0x0000000708c00000, 0x0000000708c00000|100%|HC|  |TAMS 0x0000000708a00000| PB 0x0000000708a00000| Untracked 
|  41|0x0000000708c00000, 0x0000000708e00000, 0x0000000708e00000|100%|HC|  |TAMS 0x0000000708c00000| PB 0x0000000708c00000| Untracked 
|  42|0x0000000708e00000, 0x0000000709000000, 0x0000000709000000|100%| O|  |TAMS 0x0000000708e00000| PB 0x0000000708e00000| Untracked 
|  43|0x0000000709000000, 0x0000000709200000, 0x0000000709200000|100%| O|  |TAMS 0x0000000709000000| PB 0x0000000709000000| Untracked 
|  44|0x0000000709200000, 0x0000000709400000, 0x0000000709400000|100%| O|  |TAMS 0x0000000709200000| PB 0x0000000709200000| Untracked 
|  45|0x0000000709400000, 0x0000000709600000, 0x0000000709600000|100%|HS|  |TAMS 0x0000000709400000| PB 0x0000000709400000| Untracked 
|  46|0x0000000709600000, 0x0000000709800000, 0x0000000709800000|100%|HC|  |TAMS 0x0000000709600000| PB 0x0000000709600000| Untracked 
|  47|0x0000000709800000, 0x0000000709a00000, 0x0000000709a00000|100%|HC|  |TAMS 0x0000000709800000| PB 0x0000000709800000| Untracked 
|  48|0x0000000709a00000, 0x0000000709bfffe0, 0x0000000709c00000| 99%| O|  |TAMS 0x0000000709a00000| PB 0x0000000709a00000| Untracked 
|  49|0x0000000709c00000, 0x0000000709e00000, 0x0000000709e00000|100%| O|  |TAMS 0x0000000709c00000| PB 0x0000000709c00000| Untracked 
|  50|0x0000000709e00000, 0x0000000709fffd10, 0x000000070a000000| 99%| O|  |TAMS 0x0000000709e00000| PB 0x0000000709e00000| Untracked 
|  51|0x000000070a000000, 0x000000070a1fffc0, 0x000000070a200000| 99%| O|  |TAMS 0x000000070a000000| PB 0x000000070a000000| Untracked 
|  52|0x000000070a200000, 0x000000070a3fffd8, 0x000000070a400000| 99%| O|  |TAMS 0x000000070a200000| PB 0x000000070a200000| Untracked 
|  53|0x000000070a400000, 0x000000070a5ffff8, 0x000000070a600000| 99%| O|  |TAMS 0x000000070a400000| PB 0x000000070a400000| Untracked 
|  54|0x000000070a600000, 0x000000070a800000, 0x000000070a800000|100%| O|  |TAMS 0x000000070a600000| PB 0x000000070a600000| Untracked 
|  55|0x000000070a800000, 0x000000070aa00000, 0x000000070aa00000|100%| O|  |TAMS 0x000000070a800000| PB 0x000000070a800000| Untracked 
|  56|0x000000070aa00000, 0x000000070abfffe0, 0x000000070ac00000| 99%| O|  |TAMS 0x000000070aa00000| PB 0x000000070aa00000| Untracked 
|  57|0x000000070ac00000, 0x000000070adfffe8, 0x000000070ae00000| 99%| O|  |TAMS 0x000000070ac00000| PB 0x000000070ac00000| Untracked 
|  58|0x000000070ae00000, 0x000000070b000000, 0x000000070b000000|100%| O|  |TAMS 0x000000070ae00000| PB 0x000000070ae00000| Untracked 
|  59|0x000000070b000000, 0x000000070b200000, 0x000000070b200000|100%| O|  |TAMS 0x000000070b000000| PB 0x000000070b000000| Untracked 
|  60|0x000000070b200000, 0x000000070b400000, 0x000000070b400000|100%| O|  |TAMS 0x000000070b200000| PB 0x000000070b200000| Untracked 
|  61|0x000000070b400000, 0x000000070b600000, 0x000000070b600000|100%| O|  |TAMS 0x000000070b400000| PB 0x000000070b400000| Untracked 
|  62|0x000000070b600000, 0x000000070b800000, 0x000000070b800000|100%| O|  |TAMS 0x000000070b600000| PB 0x000000070b600000| Untracked 
|  63|0x000000070b800000, 0x000000070ba00000, 0x000000070ba00000|100%| O|  |TAMS 0x000000070b800000| PB 0x000000070b800000| Untracked 
|  64|0x000000070ba00000, 0x000000070bc00000, 0x000000070bc00000|100%| O|  |TAMS 0x000000070ba00000| PB 0x000000070ba00000| Untracked 
|  65|0x000000070bc00000, 0x000000070be00000, 0x000000070be00000|100%| O|  |TAMS 0x000000070bc00000| PB 0x000000070bc00000| Untracked 
|  66|0x000000070be00000, 0x000000070c000000, 0x000000070c000000|100%| O|  |TAMS 0x000000070be00000| PB 0x000000070be00000| Untracked 
|  67|0x000000070c000000, 0x000000070c200000, 0x000000070c200000|100%| O|  |TAMS 0x000000070c000000| PB 0x000000070c000000| Untracked 
|  68|0x000000070c200000, 0x000000070c3fffc0, 0x000000070c400000| 99%| O|  |TAMS 0x000000070c200000| PB 0x000000070c200000| Untracked 
|  69|0x000000070c400000, 0x000000070c600000, 0x000000070c600000|100%| O|  |TAMS 0x000000070c400000| PB 0x000000070c400000| Untracked 
|  70|0x000000070c600000, 0x000000070c800000, 0x000000070c800000|100%| O|  |TAMS 0x000000070c600000| PB 0x000000070c600000| Untracked 
|  71|0x000000070c800000, 0x000000070c9ffff0, 0x000000070ca00000| 99%| O|  |TAMS 0x000000070c800000| PB 0x000000070c800000| Untracked 
|  72|0x000000070ca00000, 0x000000070cc00000, 0x000000070cc00000|100%| O|  |TAMS 0x000000070ca00000| PB 0x000000070ca00000| Untracked 
|  73|0x000000070cc00000, 0x000000070ce00000, 0x000000070ce00000|100%| O|  |TAMS 0x000000070cc00000| PB 0x000000070cc00000| Untracked 
|  74|0x000000070ce00000, 0x000000070d000000, 0x000000070d000000|100%| O|  |TAMS 0x000000070ce00000| PB 0x000000070ce00000| Untracked 
|  75|0x000000070d000000, 0x000000070d200000, 0x000000070d200000|100%| O|  |TAMS 0x000000070d000000| PB 0x000000070d000000| Untracked 
|  76|0x000000070d200000, 0x000000070d400000, 0x000000070d400000|100%| O|  |TAMS 0x000000070d200000| PB 0x000000070d200000| Untracked 
|  77|0x000000070d400000, 0x000000070d5fffc8, 0x000000070d600000| 99%| O|  |TAMS 0x000000070d400000| PB 0x000000070d400000| Untracked 
|  78|0x000000070d600000, 0x000000070d7ffff0, 0x000000070d800000| 99%| O|  |TAMS 0x000000070d600000| PB 0x000000070d600000| Untracked 
|  79|0x000000070d800000, 0x000000070da00000, 0x000000070da00000|100%| O|  |TAMS 0x000000070d800000| PB 0x000000070d800000| Untracked 
|  80|0x000000070da00000, 0x000000070dc00000, 0x000000070dc00000|100%| O|  |TAMS 0x000000070da00000| PB 0x000000070da00000| Untracked 
|  81|0x000000070dc00000, 0x000000070de00000, 0x000000070de00000|100%| O|  |TAMS 0x000000070dc00000| PB 0x000000070dc00000| Untracked 
|  82|0x000000070de00000, 0x000000070dffffd8, 0x000000070e000000| 99%| O|  |TAMS 0x000000070de00000| PB 0x000000070de00000| Untracked 
|  83|0x000000070e000000, 0x000000070e200000, 0x000000070e200000|100%| O|  |TAMS 0x000000070e000000| PB 0x000000070e000000| Untracked 
|  84|0x000000070e200000, 0x000000070e400000, 0x000000070e400000|100%| O|  |TAMS 0x000000070e200000| PB 0x000000070e200000| Untracked 
|  85|0x000000070e400000, 0x000000070e600000, 0x000000070e600000|100%| O|  |TAMS 0x000000070e400000| PB 0x000000070e400000| Untracked 
|  86|0x000000070e600000, 0x000000070e800000, 0x000000070e800000|100%| O|  |TAMS 0x000000070e600000| PB 0x000000070e600000| Untracked 
|  87|0x000000070e800000, 0x000000070ea00000, 0x000000070ea00000|100%| O|  |TAMS 0x000000070e800000| PB 0x000000070e800000| Untracked 
|  88|0x000000070ea00000, 0x000000070ec00000, 0x000000070ec00000|100%| O|  |TAMS 0x000000070ea00000| PB 0x000000070ea00000| Untracked 
|  89|0x000000070ec00000, 0x000000070ee00000, 0x000000070ee00000|100%| O|  |TAMS 0x000000070ec00000| PB 0x000000070ec00000| Untracked 
|  90|0x000000070ee00000, 0x000000070f000000, 0x000000070f000000|100%| O|  |TAMS 0x000000070ee00000| PB 0x000000070ee00000| Untracked 
|  91|0x000000070f000000, 0x000000070f200000, 0x000000070f200000|100%| O|  |TAMS 0x000000070f000000| PB 0x000000070f000000| Untracked 
|  92|0x000000070f200000, 0x000000070f400000, 0x000000070f400000|100%| O|  |TAMS 0x000000070f200000| PB 0x000000070f200000| Untracked 
|  93|0x000000070f400000, 0x000000070f5ffff0, 0x000000070f600000| 99%| O|  |TAMS 0x000000070f400000| PB 0x000000070f400000| Untracked 
|  94|0x000000070f600000, 0x000000070f800000, 0x000000070f800000|100%| O|  |TAMS 0x000000070f600000| PB 0x000000070f600000| Untracked 
|  95|0x000000070f800000, 0x000000070f9ffff0, 0x000000070fa00000| 99%| O|  |TAMS 0x000000070f800000| PB 0x000000070f800000| Untracked 
|  96|0x000000070fa00000, 0x000000070fbfffd8, 0x000000070fc00000| 99%| O|  |TAMS 0x000000070fa00000| PB 0x000000070fa00000| Untracked 
|  97|0x000000070fc00000, 0x000000070fdffff0, 0x000000070fe00000| 99%| O|  |TAMS 0x000000070fc00000| PB 0x000000070fc00000| Untracked 
|  98|0x000000070fe00000, 0x0000000710000000, 0x0000000710000000|100%| O|  |TAMS 0x000000070fe00000| PB 0x000000070fe00000| Untracked 
|  99|0x0000000710000000, 0x0000000710200000, 0x0000000710200000|100%| O|  |TAMS 0x0000000710000000| PB 0x0000000710000000| Untracked 
| 100|0x0000000710200000, 0x000000071038aca8, 0x0000000710400000| 77%| O|  |TAMS 0x0000000710200000| PB 0x0000000710200000| Untracked 
| 101|0x0000000710400000, 0x000000071053d830, 0x0000000710600000| 62%| O|  |TAMS 0x0000000710400000| PB 0x0000000710400000| Untracked 
| 102|0x0000000710600000, 0x0000000710799b88, 0x0000000710800000| 80%| O|  |TAMS 0x0000000710600000| PB 0x0000000710600000| Untracked 
| 103|0x0000000710800000, 0x0000000710a00000, 0x0000000710a00000|100%| O|  |TAMS 0x0000000710800000| PB 0x0000000710800000| Untracked 
| 104|0x0000000710a00000, 0x0000000710c00000, 0x0000000710c00000|100%| O|  |TAMS 0x0000000710a00000| PB 0x0000000710a00000| Untracked 
| 105|0x0000000710c00000, 0x0000000710e00000, 0x0000000710e00000|100%| O|  |TAMS 0x0000000710c00000| PB 0x0000000710c00000| Untracked 
| 106|0x0000000710e00000, 0x0000000711000000, 0x0000000711000000|100%| O|  |TAMS 0x0000000710e00000| PB 0x0000000710e00000| Untracked 
| 107|0x0000000711000000, 0x0000000711200000, 0x0000000711200000|100%| O|  |TAMS 0x0000000711000000| PB 0x0000000711000000| Untracked 
| 108|0x0000000711200000, 0x0000000711400000, 0x0000000711400000|100%| O|  |TAMS 0x0000000711200000| PB 0x0000000711200000| Untracked 
| 109|0x0000000711400000, 0x0000000711600000, 0x0000000711600000|100%| O|  |TAMS 0x0000000711400000| PB 0x0000000711400000| Untracked 
| 110|0x0000000711600000, 0x0000000711800000, 0x0000000711800000|100%| O|  |TAMS 0x0000000711600000| PB 0x0000000711600000| Untracked 
| 111|0x0000000711800000, 0x0000000711a00000, 0x0000000711a00000|100%| O|  |TAMS 0x0000000711800000| PB 0x0000000711800000| Untracked 
| 112|0x0000000711a00000, 0x0000000711c00000, 0x0000000711c00000|100%| O|  |TAMS 0x0000000711a00000| PB 0x0000000711a00000| Untracked 
| 113|0x0000000711c00000, 0x0000000711dfffe8, 0x0000000711e00000| 99%| O|  |TAMS 0x0000000711c00000| PB 0x0000000711c00000| Untracked 
| 114|0x0000000711e00000, 0x0000000712000000, 0x0000000712000000|100%| O|  |TAMS 0x0000000711e00000| PB 0x0000000711e00000| Untracked 
| 115|0x0000000712000000, 0x00000007121ffff8, 0x0000000712200000| 99%| O|  |TAMS 0x0000000712000000| PB 0x0000000712000000| Untracked 
| 116|0x0000000712200000, 0x00000007122ff8a0, 0x0000000712400000| 49%| O|  |TAMS 0x0000000712200000| PB 0x0000000712200000| Untracked 
| 117|0x0000000712400000, 0x00000007125fcdb8, 0x0000000712600000| 99%| O|  |TAMS 0x0000000712400000| PB 0x0000000712400000| Untracked 
| 118|0x0000000712600000, 0x000000071272fec0, 0x0000000712800000| 59%| O|  |TAMS 0x0000000712600000| PB 0x0000000712600000| Untracked 
| 119|0x0000000712800000, 0x00000007129f0688, 0x0000000712a00000| 96%| O|  |TAMS 0x0000000712800000| PB 0x0000000712800000| Untracked 
| 120|0x0000000712a00000, 0x0000000712a52220, 0x0000000712c00000| 16%| O|  |TAMS 0x0000000712a00000| PB 0x0000000712a00000| Untracked 
| 121|0x0000000712c00000, 0x0000000712e00000, 0x0000000712e00000|100%| O|  |TAMS 0x0000000712c00000| PB 0x0000000712c00000| Untracked 
| 122|0x0000000712e00000, 0x0000000712eded28, 0x0000000713000000| 43%| O|  |TAMS 0x0000000712e00000| PB 0x0000000712e00000| Untracked 
| 123|0x0000000713000000, 0x0000000713200000, 0x0000000713200000|100%| O|  |TAMS 0x0000000713000000| PB 0x0000000713000000| Untracked 
| 124|0x0000000713200000, 0x0000000713400000, 0x0000000713400000|100%| O|  |TAMS 0x0000000713200000| PB 0x0000000713200000| Untracked 
| 125|0x0000000713400000, 0x0000000713600000, 0x0000000713600000|100%| O|  |TAMS 0x0000000713400000| PB 0x0000000713400000| Untracked 
| 126|0x0000000713600000, 0x000000071360b330, 0x0000000713800000|  2%| O|  |TAMS 0x0000000713600000| PB 0x0000000713600000| Untracked 
| 127|0x0000000713800000, 0x0000000713a00000, 0x0000000713a00000|100%| O|  |TAMS 0x0000000713800000| PB 0x0000000713800000| Untracked 
| 128|0x0000000713a00000, 0x0000000713c00000, 0x0000000713c00000|100%| O|  |TAMS 0x0000000713a00000| PB 0x0000000713a00000| Untracked 
| 129|0x0000000713c00000, 0x0000000713e00000, 0x0000000713e00000|100%| O|  |TAMS 0x0000000713c00000| PB 0x0000000713c00000| Untracked 
| 130|0x0000000713e00000, 0x0000000714000000, 0x0000000714000000|100%| O|  |TAMS 0x0000000713e00000| PB 0x0000000713e00000| Untracked 
| 131|0x0000000714000000, 0x0000000714200000, 0x0000000714200000|100%| O|  |TAMS 0x0000000714000000| PB 0x0000000714000000| Untracked 
| 132|0x0000000714200000, 0x0000000714400000, 0x0000000714400000|100%| O|  |TAMS 0x0000000714200000| PB 0x0000000714200000| Untracked 
| 133|0x0000000714400000, 0x0000000714600000, 0x0000000714600000|100%| O|  |TAMS 0x0000000714400000| PB 0x0000000714400000| Untracked 
| 134|0x0000000714600000, 0x0000000714800000, 0x0000000714800000|100%| O|  |TAMS 0x0000000714600000| PB 0x0000000714600000| Untracked 
| 135|0x0000000714800000, 0x0000000714a00000, 0x0000000714a00000|100%| O|  |TAMS 0x0000000714800000| PB 0x0000000714800000| Untracked 
| 136|0x0000000714a00000, 0x0000000714c00000, 0x0000000714c00000|100%| O|  |TAMS 0x0000000714a00000| PB 0x0000000714a00000| Untracked 
| 137|0x0000000714c00000, 0x0000000714e00000, 0x0000000714e00000|100%| O|  |TAMS 0x0000000714c00000| PB 0x0000000714c00000| Untracked 
| 138|0x0000000714e00000, 0x0000000715000000, 0x0000000715000000|100%| O|  |TAMS 0x0000000714e00000| PB 0x0000000714e00000| Untracked 
| 139|0x0000000715000000, 0x0000000715200000, 0x0000000715200000|100%| O|  |TAMS 0x0000000715000000| PB 0x0000000715000000| Untracked 
| 140|0x0000000715200000, 0x00000007153ffff8, 0x0000000715400000| 99%| O|  |TAMS 0x0000000715200000| PB 0x0000000715200000| Untracked 
| 141|0x0000000715400000, 0x0000000715600000, 0x0000000715600000|100%| O|  |TAMS 0x0000000715400000| PB 0x0000000715400000| Untracked 
| 142|0x0000000715600000, 0x0000000715800000, 0x0000000715800000|100%| O|  |TAMS 0x0000000715600000| PB 0x0000000715600000| Untracked 
| 143|0x0000000715800000, 0x0000000715a00000, 0x0000000715a00000|100%| O|  |TAMS 0x0000000715800000| PB 0x0000000715800000| Untracked 
| 144|0x0000000715a00000, 0x0000000715c00000, 0x0000000715c00000|100%| O|  |TAMS 0x0000000715a00000| PB 0x0000000715a00000| Untracked 
| 145|0x0000000715c00000, 0x0000000715e00000, 0x0000000715e00000|100%| O|  |TAMS 0x0000000715c00000| PB 0x0000000715c00000| Untracked 
| 146|0x0000000715e00000, 0x0000000716000000, 0x0000000716000000|100%| O|  |TAMS 0x0000000715e00000| PB 0x0000000715e00000| Untracked 
| 147|0x0000000716000000, 0x0000000716200000, 0x0000000716200000|100%| O|  |TAMS 0x0000000716000000| PB 0x0000000716000000| Untracked 
| 148|0x0000000716200000, 0x0000000716400000, 0x0000000716400000|100%| O|  |TAMS 0x0000000716200000| PB 0x0000000716200000| Untracked 
| 149|0x0000000716400000, 0x0000000716600000, 0x0000000716600000|100%| O|  |TAMS 0x0000000716400000| PB 0x0000000716400000| Untracked 
| 150|0x0000000716600000, 0x0000000716800000, 0x0000000716800000|100%| O|  |TAMS 0x0000000716600000| PB 0x0000000716600000| Untracked 
| 151|0x0000000716800000, 0x0000000716a00000, 0x0000000716a00000|100%| O|  |TAMS 0x0000000716800000| PB 0x0000000716800000| Untracked 
| 152|0x0000000716a00000, 0x0000000716c00000, 0x0000000716c00000|100%| O|  |TAMS 0x0000000716a00000| PB 0x0000000716a00000| Untracked 
| 153|0x0000000716c00000, 0x0000000716e00000, 0x0000000716e00000|100%| O|  |TAMS 0x0000000716c00000| PB 0x0000000716c00000| Untracked 
| 154|0x0000000716e00000, 0x0000000717000000, 0x0000000717000000|100%| O|  |TAMS 0x0000000716e00000| PB 0x0000000716e00000| Untracked 
| 155|0x0000000717000000, 0x0000000717200000, 0x0000000717200000|100%| O|  |TAMS 0x0000000717000000| PB 0x0000000717000000| Untracked 
| 156|0x0000000717200000, 0x00000007173ea580, 0x0000000717400000| 95%| O|  |TAMS 0x0000000717200000| PB 0x0000000717200000| Untracked 
| 157|0x0000000717400000, 0x0000000717600000, 0x0000000717600000|100%| O|  |TAMS 0x0000000717400000| PB 0x0000000717400000| Untracked 
| 158|0x0000000717600000, 0x0000000717709e98, 0x0000000717800000| 51%| O|  |TAMS 0x0000000717600000| PB 0x0000000717600000| Untracked 
| 159|0x0000000717800000, 0x0000000717800000, 0x0000000717a00000|  0%| F|  |TAMS 0x0000000717800000| PB 0x0000000717800000| Untracked 
| 160|0x0000000717a00000, 0x0000000717a00000, 0x0000000717c00000|  0%| F|  |TAMS 0x0000000717a00000| PB 0x0000000717a00000| Untracked 
| 161|0x0000000717c00000, 0x0000000717c00000, 0x0000000717e00000|  0%| F|  |TAMS 0x0000000717c00000| PB 0x0000000717c00000| Untracked 
| 162|0x0000000717e00000, 0x0000000717e00000, 0x0000000718000000|  0%| F|  |TAMS 0x0000000717e00000| PB 0x0000000717e00000| Untracked 
| 163|0x0000000718000000, 0x0000000718000000, 0x0000000718200000|  0%| F|  |TAMS 0x0000000718000000| PB 0x0000000718000000| Untracked 
| 164|0x0000000718200000, 0x0000000718200000, 0x0000000718400000|  0%| F|  |TAMS 0x0000000718200000| PB 0x0000000718200000| Untracked 
| 165|0x0000000718400000, 0x0000000718400000, 0x0000000718600000|  0%| F|  |TAMS 0x0000000718400000| PB 0x0000000718400000| Untracked 
| 166|0x0000000718600000, 0x0000000718600000, 0x0000000718800000|  0%| F|  |TAMS 0x0000000718600000| PB 0x0000000718600000| Untracked 
| 167|0x0000000718800000, 0x0000000718800000, 0x0000000718a00000|  0%| F|  |TAMS 0x0000000718800000| PB 0x0000000718800000| Untracked 
| 168|0x0000000718a00000, 0x0000000718a00000, 0x0000000718c00000|  0%| F|  |TAMS 0x0000000718a00000| PB 0x0000000718a00000| Untracked 
| 169|0x0000000718c00000, 0x0000000718c00000, 0x0000000718e00000|  0%| F|  |TAMS 0x0000000718c00000| PB 0x0000000718c00000| Untracked 
| 170|0x0000000718e00000, 0x0000000718e00000, 0x0000000719000000|  0%| F|  |TAMS 0x0000000718e00000| PB 0x0000000718e00000| Untracked 
| 171|0x0000000719000000, 0x0000000719000000, 0x0000000719200000|  0%| F|  |TAMS 0x0000000719000000| PB 0x0000000719000000| Untracked 
| 172|0x0000000719200000, 0x0000000719200000, 0x0000000719400000|  0%| F|  |TAMS 0x0000000719200000| PB 0x0000000719200000| Untracked 
| 173|0x0000000719400000, 0x0000000719400000, 0x0000000719600000|  0%| F|  |TAMS 0x0000000719400000| PB 0x0000000719400000| Untracked 
| 174|0x0000000719600000, 0x0000000719600000, 0x0000000719800000|  0%| F|  |TAMS 0x0000000719600000| PB 0x0000000719600000| Untracked 
| 175|0x0000000719800000, 0x0000000719800000, 0x0000000719a00000|  0%| F|  |TAMS 0x0000000719800000| PB 0x0000000719800000| Untracked 
| 176|0x0000000719a00000, 0x0000000719a00000, 0x0000000719c00000|  0%| F|  |TAMS 0x0000000719a00000| PB 0x0000000719a00000| Untracked 
| 177|0x0000000719c00000, 0x0000000719c00000, 0x0000000719e00000|  0%| F|  |TAMS 0x0000000719c00000| PB 0x0000000719c00000| Untracked 
| 178|0x0000000719e00000, 0x0000000719e00000, 0x000000071a000000|  0%| F|  |TAMS 0x0000000719e00000| PB 0x0000000719e00000| Untracked 
| 179|0x000000071a000000, 0x000000071a000000, 0x000000071a200000|  0%| F|  |TAMS 0x000000071a000000| PB 0x000000071a000000| Untracked 
| 180|0x000000071a200000, 0x000000071a200000, 0x000000071a400000|  0%| F|  |TAMS 0x000000071a200000| PB 0x000000071a200000| Untracked 
| 181|0x000000071a400000, 0x000000071a400000, 0x000000071a600000|  0%| F|  |TAMS 0x000000071a400000| PB 0x000000071a400000| Untracked 
| 182|0x000000071a600000, 0x000000071a600000, 0x000000071a800000|  0%| F|  |TAMS 0x000000071a600000| PB 0x000000071a600000| Untracked 
| 183|0x000000071a800000, 0x000000071a800000, 0x000000071aa00000|  0%| F|  |TAMS 0x000000071a800000| PB 0x000000071a800000| Untracked 
| 184|0x000000071aa00000, 0x000000071aa00000, 0x000000071ac00000|  0%| F|  |TAMS 0x000000071aa00000| PB 0x000000071aa00000| Untracked 
| 185|0x000000071ac00000, 0x000000071ac00000, 0x000000071ae00000|  0%| F|  |TAMS 0x000000071ac00000| PB 0x000000071ac00000| Untracked 
| 186|0x000000071ae00000, 0x000000071ae00000, 0x000000071b000000|  0%| F|  |TAMS 0x000000071ae00000| PB 0x000000071ae00000| Untracked 
| 187|0x000000071b000000, 0x000000071b000000, 0x000000071b200000|  0%| F|  |TAMS 0x000000071b000000| PB 0x000000071b000000| Untracked 
| 188|0x000000071b200000, 0x000000071b200000, 0x000000071b400000|  0%| F|  |TAMS 0x000000071b200000| PB 0x000000071b200000| Untracked 
| 189|0x000000071b400000, 0x000000071b400000, 0x000000071b600000|  0%| F|  |TAMS 0x000000071b400000| PB 0x000000071b400000| Untracked 
| 190|0x000000071b600000, 0x000000071b600000, 0x000000071b800000|  0%| F|  |TAMS 0x000000071b600000| PB 0x000000071b600000| Untracked 
| 191|0x000000071b800000, 0x000000071b800000, 0x000000071ba00000|  0%| F|  |TAMS 0x000000071b800000| PB 0x000000071b800000| Untracked 
| 192|0x000000071ba00000, 0x000000071ba00000, 0x000000071bc00000|  0%| F|  |TAMS 0x000000071ba00000| PB 0x000000071ba00000| Untracked 
| 193|0x000000071bc00000, 0x000000071bc00000, 0x000000071be00000|  0%| F|  |TAMS 0x000000071bc00000| PB 0x000000071bc00000| Untracked 
| 194|0x000000071be00000, 0x000000071be00000, 0x000000071c000000|  0%| F|  |TAMS 0x000000071be00000| PB 0x000000071be00000| Untracked 
| 195|0x000000071c000000, 0x000000071c000000, 0x000000071c200000|  0%| F|  |TAMS 0x000000071c000000| PB 0x000000071c000000| Untracked 
| 196|0x000000071c200000, 0x000000071c200000, 0x000000071c400000|  0%| F|  |TAMS 0x000000071c200000| PB 0x000000071c200000| Untracked 
| 197|0x000000071c400000, 0x000000071c400000, 0x000000071c600000|  0%| F|  |TAMS 0x000000071c400000| PB 0x000000071c400000| Untracked 
| 198|0x000000071c600000, 0x000000071c600000, 0x000000071c800000|  0%| F|  |TAMS 0x000000071c600000| PB 0x000000071c600000| Untracked 
| 199|0x000000071c800000, 0x000000071c800000, 0x000000071ca00000|  0%| F|  |TAMS 0x000000071c800000| PB 0x000000071c800000| Untracked 
| 200|0x000000071ca00000, 0x000000071ca00000, 0x000000071cc00000|  0%| F|  |TAMS 0x000000071ca00000| PB 0x000000071ca00000| Untracked 
| 201|0x000000071cc00000, 0x000000071cc00000, 0x000000071ce00000|  0%| F|  |TAMS 0x000000071cc00000| PB 0x000000071cc00000| Untracked 
| 202|0x000000071ce00000, 0x000000071ce00000, 0x000000071d000000|  0%| F|  |TAMS 0x000000071ce00000| PB 0x000000071ce00000| Untracked 
| 203|0x000000071d000000, 0x000000071d000000, 0x000000071d200000|  0%| F|  |TAMS 0x000000071d000000| PB 0x000000071d000000| Untracked 
| 204|0x000000071d200000, 0x000000071d200000, 0x000000071d400000|  0%| F|  |TAMS 0x000000071d200000| PB 0x000000071d200000| Untracked 
| 205|0x000000071d400000, 0x000000071d400000, 0x000000071d600000|  0%| F|  |TAMS 0x000000071d400000| PB 0x000000071d400000| Untracked 
| 206|0x000000071d600000, 0x000000071d600000, 0x000000071d800000|  0%| F|  |TAMS 0x000000071d600000| PB 0x000000071d600000| Untracked 
| 207|0x000000071d800000, 0x000000071da00000, 0x000000071da00000|100%| O|  |TAMS 0x000000071d800000| PB 0x000000071d800000| Untracked 
| 208|0x000000071da00000, 0x000000071da00000, 0x000000071dc00000|  0%| F|  |TAMS 0x000000071da00000| PB 0x000000071da00000| Untracked 
| 209|0x000000071dc00000, 0x000000071dc00000, 0x000000071de00000|  0%| F|  |TAMS 0x000000071dc00000| PB 0x000000071dc00000| Untracked 
| 210|0x000000071de00000, 0x000000071de00000, 0x000000071e000000|  0%| F|  |TAMS 0x000000071de00000| PB 0x000000071de00000| Untracked 
| 211|0x000000071e000000, 0x000000071e000000, 0x000000071e200000|  0%| F|  |TAMS 0x000000071e000000| PB 0x000000071e000000| Untracked 
| 212|0x000000071e200000, 0x000000071e200000, 0x000000071e400000|  0%| F|  |TAMS 0x000000071e200000| PB 0x000000071e200000| Untracked 
| 213|0x000000071e400000, 0x000000071e400000, 0x000000071e600000|  0%| F|  |TAMS 0x000000071e400000| PB 0x000000071e400000| Untracked 
| 214|0x000000071e600000, 0x000000071e600000, 0x000000071e800000|  0%| F|  |TAMS 0x000000071e600000| PB 0x000000071e600000| Untracked 
| 215|0x000000071e800000, 0x000000071e800000, 0x000000071ea00000|  0%| F|  |TAMS 0x000000071e800000| PB 0x000000071e800000| Untracked 
| 216|0x000000071ea00000, 0x000000071ea00000, 0x000000071ec00000|  0%| F|  |TAMS 0x000000071ea00000| PB 0x000000071ea00000| Untracked 
| 217|0x000000071ec00000, 0x000000071ec00000, 0x000000071ee00000|  0%| F|  |TAMS 0x000000071ec00000| PB 0x000000071ec00000| Untracked 
| 218|0x000000071ee00000, 0x000000071ee00000, 0x000000071f000000|  0%| F|  |TAMS 0x000000071ee00000| PB 0x000000071ee00000| Untracked 
| 219|0x000000071f000000, 0x000000071f000000, 0x000000071f200000|  0%| F|  |TAMS 0x000000071f000000| PB 0x000000071f000000| Untracked 
| 220|0x000000071f200000, 0x000000071f200000, 0x000000071f400000|  0%| F|  |TAMS 0x000000071f200000| PB 0x000000071f200000| Untracked 
| 221|0x000000071f400000, 0x000000071f400000, 0x000000071f600000|  0%| F|  |TAMS 0x000000071f400000| PB 0x000000071f400000| Untracked 
| 222|0x000000071f600000, 0x000000071f600000, 0x000000071f800000|  0%| F|  |TAMS 0x000000071f600000| PB 0x000000071f600000| Untracked 
| 223|0x000000071f800000, 0x000000071f800000, 0x000000071fa00000|  0%| F|  |TAMS 0x000000071f800000| PB 0x000000071f800000| Untracked 
| 224|0x000000071fa00000, 0x000000071fa00000, 0x000000071fc00000|  0%| F|  |TAMS 0x000000071fa00000| PB 0x000000071fa00000| Untracked 
| 225|0x000000071fc00000, 0x000000071fc00000, 0x000000071fe00000|  0%| F|  |TAMS 0x000000071fc00000| PB 0x000000071fc00000| Untracked 
| 226|0x000000071fe00000, 0x000000071fe00000, 0x0000000720000000|  0%| F|  |TAMS 0x000000071fe00000| PB 0x000000071fe00000| Untracked 
| 227|0x0000000720000000, 0x0000000720000000, 0x0000000720200000|  0%| F|  |TAMS 0x0000000720000000| PB 0x0000000720000000| Untracked 
| 228|0x0000000720200000, 0x0000000720200000, 0x0000000720400000|  0%| F|  |TAMS 0x0000000720200000| PB 0x0000000720200000| Untracked 
| 229|0x0000000720400000, 0x0000000720400000, 0x0000000720600000|  0%| F|  |TAMS 0x0000000720400000| PB 0x0000000720400000| Untracked 
| 230|0x0000000720600000, 0x0000000720600000, 0x0000000720800000|  0%| F|  |TAMS 0x0000000720600000| PB 0x0000000720600000| Untracked 
| 231|0x0000000720800000, 0x0000000720800000, 0x0000000720a00000|  0%| F|  |TAMS 0x0000000720800000| PB 0x0000000720800000| Untracked 
| 232|0x0000000720a00000, 0x0000000720a00000, 0x0000000720c00000|  0%| F|  |TAMS 0x0000000720a00000| PB 0x0000000720a00000| Untracked 
| 233|0x0000000720c00000, 0x0000000720c00000, 0x0000000720e00000|  0%| F|  |TAMS 0x0000000720c00000| PB 0x0000000720c00000| Untracked 
| 234|0x0000000720e00000, 0x0000000720e00000, 0x0000000721000000|  0%| F|  |TAMS 0x0000000720e00000| PB 0x0000000720e00000| Untracked 
| 235|0x0000000721000000, 0x0000000721000000, 0x0000000721200000|  0%| F|  |TAMS 0x0000000721000000| PB 0x0000000721000000| Untracked 
| 236|0x0000000721200000, 0x0000000721200000, 0x0000000721400000|  0%| F|  |TAMS 0x0000000721200000| PB 0x0000000721200000| Untracked 
| 237|0x0000000721400000, 0x0000000721400000, 0x0000000721600000|  0%| F|  |TAMS 0x0000000721400000| PB 0x0000000721400000| Untracked 
| 238|0x0000000721600000, 0x0000000721600000, 0x0000000721800000|  0%| F|  |TAMS 0x0000000721600000| PB 0x0000000721600000| Untracked 
| 239|0x0000000721800000, 0x0000000721800000, 0x0000000721a00000|  0%| F|  |TAMS 0x0000000721800000| PB 0x0000000721800000| Untracked 
| 240|0x0000000721a00000, 0x0000000721a00000, 0x0000000721c00000|  0%| F|  |TAMS 0x0000000721a00000| PB 0x0000000721a00000| Untracked 
| 241|0x0000000721c00000, 0x0000000721c00000, 0x0000000721e00000|  0%| F|  |TAMS 0x0000000721c00000| PB 0x0000000721c00000| Untracked 
| 242|0x0000000721e00000, 0x0000000721e00000, 0x0000000722000000|  0%| F|  |TAMS 0x0000000721e00000| PB 0x0000000721e00000| Untracked 
| 243|0x0000000722000000, 0x0000000722000000, 0x0000000722200000|  0%| F|  |TAMS 0x0000000722000000| PB 0x0000000722000000| Untracked 
| 244|0x0000000722200000, 0x0000000722200000, 0x0000000722400000|  0%| F|  |TAMS 0x0000000722200000| PB 0x0000000722200000| Untracked 
| 245|0x0000000722400000, 0x0000000722400000, 0x0000000722600000|  0%| F|  |TAMS 0x0000000722400000| PB 0x0000000722400000| Untracked 
| 246|0x0000000722600000, 0x0000000722600000, 0x0000000722800000|  0%| F|  |TAMS 0x0000000722600000| PB 0x0000000722600000| Untracked 
| 247|0x0000000722800000, 0x0000000722800000, 0x0000000722a00000|  0%| F|  |TAMS 0x0000000722800000| PB 0x0000000722800000| Untracked 
| 248|0x0000000722a00000, 0x0000000722a00000, 0x0000000722c00000|  0%| F|  |TAMS 0x0000000722a00000| PB 0x0000000722a00000| Untracked 
| 249|0x0000000722c00000, 0x0000000722c00000, 0x0000000722e00000|  0%| F|  |TAMS 0x0000000722c00000| PB 0x0000000722c00000| Untracked 
| 250|0x0000000722e00000, 0x0000000722e00000, 0x0000000723000000|  0%| F|  |TAMS 0x0000000722e00000| PB 0x0000000722e00000| Untracked 
| 251|0x0000000723000000, 0x0000000723000000, 0x0000000723200000|  0%| F|  |TAMS 0x0000000723000000| PB 0x0000000723000000| Untracked 
| 252|0x0000000723200000, 0x0000000723200000, 0x0000000723400000|  0%| F|  |TAMS 0x0000000723200000| PB 0x0000000723200000| Untracked 
| 253|0x0000000723400000, 0x0000000723400000, 0x0000000723600000|  0%| F|  |TAMS 0x0000000723400000| PB 0x0000000723400000| Untracked 
| 254|0x0000000723600000, 0x0000000723600000, 0x0000000723800000|  0%| F|  |TAMS 0x0000000723600000| PB 0x0000000723600000| Untracked 
| 255|0x0000000723800000, 0x0000000723800000, 0x0000000723a00000|  0%| F|  |TAMS 0x0000000723800000| PB 0x0000000723800000| Untracked 
| 256|0x0000000723a00000, 0x0000000723a00000, 0x0000000723c00000|  0%| F|  |TAMS 0x0000000723a00000| PB 0x0000000723a00000| Untracked 
| 257|0x0000000723c00000, 0x0000000723c00000, 0x0000000723e00000|  0%| F|  |TAMS 0x0000000723c00000| PB 0x0000000723c00000| Untracked 
| 258|0x0000000723e00000, 0x0000000723e00000, 0x0000000724000000|  0%| F|  |TAMS 0x0000000723e00000| PB 0x0000000723e00000| Untracked 
| 259|0x0000000724000000, 0x0000000724000000, 0x0000000724200000|  0%| F|  |TAMS 0x0000000724000000| PB 0x0000000724000000| Untracked 
| 260|0x0000000724200000, 0x0000000724200000, 0x0000000724400000|  0%| F|  |TAMS 0x0000000724200000| PB 0x0000000724200000| Untracked 
| 261|0x0000000724400000, 0x0000000724400000, 0x0000000724600000|  0%| F|  |TAMS 0x0000000724400000| PB 0x0000000724400000| Untracked 
| 262|0x0000000724600000, 0x0000000724600000, 0x0000000724800000|  0%| F|  |TAMS 0x0000000724600000| PB 0x0000000724600000| Untracked 
| 263|0x0000000724800000, 0x0000000724800000, 0x0000000724a00000|  0%| F|  |TAMS 0x0000000724800000| PB 0x0000000724800000| Untracked 
| 264|0x0000000724a00000, 0x0000000724a00000, 0x0000000724c00000|  0%| F|  |TAMS 0x0000000724a00000| PB 0x0000000724a00000| Untracked 
| 265|0x0000000724c00000, 0x0000000724c00000, 0x0000000724e00000|  0%| F|  |TAMS 0x0000000724c00000| PB 0x0000000724c00000| Untracked 
| 266|0x0000000724e00000, 0x0000000724e00000, 0x0000000725000000|  0%| F|  |TAMS 0x0000000724e00000| PB 0x0000000724e00000| Untracked 
| 267|0x0000000725000000, 0x0000000725000000, 0x0000000725200000|  0%| F|  |TAMS 0x0000000725000000| PB 0x0000000725000000| Untracked 
| 268|0x0000000725200000, 0x0000000725200000, 0x0000000725400000|  0%| F|  |TAMS 0x0000000725200000| PB 0x0000000725200000| Untracked 
| 269|0x0000000725400000, 0x0000000725400000, 0x0000000725600000|  0%| F|  |TAMS 0x0000000725400000| PB 0x0000000725400000| Untracked 
| 270|0x0000000725600000, 0x0000000725600000, 0x0000000725800000|  0%| F|  |TAMS 0x0000000725600000| PB 0x0000000725600000| Untracked 
| 271|0x0000000725800000, 0x0000000725800000, 0x0000000725a00000|  0%| F|  |TAMS 0x0000000725800000| PB 0x0000000725800000| Untracked 
| 272|0x0000000725a00000, 0x0000000725a00000, 0x0000000725c00000|  0%| F|  |TAMS 0x0000000725a00000| PB 0x0000000725a00000| Untracked 
| 273|0x0000000725c00000, 0x0000000725c00000, 0x0000000725e00000|  0%| F|  |TAMS 0x0000000725c00000| PB 0x0000000725c00000| Untracked 
| 274|0x0000000725e00000, 0x0000000725e00000, 0x0000000726000000|  0%| F|  |TAMS 0x0000000725e00000| PB 0x0000000725e00000| Untracked 
| 275|0x0000000726000000, 0x0000000726000000, 0x0000000726200000|  0%| F|  |TAMS 0x0000000726000000| PB 0x0000000726000000| Untracked 
| 276|0x0000000726200000, 0x0000000726200000, 0x0000000726400000|  0%| F|  |TAMS 0x0000000726200000| PB 0x0000000726200000| Untracked 
| 277|0x0000000726400000, 0x0000000726400000, 0x0000000726600000|  0%| F|  |TAMS 0x0000000726400000| PB 0x0000000726400000| Untracked 
| 278|0x0000000726600000, 0x0000000726600000, 0x0000000726800000|  0%| F|  |TAMS 0x0000000726600000| PB 0x0000000726600000| Untracked 
| 279|0x0000000726800000, 0x0000000726800000, 0x0000000726a00000|  0%| F|  |TAMS 0x0000000726800000| PB 0x0000000726800000| Untracked 
| 280|0x0000000726a00000, 0x0000000726a00000, 0x0000000726c00000|  0%| F|  |TAMS 0x0000000726a00000| PB 0x0000000726a00000| Untracked 
| 281|0x0000000726c00000, 0x0000000726c00000, 0x0000000726e00000|  0%| F|  |TAMS 0x0000000726c00000| PB 0x0000000726c00000| Untracked 
| 282|0x0000000726e00000, 0x0000000726e00000, 0x0000000727000000|  0%| F|  |TAMS 0x0000000726e00000| PB 0x0000000726e00000| Untracked 
| 283|0x0000000727000000, 0x0000000727000000, 0x0000000727200000|  0%| F|  |TAMS 0x0000000727000000| PB 0x0000000727000000| Untracked 
| 284|0x0000000727200000, 0x0000000727200000, 0x0000000727400000|  0%| F|  |TAMS 0x0000000727200000| PB 0x0000000727200000| Untracked 
| 285|0x0000000727400000, 0x0000000727400000, 0x0000000727600000|  0%| F|  |TAMS 0x0000000727400000| PB 0x0000000727400000| Untracked 
| 286|0x0000000727600000, 0x0000000727600000, 0x0000000727800000|  0%| F|  |TAMS 0x0000000727600000| PB 0x0000000727600000| Untracked 
| 287|0x0000000727800000, 0x0000000727800000, 0x0000000727a00000|  0%| F|  |TAMS 0x0000000727800000| PB 0x0000000727800000| Untracked 
| 288|0x0000000727a00000, 0x0000000727a00000, 0x0000000727c00000|  0%| F|  |TAMS 0x0000000727a00000| PB 0x0000000727a00000| Untracked 
| 289|0x0000000727c00000, 0x0000000727c00000, 0x0000000727e00000|  0%| F|  |TAMS 0x0000000727c00000| PB 0x0000000727c00000| Untracked 
| 290|0x0000000727e00000, 0x0000000727e00000, 0x0000000728000000|  0%| F|  |TAMS 0x0000000727e00000| PB 0x0000000727e00000| Untracked 
| 291|0x0000000728000000, 0x0000000728000000, 0x0000000728200000|  0%| F|  |TAMS 0x0000000728000000| PB 0x0000000728000000| Untracked 
| 292|0x0000000728200000, 0x0000000728200000, 0x0000000728400000|  0%| F|  |TAMS 0x0000000728200000| PB 0x0000000728200000| Untracked 
| 293|0x0000000728400000, 0x0000000728400000, 0x0000000728600000|  0%| F|  |TAMS 0x0000000728400000| PB 0x0000000728400000| Untracked 
| 294|0x0000000728600000, 0x0000000728600000, 0x0000000728800000|  0%| F|  |TAMS 0x0000000728600000| PB 0x0000000728600000| Untracked 
| 295|0x0000000728800000, 0x0000000728800000, 0x0000000728a00000|  0%| F|  |TAMS 0x0000000728800000| PB 0x0000000728800000| Untracked 
| 296|0x0000000728a00000, 0x0000000728a00000, 0x0000000728c00000|  0%| F|  |TAMS 0x0000000728a00000| PB 0x0000000728a00000| Untracked 
| 297|0x0000000728c00000, 0x0000000728c00000, 0x0000000728e00000|  0%| F|  |TAMS 0x0000000728c00000| PB 0x0000000728c00000| Untracked 
| 298|0x0000000728e00000, 0x0000000728e00000, 0x0000000729000000|  0%| F|  |TAMS 0x0000000728e00000| PB 0x0000000728e00000| Untracked 
| 299|0x0000000729000000, 0x0000000729000000, 0x0000000729200000|  0%| F|  |TAMS 0x0000000729000000| PB 0x0000000729000000| Untracked 
| 300|0x0000000729200000, 0x0000000729200000, 0x0000000729400000|  0%| F|  |TAMS 0x0000000729200000| PB 0x0000000729200000| Untracked 
| 301|0x0000000729400000, 0x0000000729400000, 0x0000000729600000|  0%| F|  |TAMS 0x0000000729400000| PB 0x0000000729400000| Untracked 
| 302|0x0000000729600000, 0x0000000729600000, 0x0000000729800000|  0%| F|  |TAMS 0x0000000729600000| PB 0x0000000729600000| Untracked 
| 303|0x0000000729800000, 0x0000000729800000, 0x0000000729a00000|  0%| F|  |TAMS 0x0000000729800000| PB 0x0000000729800000| Untracked 
| 304|0x0000000729a00000, 0x0000000729a00000, 0x0000000729c00000|  0%| F|  |TAMS 0x0000000729a00000| PB 0x0000000729a00000| Untracked 
| 305|0x0000000729c00000, 0x0000000729c00000, 0x0000000729e00000|  0%| F|  |TAMS 0x0000000729c00000| PB 0x0000000729c00000| Untracked 
| 306|0x0000000729e00000, 0x0000000729e00000, 0x000000072a000000|  0%| F|  |TAMS 0x0000000729e00000| PB 0x0000000729e00000| Untracked 
| 307|0x000000072a000000, 0x000000072a000000, 0x000000072a200000|  0%| F|  |TAMS 0x000000072a000000| PB 0x000000072a000000| Untracked 
| 308|0x000000072a200000, 0x000000072a200000, 0x000000072a400000|  0%| F|  |TAMS 0x000000072a200000| PB 0x000000072a200000| Untracked 
| 309|0x000000072a400000, 0x000000072a400000, 0x000000072a600000|  0%| F|  |TAMS 0x000000072a400000| PB 0x000000072a400000| Untracked 
| 310|0x000000072a600000, 0x000000072a600000, 0x000000072a800000|  0%| F|  |TAMS 0x000000072a600000| PB 0x000000072a600000| Untracked 
| 311|0x000000072a800000, 0x000000072a800000, 0x000000072aa00000|  0%| F|  |TAMS 0x000000072a800000| PB 0x000000072a800000| Untracked 
| 312|0x000000072aa00000, 0x000000072aa00000, 0x000000072ac00000|  0%| F|  |TAMS 0x000000072aa00000| PB 0x000000072aa00000| Untracked 
| 313|0x000000072ac00000, 0x000000072ac00000, 0x000000072ae00000|  0%| F|  |TAMS 0x000000072ac00000| PB 0x000000072ac00000| Untracked 
| 314|0x000000072ae00000, 0x000000072ae00000, 0x000000072b000000|  0%| F|  |TAMS 0x000000072ae00000| PB 0x000000072ae00000| Untracked 
| 315|0x000000072b000000, 0x000000072b000000, 0x000000072b200000|  0%| F|  |TAMS 0x000000072b000000| PB 0x000000072b000000| Untracked 
| 316|0x000000072b200000, 0x000000072b200000, 0x000000072b400000|  0%| F|  |TAMS 0x000000072b200000| PB 0x000000072b200000| Untracked 
| 317|0x000000072b400000, 0x000000072b400000, 0x000000072b600000|  0%| F|  |TAMS 0x000000072b400000| PB 0x000000072b400000| Untracked 
| 318|0x000000072b600000, 0x000000072b600000, 0x000000072b800000|  0%| F|  |TAMS 0x000000072b600000| PB 0x000000072b600000| Untracked 
| 319|0x000000072b800000, 0x000000072b800000, 0x000000072ba00000|  0%| F|  |TAMS 0x000000072b800000| PB 0x000000072b800000| Untracked 
| 320|0x000000072ba00000, 0x000000072ba00000, 0x000000072bc00000|  0%| F|  |TAMS 0x000000072ba00000| PB 0x000000072ba00000| Untracked 
| 321|0x000000072bc00000, 0x000000072bc00000, 0x000000072be00000|  0%| F|  |TAMS 0x000000072bc00000| PB 0x000000072bc00000| Untracked 
| 322|0x000000072be00000, 0x000000072be00000, 0x000000072c000000|  0%| F|  |TAMS 0x000000072be00000| PB 0x000000072be00000| Untracked 
| 323|0x000000072c000000, 0x000000072c000000, 0x000000072c200000|  0%| F|  |TAMS 0x000000072c000000| PB 0x000000072c000000| Untracked 
| 324|0x000000072c200000, 0x000000072c200000, 0x000000072c400000|  0%| F|  |TAMS 0x000000072c200000| PB 0x000000072c200000| Untracked 
|2014|0x00000007ff600000, 0x00000007ff600000, 0x00000007ff800000|  0%| F|  |TAMS 0x00000007ff600000| PB 0x00000007ff600000| Untracked 
|2015|0x00000007ff800000, 0x00000007ff800000, 0x00000007ffa00000|  0%| F|  |TAMS 0x00000007ff800000| PB 0x00000007ff800000| Untracked 
|2016|0x00000007ffa00000, 0x00000007ffad6c50, 0x00000007ffc00000| 41%| E|  |TAMS 0x00000007ffa00000| PB 0x00000007ffa00000| Complete 
|2017|0x00000007ffc00000, 0x00000007ffe00000, 0x00000007ffe00000|100%| E|CS|TAMS 0x00000007ffc00000| PB 0x00000007ffc00000| Complete 
|2018|0x00000007ffe00000, 0x0000000800000000, 0x0000000800000000|100%| O|  |TAMS 0x00000007ffe00000| PB 0x00000007ffe00000| Untracked 

Card table byte_map: [0x00000240d06f0000,0x00000240d0ee0000] _byte_map_base: 0x00000240cced3000

Marking Bits: (CMBitMap*) 0x00000240b85b7ac0
 Bits: [0x00000240d0ee0000, 0x00000240d4df8000)

Polling page: 0x00000240b6620000

Metaspace:

Usage:
  Non-class:     96.82 MB used.
      Class:     16.74 MB used.
       Both:    113.55 MB used.

Virtual space:
  Non-class space:      128.00 MB reserved,      97.88 MB ( 76%) committed,  2 nodes.
      Class space:        1.00 GB reserved,      17.56 MB (  2%) committed,  1 nodes.
             Both:        1.12 GB reserved,     115.44 MB ( 10%) committed. 

Chunk freelists:
   Non-Class:  13.27 MB
       Class:  14.44 MB
        Both:  27.70 MB

MaxMetaspaceSize: unlimited
CompressedClassSpaceSize: 1.00 GB
Initial GC threshold: 21.00 MB
Current GC threshold: 192.44 MB
CDS: on
 - commit_granule_bytes: 65536.
 - commit_granule_words: 8192.
 - virtual_space_node_default_size: 8388608.
 - enlarge_chunks_in_place: 1.
 - use_allocation_guard: 0.


Internal statistics:

num_allocs_failed_limit: 15.
num_arena_births: 3156.
num_arena_deaths: 6.
num_vsnodes_births: 3.
num_vsnodes_deaths: 0.
num_space_committed: 1842.
num_space_uncommitted: 0.
num_chunks_returned_to_freelist: 21.
num_chunks_taken_from_freelist: 8338.
num_chunk_merges: 16.
num_chunk_splits: 5280.
num_chunks_enlarged: 3211.
num_inconsistent_stats: 0.

CodeHeap 'non-profiled nmethods': size=120000Kb used=10346Kb max_used=11354Kb free=109653Kb
 bounds [0x00000240c8480000, 0x00000240c8fa0000, 0x00000240cf9b0000]
CodeHeap 'profiled nmethods': size=120000Kb used=18586Kb max_used=21923Kb free=101413Kb
 bounds [0x00000240c09b0000, 0x00000240c1f50000, 0x00000240c7ee0000]
CodeHeap 'non-nmethods': size=5760Kb used=3904Kb max_used=3947Kb free=1855Kb
 bounds [0x00000240c7ee0000, 0x00000240c82d0000, 0x00000240c8480000]
 total_blobs=14302 nmethods=12273 adapters=1933
 compilation: enabled
              stopped_count=0, restarted_count=0
 full_count=0

Compilation events (20 events):
Event: 18.924 Thread 0x00000240d7bf1820 nmethod 17822 0x00000240c0c9c390 code [0x00000240c0c9c580, 0x00000240c0c9c870]
Event: 18.924 Thread 0x00000240d7bf1820 17819       3       java.util.Formatter$FormatSpecifier::checkBadFlags (24 bytes)
Event: 18.924 Thread 0x00000240d7bf1820 nmethod 17819 0x00000240c0a64190 code [0x00000240c0a64340, 0x00000240c0a644c0]
Event: 18.924 Thread 0x00000240d7bf1820 17820       3       net.minecraftforge.fml.loading.moddiscovery.ModFile::getModInfos (10 bytes)
Event: 18.924 Thread 0x00000240d7bf1820 nmethod 17820 0x00000240c1159710 code [0x00000240c11598c0, 0x00000240c1159aa0]
Event: 18.924 Thread 0x00000240d7bf1820 17821       1       org.apache.maven.artifact.versioning.ComparableVersion::toString (5 bytes)
Event: 18.924 Thread 0x00000240d7bf1820 nmethod 17821 0x00000240c8dded10 code [0x00000240c8ddeea0, 0x00000240c8ddef70]
Event: 18.926 Thread 0x00000240d7bf1820 17823       3       java.lang.Class::getProtectionDomain (20 bytes)
Event: 18.926 Thread 0x00000240d7bf1820 nmethod 17823 0x00000240c09d1290 code [0x00000240c09d1440, 0x00000240c09d1660]
Event: 18.926 Thread 0x00000240d7bf1820 17824   !   3       org.apache.logging.log4j.core.impl.ThrowableProxyHelper::loadClass (39 bytes)
Event: 18.927 Thread 0x00000240d7bf1820 nmethod 17824 0x00000240c0de7310 code [0x00000240c0de75c0, 0x00000240c0de82b8]
Event: 18.927 Thread 0x00000240d7bf1820 17825   !   3       org.apache.logging.log4j.core.impl.ThrowableProxyHelper::toCacheEntry (168 bytes)
Event: 18.928 Thread 0x00000240d7bf1820 nmethod 17825 0x00000240c0ec3b10 code [0x00000240c0ec3e40, 0x00000240c0ec50b0]
Event: 18.928 Thread 0x00000240d7bf1820 17826       3       java.lang.StringConcatHelper::stringOf (20 bytes)
Event: 18.928 Thread 0x00000240d7bf1820 nmethod 17826 0x00000240c1471f90 code [0x00000240c1472140, 0x00000240c1472378]
Event: 18.928 Thread 0x00000240d7bf1820 17828       3       java.util.Formatter$FormatSpecifier::print (57 bytes)
Event: 18.929 Thread 0x00000240d7bf1820 nmethod 17828 0x00000240c0de3a90 code [0x00000240c0de3d00, 0x00000240c0de46e8]
Event: 18.929 Thread 0x00000240d7bf1820 17827       3       java.util.Formatter$FormatSpecifier::<init> (255 bytes)
Event: 18.931 Thread 0x00000240d7bc73f0 nmethod 17809 0x00000240c8c90a90 code [0x00000240c8c90d40, 0x00000240c8c91fc0]
Event: 18.931 Thread 0x00000240d7bc73f0 17710       4       org.objectweb.asm.tree.MethodNode::visitIntInsn (17 bytes)

GC Heap History (20 events):
Event: 11.402 GC heap before
{Heap before GC invocations=23 (full 0):
 garbage-first heap   total 466944K, used 349099K [0x0000000703a00000, 0x0000000800000000)
  region size 2048K, 73 young (149504K), 12 survivors (24576K)
 Metaspace       used 98525K, committed 100416K, reserved 1179648K
  class space    used 14333K, committed 15232K, reserved 1048576K
}
Event: 11.417 GC heap after
{Heap after GC invocations=24 (full 0):
 garbage-first heap   total 466944K, used 240851K [0x0000000703a00000, 0x0000000800000000)
  region size 2048K, 13 young (26624K), 13 survivors (26624K)
 Metaspace       used 98525K, committed 100416K, reserved 1179648K
  class space    used 14333K, committed 15232K, reserved 1048576K
}
Event: 12.257 GC heap before
{Heap before GC invocations=25 (full 0):
 garbage-first heap   total 466944K, used 414931K [0x0000000703a00000, 0x0000000800000000)
  region size 2048K, 97 young (198656K), 13 survivors (26624K)
 Metaspace       used 106432K, committed 108352K, reserved 1179648K
  class space    used 15752K, committed 16576K, reserved 1048576K
}
Event: 12.271 GC heap after
{Heap after GC invocations=26 (full 0):
 garbage-first heap   total 466944K, used 249824K [0x0000000703a00000, 0x0000000800000000)
  region size 2048K, 11 young (22528K), 11 survivors (22528K)
 Metaspace       used 106432K, committed 108352K, reserved 1179648K
  class space    used 15752K, committed 16576K, reserved 1048576K
}
Event: 12.433 GC heap before
{Heap before GC invocations=26 (full 0):
 garbage-first heap   total 466944K, used 417760K [0x0000000703a00000, 0x0000000800000000)
  region size 2048K, 94 young (192512K), 11 survivors (22528K)
 Metaspace       used 107847K, committed 109760K, reserved 1179648K
  class space    used 15948K, committed 16768K, reserved 1048576K
}
Event: 12.447 GC heap after
{Heap after GC invocations=27 (full 0):
 garbage-first heap   total 466944K, used 259895K [0x0000000703a00000, 0x0000000800000000)
  region size 2048K, 12 young (24576K), 12 survivors (24576K)
 Metaspace       used 107847K, committed 109760K, reserved 1179648K
  class space    used 15948K, committed 16768K, reserved 1048576K
}
Event: 12.540 GC heap before
{Heap before GC invocations=27 (full 0):
 garbage-first heap   total 466944K, used 415543K [0x0000000703a00000, 0x0000000800000000)
  region size 2048K, 89 young (182272K), 12 survivors (24576K)
 Metaspace       used 108442K, committed 110400K, reserved 1179648K
  class space    used 16040K, committed 16896K, reserved 1048576K
}
Event: 12.551 GC heap after
{Heap after GC invocations=28 (full 0):
 garbage-first heap   total 641024K, used 264693K [0x0000000703a00000, 0x0000000800000000)
  region size 2048K, 4 young (8192K), 4 survivors (8192K)
 Metaspace       used 108442K, committed 110400K, reserved 1179648K
  class space    used 16040K, committed 16896K, reserved 1048576K
}
Event: 12.981 GC heap before
{Heap before GC invocations=29 (full 0):
 garbage-first heap   total 641024K, used 596469K [0x0000000703a00000, 0x0000000800000000)
  region size 2048K, 161 young (329728K), 4 survivors (8192K)
 Metaspace       used 110715K, committed 112704K, reserved 1179648K
  class space    used 16434K, committed 17280K, reserved 1048576K
}
Event: 12.988 GC heap after
{Heap after GC invocations=30 (full 0):
 garbage-first heap   total 641024K, used 278177K [0x0000000703a00000, 0x0000000800000000)
  region size 2048K, 10 young (20480K), 10 survivors (20480K)
 Metaspace       used 110715K, committed 112704K, reserved 1179648K
  class space    used 16434K, committed 17280K, reserved 1048576K
}
Event: 13.475 GC heap before
{Heap before GC invocations=30 (full 0):
 garbage-first heap   total 641024K, used 579233K [0x0000000703a00000, 0x0000000800000000)
  region size 2048K, 157 young (321536K), 10 survivors (20480K)
 Metaspace       used 111233K, committed 113216K, reserved 1179648K
  class space    used 16479K, committed 17344K, reserved 1048576K
}
Event: 13.496 GC heap after
{Heap after GC invocations=31 (full 0):
 garbage-first heap   total 641024K, used 300880K [0x0000000703a00000, 0x0000000800000000)
  region size 2048K, 20 young (40960K), 20 survivors (40960K)
 Metaspace       used 111233K, committed 113216K, reserved 1179648K
  class space    used 16479K, committed 17344K, reserved 1048576K
}
Event: 14.341 GC heap before
{Heap before GC invocations=31 (full 0):
 garbage-first heap   total 641024K, used 563024K [0x0000000703a00000, 0x0000000800000000)
  region size 2048K, 149 young (305152K), 20 survivors (40960K)
 Metaspace       used 112998K, committed 115008K, reserved 1179648K
  class space    used 16750K, committed 17600K, reserved 1048576K
}
Event: 14.374 GC heap after
{Heap after GC invocations=32 (full 0):
 garbage-first heap   total 649216K, used 342811K [0x0000000703a00000, 0x0000000800000000)
  region size 2048K, 19 young (38912K), 19 survivors (38912K)
 Metaspace       used 112998K, committed 115008K, reserved 1179648K
  class space    used 16750K, committed 17600K, reserved 1048576K
}
Event: 14.672 GC heap before
{Heap before GC invocations=33 (full 0):
 garbage-first heap   total 675840K, used 574235K [0x0000000703a00000, 0x0000000800000000)
  region size 2048K, 132 young (270336K), 19 survivors (38912K)
 Metaspace       used 113087K, committed 115008K, reserved 1179648K
  class space    used 16759K, committed 17600K, reserved 1048576K
}
Event: 14.686 GC heap after
{Heap after GC invocations=34 (full 0):
 garbage-first heap   total 675840K, used 351415K [0x0000000703a00000, 0x0000000800000000)
  region size 2048K, 5 young (10240K), 5 survivors (10240K)
 Metaspace       used 113087K, committed 115008K, reserved 1179648K
  class space    used 16759K, committed 17600K, reserved 1048576K
}
Event: 18.563 GC heap before
{Heap before GC invocations=34 (full 0):
 garbage-first heap   total 675840K, used 556215K [0x0000000703a00000, 0x0000000800000000)
  region size 2048K, 101 young (206848K), 5 survivors (10240K)
 Metaspace       used 115816K, committed 117824K, reserved 1179648K
  class space    used 17093K, committed 17984K, reserved 1048576K
}
Event: 18.684 GC heap after
{Heap after GC invocations=35 (full 1):
 garbage-first heap   total 675840K, used 319987K [0x0000000703a00000, 0x0000000800000000)
  region size 2048K, 0 young (0K), 0 survivors (0K)
 Metaspace       used 115816K, committed 117824K, reserved 1179648K
  class space    used 17093K, committed 17984K, reserved 1048576K
}
Event: 18.830 GC heap before
{Heap before GC invocations=35 (full 1):
 garbage-first heap   total 675840K, used 328179K [0x0000000703a00000, 0x0000000800000000)
  region size 2048K, 5 young (10240K), 0 survivors (0K)
 Metaspace       used 116229K, committed 118208K, reserved 1179648K
  class space    used 17131K, committed 17984K, reserved 1048576K
}
Event: 18.913 GC heap after
{Heap after GC invocations=36 (full 2):
 garbage-first heap   total 675840K, used 320187K [0x0000000703a00000, 0x0000000800000000)
  region size 2048K, 0 young (0K), 0 survivors (0K)
 Metaspace       used 116229K, committed 118208K, reserved 1179648K
  class space    used 17131K, committed 17984K, reserved 1048576K
}

Dll operation events (15 events):
Event: 0.007 Loaded shared library C:\Program Files\Java\jdk-21\bin\java.dll
Event: 0.033 Loaded shared library C:\Program Files\Java\jdk-21\bin\jsvml.dll
Event: 0.128 Loaded shared library C:\Program Files\Java\jdk-21\bin\net.dll
Event: 0.130 Loaded shared library C:\Program Files\Java\jdk-21\bin\nio.dll
Event: 0.134 Loaded shared library C:\Program Files\Java\jdk-21\bin\zip.dll
Event: 0.186 Loaded shared library C:\Program Files\Java\jdk-21\bin\jimage.dll
Event: 0.494 Loaded shared library C:\Program Files\Java\jdk-21\bin\verify.dll
Event: 2.012 Loaded shared library C:\Program Files\Java\jdk-21\bin\management.dll
Event: 2.014 Loaded shared library C:\Program Files\Java\jdk-21\bin\management_ext.dll
Event: 2.520 Loaded shared library C:\Users\GaliOu\AppData\Local\Temp\lwjglGaliOu\3.3.1-build-7\lwjgl.dll
Event: 2.660 Loaded shared library C:\Users\GaliOu\AppData\Local\Temp\lwjglGaliOu\3.3.1-build-7\lwjgl_stb.dll
Event: 2.712 Loaded shared library C:\Users\GaliOu\AppData\Local\Temp\lwjglGaliOu\3.3.1-build-7\lwjgl_opengl.dll
Event: 5.752 Loaded shared library C:\Users\GaliOu\AppData\Local\Temp\jna-2125572157\jna13289455250920877785.dll
Event: 9.867 Loaded shared library C:\Program Files\Java\jdk-21\bin\sunmscapi.dll
Event: 9.908 Loaded shared library C:\Program Files\Java\jdk-21\bin\extnet.dll

Deoptimization events (20 events):
Event: 18.922 Thread 0x00000240b62f2ef0 Uncommon trap: trap_request=0xffffff45 fr.pc=0x00000240c8f747e8 relative=0x0000000000000548
Event: 18.922 Thread 0x00000240b62f2ef0 Uncommon trap: reason=unstable_if action=reinterpret pc=0x00000240c8f747e8 method=java.util.Formatter$FormatSpecifier.print(Ljava/util/Formatter;Ljava/lang/String;Ljava/util/Locale;)V @ 5 c2
Event: 18.922 Thread 0x00000240b62f2ef0 DEOPT PACKING pc=0x00000240c8f747e8 sp=0x000000579c8fe270
Event: 18.922 Thread 0x00000240b62f2ef0 DEOPT UNPACKING pc=0x00000240c7f37da2 sp=0x000000579c8fe228 mode 2
Event: 18.922 Thread 0x00000240b62f2ef0 Uncommon trap: trap_request=0xffffffde fr.pc=0x00000240c8f4e4fc relative=0x000000000000053c
Event: 18.922 Thread 0x00000240b62f2ef0 Uncommon trap: reason=class_check action=maybe_recompile pc=0x00000240c8f4e4fc method=java.util.Formatter$FormatSpecifier.appendJustified(Ljava/lang/Appendable;Ljava/lang/CharSequence;)V @ 31 c2
Event: 18.922 Thread 0x00000240b62f2ef0 DEOPT PACKING pc=0x00000240c8f4e4fc sp=0x000000579c8fe1e0
Event: 18.922 Thread 0x00000240b62f2ef0 DEOPT UNPACKING pc=0x00000240c7f37da2 sp=0x000000579c8fe1a0 mode 2
Event: 18.922 Thread 0x00000240b62f2ef0 Uncommon trap: trap_request=0xffffffde fr.pc=0x00000240c8f4e4fc relative=0x000000000000053c
Event: 18.922 Thread 0x00000240b62f2ef0 Uncommon trap: reason=class_check action=maybe_recompile pc=0x00000240c8f4e4fc method=java.util.Formatter$FormatSpecifier.appendJustified(Ljava/lang/Appendable;Ljava/lang/CharSequence;)V @ 31 c2
Event: 18.922 Thread 0x00000240b62f2ef0 DEOPT PACKING pc=0x00000240c8f4e4fc sp=0x000000579c8fe1e0
Event: 18.922 Thread 0x00000240b62f2ef0 DEOPT UNPACKING pc=0x00000240c7f37da2 sp=0x000000579c8fe1a0 mode 2
Event: 18.922 Thread 0x00000240b62f2ef0 Uncommon trap: trap_request=0xffffffde fr.pc=0x00000240c8f4e4fc relative=0x000000000000053c
Event: 18.922 Thread 0x00000240b62f2ef0 Uncommon trap: reason=class_check action=maybe_recompile pc=0x00000240c8f4e4fc method=java.util.Formatter$FormatSpecifier.appendJustified(Ljava/lang/Appendable;Ljava/lang/CharSequence;)V @ 31 c2
Event: 18.922 Thread 0x00000240b62f2ef0 DEOPT PACKING pc=0x00000240c8f4e4fc sp=0x000000579c8fe1e0
Event: 18.922 Thread 0x00000240b62f2ef0 DEOPT UNPACKING pc=0x00000240c7f37da2 sp=0x000000579c8fe1a0 mode 2
Event: 18.922 Thread 0x00000240b62f2ef0 Uncommon trap: trap_request=0xffffffde fr.pc=0x00000240c8f4e4fc relative=0x000000000000053c
Event: 18.922 Thread 0x00000240b62f2ef0 Uncommon trap: reason=class_check action=maybe_recompile pc=0x00000240c8f4e4fc method=java.util.Formatter$FormatSpecifier.appendJustified(Ljava/lang/Appendable;Ljava/lang/CharSequence;)V @ 31 c2
Event: 18.922 Thread 0x00000240b62f2ef0 DEOPT PACKING pc=0x00000240c8f4e4fc sp=0x000000579c8fe1e0
Event: 18.922 Thread 0x00000240b62f2ef0 DEOPT UNPACKING pc=0x00000240c7f37da2 sp=0x000000579c8fe1a0 mode 2

Classes loaded (20 events):
Event: 16.944 Loading class java/net/PasswordAuthentication
Event: 16.944 Loading class java/net/PasswordAuthentication done
Event: 16.944 Loading class sun/net/www/protocol/http/EmptyInputStream
Event: 16.944 Loading class sun/net/www/protocol/http/EmptyInputStream done
Event: 16.944 Loading class sun/net/www/protocol/http/HttpURLConnection$10
Event: 16.944 Loading class sun/net/www/protocol/http/HttpURLConnection$10 done
Event: 17.825 Loading class javax/sound/sampled/AudioFormat
Event: 17.826 Loading class javax/sound/sampled/AudioFormat done
Event: 17.826 Loading class javax/sound/sampled/AudioFormat$Encoding
Event: 17.826 Loading class javax/sound/sampled/AudioFormat$Encoding done
Event: 18.448 Loading class java/util/jar/JarVerifier$VerifierStream
Event: 18.449 Loading class java/util/jar/JarVerifier$VerifierStream done
Event: 18.703 Loading class java/awt/font/TextAttribute
Event: 18.703 Loading class java/awt/font/TextAttribute done
Event: 18.713 Loading class java/nio/ByteBufferAsCharBufferB
Event: 18.713 Loading class java/nio/ByteBufferAsCharBufferB done
Event: 18.713 Loading class java/nio/ByteBufferAsIntBufferB
Event: 18.713 Loading class java/nio/ByteBufferAsIntBufferB done
Event: 18.922 Loading class java/util/regex/Pattern$LastMatch
Event: 18.922 Loading class java/util/regex/Pattern$LastMatch done

Classes unloaded (3 events):
Event: 14.478 Thread 0x00000240d72084e0 Unloading class 0x00000240da050400 'java/lang/invoke/LambdaForm$DMH+0x00000240da050400'
Event: 14.478 Thread 0x00000240d72084e0 Unloading class 0x00000240da050000 'java/lang/invoke/LambdaForm$DMH+0x00000240da050000'
Event: 14.478 Thread 0x00000240d72084e0 Unloading class 0x00000240da018400 'java/lang/invoke/LambdaForm$DMH+0x00000240da018400'

Classes redefined (0 events):
No events

Internal exceptions (20 events):
Event: 14.805 Thread 0x00000240b62f2ef0 Exception <a 'sun/nio/fs/WindowsException'{0x00000007253310e8}> (0x00000007253310e8) 
thrown [s\open\src\hotspot\share\prims\jni.cpp, line 520]
Event: 14.805 Thread 0x00000240b62f2ef0 Exception <a 'sun/nio/fs/WindowsException'{0x00000007253328c0}> (0x00000007253328c0) 
thrown [s\open\src\hotspot\share\prims\jni.cpp, line 520]
Event: 14.807 Thread 0x00000240b62f2ef0 Exception <a 'sun/nio/fs/WindowsException'{0x00000007253d5f30}> (0x00000007253d5f30) 
thrown [s\open\src\hotspot\share\prims\jni.cpp, line 520]
Event: 14.807 Thread 0x00000240b62f2ef0 Exception <a 'sun/nio/fs/WindowsException'{0x00000007253d74b8}> (0x00000007253d74b8) 
thrown [s\open\src\hotspot\share\prims\jni.cpp, line 520]
Event: 14.807 Thread 0x00000240b62f2ef0 Exception <a 'sun/nio/fs/WindowsException'{0x000000072500e458}> (0x000000072500e458) 
thrown [s\open\src\hotspot\share\prims\jni.cpp, line 520]
Event: 14.807 Thread 0x00000240b62f2ef0 Exception <a 'sun/nio/fs/WindowsException'{0x000000072500fa40}> (0x000000072500fa40) 
thrown [s\open\src\hotspot\share\prims\jni.cpp, line 520]
Event: 14.807 Thread 0x00000240b62f2ef0 Exception <a 'sun/nio/fs/WindowsException'{0x0000000725026340}> (0x0000000725026340) 
thrown [s\open\src\hotspot\share\prims\jni.cpp, line 520]
Event: 14.808 Thread 0x00000240b62f2ef0 Exception <a 'sun/nio/fs/WindowsException'{0x00000007250278c8}> (0x00000007250278c8) 
thrown [s\open\src\hotspot\share\prims\jni.cpp, line 520]
Event: 14.896 Thread 0x00000240b62f2ef0 Exception <a 'java/lang/IncompatibleClassChangeError'{0x0000000724a86b58}: Found class java.lang.Object, but interface was expected> (0x0000000724a86b58) 
thrown [s\open\src\hotspot\share\interpreter\linkResolver.cpp, line 840]
Event: 16.378 Thread 0x00000240b62f2ef0 Exception <a 'java/lang/IncompatibleClassChangeError'{0x0000000721d0fda0}: Found class java.lang.Object, but interface was expected> (0x0000000721d0fda0) 
thrown [s\open\src\hotspot\share\interpreter\linkResolver.cpp, line 840]
Event: 16.378 Thread 0x00000240b62f2ef0 Exception <a 'java/lang/IncompatibleClassChangeError'{0x0000000721d122a8}: Found class java.lang.Object, but interface was expected> (0x0000000721d122a8) 
thrown [s\open\src\hotspot\share\interpreter\linkResolver.cpp, line 840]
Event: 16.379 Thread 0x00000240b62f2ef0 Exception <a 'java/lang/NoSuchMethodError'{0x0000000721d25720}: 'void java.lang.invoke.DirectMethodHandle$Holder.invokeSpecial(java.lang.Object, java.lang.Object, int, java.lang.Object, java.lang.Object, java.lang.Object)'> (0x0000000721d25720) 
thrown [s\open\src\hotspot\share\interpreter\linkResolver.cpp, line 773]
Event: 17.379 Thread 0x00000240b62f2ef0 Exception <a 'java/lang/NoSuchMethodError'{0x00000007218bbd80}: 'java.lang.Object java.lang.invoke.DirectMethodHandle$Holder.invokeStaticInit(java.lang.Object, float)'> (0x00000007218bbd80) 
thrown [s\open\src\hotspot\share\interpreter\linkResolver.cpp, line 773]
Event: 18.490 Thread 0x00000240b62f2ef0 Exception <a 'sun/nio/fs/WindowsException'{0x0000000720902278}> (0x0000000720902278) 
thrown [s\open\src\hotspot\share\prims\jni.cpp, line 520]
Event: 18.490 Thread 0x00000240b62f2ef0 Exception <a 'sun/nio/fs/WindowsException'{0x0000000720903738}> (0x0000000720903738) 
thrown [s\open\src\hotspot\share\prims\jni.cpp, line 520]
Event: 18.556 Thread 0x00000240b62f2ef0 Implicit null exception at 0x00000240c8f9236e to 0x00000240c8f931e8
Event: 18.698 Thread 0x00000240b62f2ef0 Exception <a 'java/lang/NoSuchMethodError'{0x00000007ffcbb1c0}: 'int java.lang.invoke.DirectMethodHandle$Holder.invokeStatic(java.lang.Object, java.lang.Object, java.lang.Object, int, java.lang.Object, int)'> (0x00000007ffcbb1c0) 
thrown [s\open\src\hotspot\share\interpreter\linkResolver.cpp, line 773]
Event: 18.763 Thread 0x00000240b62f2ef0 Exception <a 'sun/nio/fs/WindowsException'{0x00000007ff7c88e0}> (0x00000007ff7c88e0) 
thrown [s\open\src\hotspot\share\prims\jni.cpp, line 520]
Event: 18.763 Thread 0x00000240b62f2ef0 Exception <a 'sun/nio/fs/WindowsException'{0x00000007ff7ca050}> (0x00000007ff7ca050) 
thrown [s\open\src\hotspot\share\prims\jni.cpp, line 520]
Event: 18.807 Thread 0x00000240b62f2ef0 Implicit null exception at 0x00000240c8cf9a78 to 0x00000240c8cfd7ec

ZGC Phase Switch (0 events):
No events

VM Operations (20 events):
Event: 14.686 Executing VM operation: G1CollectForAllocation (G1 Evacuation Pause) done
Event: 15.687 Executing VM operation: Cleanup
Event: 15.687 Executing VM operation: Cleanup done
Event: 16.253 Executing VM operation: HandshakeAllThreads (Deoptimize)
Event: 16.253 Executing VM operation: HandshakeAllThreads (Deoptimize) done
Event: 17.253 Executing VM operation: Cleanup
Event: 17.253 Executing VM operation: Cleanup done
Event: 18.253 Executing VM operation: Cleanup
Event: 18.253 Executing VM operation: Cleanup done
Event: 18.419 Executing VM operation: HandshakeAllThreads (Deoptimize)
Event: 18.419 Executing VM operation: HandshakeAllThreads (Deoptimize) done
Event: 18.563 Executing VM operation: G1CollectFull (System.gc())
Event: 18.684 Executing VM operation: G1CollectFull (System.gc()) done
Event: 18.716 Executing VM operation: HandshakeAllThreads (Deoptimize)
Event: 18.716 Executing VM operation: HandshakeAllThreads (Deoptimize) done
Event: 18.718 Executing VM operation: HandshakeAllThreads (Deoptimize)
Event: 18.718 Executing VM operation: HandshakeAllThreads (Deoptimize) done
Event: 18.830 Executing VM operation: G1CollectFull (System.gc())
Event: 18.913 Executing VM operation: G1CollectFull (System.gc()) done
Event: 18.931 Executing VM operation: Exit

Events (20 events):
Event: 18.877 Thread 0x00000240d72084e0 flushing nmethod 0x00000240c1e1ba90
Event: 18.877 Thread 0x00000240d72084e0 flushing nmethod 0x00000240c1e1bf90
Event: 18.877 Thread 0x00000240d72084e0 flushing nmethod 0x00000240c1e1cc10
Event: 18.877 Thread 0x00000240d72084e0 flushing nmethod 0x00000240c1e1cf90
Event: 18.877 Thread 0x00000240d72084e0 flushing nmethod 0x00000240c1e1d910
Event: 18.877 Thread 0x00000240d72084e0 flushing nmethod 0x00000240c1e1df10
Event: 18.877 Thread 0x00000240d72084e0 flushing nmethod 0x00000240c1e1e810
Event: 18.877 Thread 0x00000240d72084e0 flushing nmethod 0x00000240c1e1f610
Event: 18.877 Thread 0x00000240d72084e0 flushing nmethod 0x00000240c1e20310
Event: 18.877 Thread 0x00000240d72084e0 flushing nmethod 0x00000240c1ea9f10
Event: 18.877 Thread 0x00000240d72084e0 flushing nmethod 0x00000240c1eaae10
Event: 18.877 Thread 0x00000240d72084e0 flushing nmethod 0x00000240c1ead410
Event: 18.929 Thread 0x00000241205e6440 Thread added: 0x00000241205e6440
Event: 18.929 Thread 0x00000241205e6ad0 Thread added: 0x00000241205e6ad0
Event: 18.929 Thread 0x00000241205e7160 Thread added: 0x00000241205e7160
Event: 18.929 Thread 0x00000241205e77f0 Thread added: 0x00000241205e77f0
Event: 18.930 Thread 0x00000241205e6440 Thread exited: 0x00000241205e6440
Event: 18.930 Thread 0x00000241205e6ad0 Thread exited: 0x00000241205e6ad0
Event: 18.930 Thread 0x00000241205e7160 Thread exited: 0x00000241205e7160
Event: 18.930 Thread 0x00000241205e77f0 Thread exited: 0x00000241205e77f0


Dynamic libraries:
0x00007ff71c360000 - 0x00007ff71c370000 	C:\Program Files\Java\jdk-21\bin\java.exe
0x00007fffc9c20000 - 0x00007fffc9e80000 	C:\WINDOWS\SYSTEM32\ntdll.dll
0x00007fffc9360000 - 0x00007fffc9427000 	C:\WINDOWS\System32\KERNEL32.DLL
0x00007fffc73c0000 - 0x00007fffc778a000 	C:\WINDOWS\System32\KERNELBASE.dll
0x00007fffc78d0000 - 0x00007fffc7a1b000 	C:\WINDOWS\System32\ucrtbase.dll
0x00007fff66770000 - 0x00007fff6678b000 	C:\Program Files\Java\jdk-21\bin\VCRUNTIME140.dll
0x00007fff65860000 - 0x00007fff65879000 	C:\Program Files\Java\jdk-21\bin\jli.dll
0x00007fffc88d0000 - 0x00007fffc8982000 	C:\WINDOWS\System32\ADVAPI32.dll
0x00007fffc7b20000 - 0x00007fffc7bc9000 	C:\WINDOWS\System32\msvcrt.dll
0x00007fffc7bd0000 - 0x00007fffc7c76000 	C:\WINDOWS\System32\sechost.dll
0x00007fffc9000000 - 0x00007fffc9116000 	C:\WINDOWS\System32\RPCRT4.dll
0x00007fffc7c80000 - 0x00007fffc7e4c000 	C:\WINDOWS\System32\USER32.dll
0x00007fffc6ff0000 - 0x00007fffc7017000 	C:\WINDOWS\System32\win32u.dll
0x00007fffc92c0000 - 0x00007fffc92ea000 	C:\WINDOWS\System32\GDI32.dll
0x00007fffaeff0000 - 0x00007fffaf287000 	C:\WINDOWS\WinSxS\amd64_microsoft.windows.common-controls_6595b64144ccf1df_6.0.26100.3624_none_3e086962e3345f24\COMCTL32.dll
0x00007fffc7790000 - 0x00007fffc78c1000 	C:\WINDOWS\System32\gdi32full.dll
0x00007fffc7190000 - 0x00007fffc7233000 	C:\WINDOWS\System32\msvcp_win.dll
0x00007fffbf4b0000 - 0x00007fffbf4bb000 	C:\WINDOWS\SYSTEM32\VERSION.dll
0x00007fffc9530000 - 0x00007fffc955f000 	C:\WINDOWS\System32\IMM32.DLL
0x00007fffa6b20000 - 0x00007fffa6b2c000 	C:\Program Files\Java\jdk-21\bin\vcruntime140_1.dll
0x00007fff4c020000 - 0x00007fff4c0ae000 	C:\Program Files\Java\jdk-21\bin\msvcp140.dll
0x00007fff3a6f0000 - 0x00007fff3b408000 	C:\Program Files\Java\jdk-21\bin\server\jvm.dll
0x00007fffc8e10000 - 0x00007fffc8e84000 	C:\WINDOWS\System32\WS2_32.dll
0x00007fffc6530000 - 0x00007fffc658e000 	C:\WINDOWS\SYSTEM32\POWRPROF.dll
0x00007fffa51d0000 - 0x00007fffa5206000 	C:\WINDOWS\SYSTEM32\WINMM.dll
0x00007fffc6510000 - 0x00007fffc6524000 	C:\WINDOWS\SYSTEM32\UMPDC.dll
0x00007fffc5b30000 - 0x00007fffc5b4a000 	C:\WINDOWS\SYSTEM32\kernel.appcore.dll
0x00007fff9ccc0000 - 0x00007fff9ccca000 	C:\Program Files\Java\jdk-21\bin\jimage.dll
0x00007fffc45a0000 - 0x00007fffc47e1000 	C:\WINDOWS\SYSTEM32\DBGHELP.DLL
0x00007fffc8990000 - 0x00007fffc8d12000 	C:\WINDOWS\System32\combase.dll
0x00007fffc7a20000 - 0x00007fffc7af6000 	C:\WINDOWS\System32\OLEAUT32.dll
0x00007fffaa410000 - 0x00007fffaa449000 	C:\WINDOWS\SYSTEM32\dbgcore.DLL
0x00007fffc6ec0000 - 0x00007fffc6f59000 	C:\WINDOWS\System32\bcryptPrimitives.dll
0x00007fff56bf0000 - 0x00007fff56c0f000 	C:\Program Files\Java\jdk-21\bin\java.dll
0x00007fffc7e50000 - 0x00007fffc8579000 	C:\WINDOWS\System32\SHELL32.dll
0x00007fffc7020000 - 0x00007fffc7188000 	C:\WINDOWS\System32\wintypes.dll
0x00007fffc4a80000 - 0x00007fffc52d2000 	C:\WINDOWS\SYSTEM32\windows.storage.dll
0x00007fffc8d20000 - 0x00007fffc8e0d000 	C:\WINDOWS\System32\SHCORE.dll
0x00007fffc92f0000 - 0x00007fffc9354000 	C:\WINDOWS\System32\shlwapi.dll
0x00007fffc6d10000 - 0x00007fffc6d3f000 	C:\WINDOWS\SYSTEM32\profapi.dll
0x00007fff4bf40000 - 0x00007fff4c017000 	C:\Program Files\Java\jdk-21\bin\jsvml.dll
0x00007fff993c0000 - 0x00007fff993d0000 	C:\Program Files\Java\jdk-21\bin\net.dll
0x00007fffbf240000 - 0x00007fffbf35d000 	C:\WINDOWS\SYSTEM32\WINHTTP.dll
0x00007fffc60d0000 - 0x00007fffc613a000 	C:\WINDOWS\system32\mswsock.dll
0x00007fff4fda0000 - 0x00007fff4fdb6000 	C:\Program Files\Java\jdk-21\bin\nio.dll
0x00007fff50c50000 - 0x00007fff50c68000 	C:\Program Files\Java\jdk-21\bin\zip.dll
0x00007fffb08f0000 - 0x00007fffb0900000 	C:\Program Files\Java\jdk-21\bin\verify.dll
0x00007fffb08e0000 - 0x00007fffb08ea000 	C:\Program Files\Java\jdk-21\bin\management.dll
0x00007fff98fd0000 - 0x00007fff98fdb000 	C:\Program Files\Java\jdk-21\bin\management_ext.dll
0x00007fffc9570000 - 0x00007fffc9578000 	C:\WINDOWS\System32\PSAPI.DLL
0x00007fff98490000 - 0x00007fff984a8000 	C:\WINDOWS\system32\napinsp.dll
0x00007fffc5670000 - 0x00007fffc5795000 	C:\WINDOWS\SYSTEM32\DNSAPI.dll
0x00007fffc55e0000 - 0x00007fffc5613000 	C:\WINDOWS\SYSTEM32\IPHLPAPI.DLL
0x00007fffc9680000 - 0x00007fffc968a000 	C:\WINDOWS\System32\NSI.dll
0x00007fff99200000 - 0x00007fff99212000 	C:\WINDOWS\System32\winrnr.dll
0x00007fff984b0000 - 0x00007fff984e0000 	C:\WINDOWS\system32\nlansp_c.dll
0x00007fffbe1c0000 - 0x00007fffbe1d6000 	C:\WINDOWS\system32\wshbth.dll
0x00007fffc00c0000 - 0x00007fffc00cb000 	C:\Windows\System32\rasadhlp.dll
0x00007fffbd6e0000 - 0x00007fffbd765000 	C:\WINDOWS\System32\fwpuclnt.dll
0x00007fff93db0000 - 0x00007fff93e25000 	C:\Users\GaliOu\AppData\Local\Temp\lwjglGaliOu\3.3.1-build-7\lwjgl.dll
0x00007fff93d40000 - 0x00007fff93da1000 	C:\Users\GaliOu\AppData\Local\Temp\lwjglGaliOu\3.3.1-build-7\glfw.dll
0x00007fff93cf0000 - 0x00007fff93d3b000 	C:\WINDOWS\SYSTEM32\dinput8.dll
0x00007fffc1c30000 - 0x00007fffc1c42000 	C:\WINDOWS\SYSTEM32\xinput1_4.dll
0x00007fffc6a30000 - 0x00007fffc6a8f000 	C:\WINDOWS\SYSTEM32\cfgmgr32.dll
0x00007fffc6aa0000 - 0x00007fffc6acd000 	C:\WINDOWS\SYSTEM32\DEVOBJ.dll
0x00007fffc3ff0000 - 0x00007fffc4026000 	C:\WINDOWS\SYSTEM32\dwmapi.dll
0x00007fffab2c0000 - 0x00007fffab4a0000 	C:\WINDOWS\SYSTEM32\inputhost.dll
0x00007fffc31b0000 - 0x00007fffc32d6000 	C:\WINDOWS\SYSTEM32\CoreMessaging.dll
0x00007fffc3a30000 - 0x00007fffc3ade000 	C:\WINDOWS\system32\uxtheme.dll
0x00007fffc6300000 - 0x00007fffc630c000 	C:\WINDOWS\SYSTEM32\CRYPTBASE.DLL
0x00007fffc8ea0000 - 0x00007fffc8ffd000 	C:\WINDOWS\System32\MSCTF.dll
0x00007fff967b0000 - 0x00007fff968bc000 	C:\WINDOWS\SYSTEM32\opengl32.dll
0x00007fffa6f90000 - 0x00007fffa6fbd000 	C:\WINDOWS\SYSTEM32\GLU32.dll
0x00007fffc3cf0000 - 0x00007fffc3d37000 	C:\WINDOWS\SYSTEM32\dxcore.dll
0x00007fffc3c80000 - 0x00007fffc3cde000 	C:\WINDOWS\SYSTEM32\directxdatabasehelper.dll
0x00007fffb7300000 - 0x00007fffb731a000 	C:\WINDOWS\SYSTEM32\windows.staterepositorycore.dll
0x00007fff43bd0000 - 0x00007fff44ba3000 	C:\WINDOWS\System32\DriverStore\FileRepository\iigd_dch.inf_amd64_e31d62740aef2af9\igxelpicd64.dll
0x00007fffc9120000 - 0x00007fffc92b6000 	C:\WINDOWS\System32\ole32.dll
0x00007fffc3db0000 - 0x00007fffc3ede000 	C:\WINDOWS\system32\dxgi.dll
0x00007fff475b0000 - 0x00007fff47a37000 	C:\WINDOWS\System32\DriverStore\FileRepository\iigd_dch.inf_amd64_e31d62740aef2af9\igdml64.dll
0x00007fffbb5f0000 - 0x00007fffbb9b1000 	C:\WINDOWS\System32\DriverStore\FileRepository\iigd_dch.inf_amd64_e31d62740aef2af9\igdgmm64.dll
0x00007fffb7a90000 - 0x00007fffbac96000 	C:\WINDOWS\System32\DriverStore\FileRepository\iigd_dch.inf_amd64_e31d62740aef2af9\igc64.dll
0x00007fff51040000 - 0x00007fff51299000 	C:\Users\GaliOu\AppData\Local\Temp\lwjglGaliOu\3.3.1-build-7\jemalloc.dll
0x00007fff93c60000 - 0x00007fff93ce1000 	C:\Users\GaliOu\AppData\Local\Temp\lwjglGaliOu\3.3.1-build-7\lwjgl_stb.dll
0x00007fffb3950000 - 0x00007fffb3a99000 	C:\WINDOWS\SYSTEM32\textinputframework.dll
0x00007fffbdb80000 - 0x00007fffbde63000 	C:\WINDOWS\SYSTEM32\CoreUIComponents.dll
0x00007fff93c00000 - 0x00007fff93c5d000 	C:\Users\GaliOu\AppData\Local\Temp\lwjglGaliOu\3.3.1-build-7\lwjgl_opengl.dll
0x00007fffa4f90000 - 0x00007fffa4fde000 	C:\WINDOWS\SYSTEM32\pdh.dll
0x00007fffc04e0000 - 0x00007fffc04f2000 	C:\WINDOWS\System32\perfproc.dll
0x00007fff9cd10000 - 0x00007fff9cd21000 	C:\WINDOWS\System32\perfos.dll
0x00007fffc3b80000 - 0x00007fffc3b92000 	C:\WINDOWS\SYSTEM32\pfclient.dll
0x00007fffc65a0000 - 0x00007fffc65bc000 	C:\WINDOWS\SYSTEM32\CRYPTSP.dll
0x00007fffc5b50000 - 0x00007fffc5b8a000 	C:\WINDOWS\system32\rsaenh.dll
0x00007fffc6170000 - 0x00007fffc619b000 	C:\WINDOWS\SYSTEM32\USERENV.dll
0x00007fffc6ce0000 - 0x00007fffc6d06000 	C:\WINDOWS\SYSTEM32\bcrypt.dll
0x00007fff93480000 - 0x00007fff934c0000 	C:\Users\GaliOu\AppData\Local\Temp\jna-2125572157\jna13289455250920877785.dll
0x00007fffc8610000 - 0x00007fffc86b8000 	C:\WINDOWS\System32\clbcatq.dll
0x00007fffab9f0000 - 0x00007fffaba0d000 	C:\WINDOWS\SYSTEM32\amsi.dll
0x00007fffab810000 - 0x00007fffab8ab000 	C:\ProgramData\Microsoft\Windows Defender\Platform\4.18.25030.2-0\MpOav.dll
0x00007fff960a0000 - 0x00007fff960ae000 	C:\Program Files\Java\jdk-21\bin\sunmscapi.dll
0x00007fffc7240000 - 0x00007fffc73b7000 	C:\WINDOWS\System32\CRYPT32.dll
0x00007fffc66f0000 - 0x00007fffc6720000 	C:\WINDOWS\SYSTEM32\ncrypt.dll
0x00007fffc66a0000 - 0x00007fffc66df000 	C:\WINDOWS\SYSTEM32\NTASN1.dll
0x00007fff96710000 - 0x00007fff96719000 	C:\Program Files\Java\jdk-21\bin\extnet.dll
0x00007fffc00d0000 - 0x00007fffc0198000 	C:\WINDOWS\SYSTEM32\mscms.dll
0x00007fff83c60000 - 0x00007fff83ca9000 	C:\WINDOWS\SYSTEM32\icm32.dll
0x00007fff4dc20000 - 0x00007fff4ddb7000 	C:\Users\GaliOu\AppData\Local\Temp\lwjglGaliOu\3.3.1-build-7\OpenAL.dll
0x00007fffbed40000 - 0x00007fffbedda000 	C:\WINDOWS\System32\MMDevApi.dll
0x00007fff7ba90000 - 0x00007fff7bc03000 	C:\WINDOWS\System32\Speech\Common\sapi.dll
0x00007fffb7970000 - 0x00007fffb7978000 	C:\WINDOWS\system32\wshunix.dll
0x00007fffb4480000 - 0x00007fffb463d000 	C:\WINDOWS\SYSTEM32\AUDIOSES.DLL
0x00007fffc4370000 - 0x00007fffc4384000 	C:\WINDOWS\SYSTEM32\resourcepolicyclient.dll
0x00007fffadb60000 - 0x00007fffadd3c000 	C:\WINDOWS\system32\urlmon.dll
0x00007fffad890000 - 0x00007fffadb5b000 	C:\WINDOWS\SYSTEM32\iertutil.dll
0x00007fffad860000 - 0x00007fffad889000 	C:\WINDOWS\SYSTEM32\srvcli.dll
0x00007fffc55d0000 - 0x00007fffc55dd000 	C:\WINDOWS\SYSTEM32\netutils.dll
0x00007fffacb30000 - 0x00007fffacb42000 	C:\WINDOWS\system32\wbem\wbemprox.dll
0x00007fffacab0000 - 0x00007fffacb2a000 	C:\WINDOWS\SYSTEM32\wbemcomn.dll
0x00007fffae3d0000 - 0x00007fffae3e5000 	C:\WINDOWS\system32\wbem\wbemsvc.dll
0x00007fffabff0000 - 0x00007fffac0e0000 	C:\WINDOWS\system32\wbem\fastprox.dll

dbghelp: loaded successfully - version: 4.0.5 - missing functions: none
symbol engine: initialized successfully - sym options: 0x614 - pdb path: .;C:\Program Files\Java\jdk-21\bin;C:\WINDOWS\SYSTEM32;C:\WINDOWS\WinSxS\amd64_microsoft.windows.common-controls_6595b64144ccf1df_6.0.26100.3624_none_3e086962e3345f24;C:\Program Files\Java\jdk-21\bin\server;C:\Users\GaliOu\AppData\Local\Temp\lwjglGaliOu\3.3.1-build-7;C:\WINDOWS\System32\DriverStore\FileRepository\iigd_dch.inf_amd64_e31d62740aef2af9;C:\Users\GaliOu\AppData\Local\Temp\jna-2125572157;C:\ProgramData\Microsoft\Windows Defender\Platform\4.18.25030.2-0;C:\WINDOWS\System32\Speech\Common;C:\WINDOWS\system32\wbem

VM Arguments:
jvm_args: -Dforge.enableGameTest=true -Dforge.enabledGameTestNamespaces=branik_mod -Dforge.logging.console.level=debug -Dforge.logging.markers=REGISTRIES -DignoreList=bootstraplauncher,securejarhandler,asm-commons,asm-util,asm-analysis,asm-tree,asm,JarJarFileSystems,client-extra,fmlcore,javafmllanguage,lowcodelanguage,mclanguage,forge- -Djava.net.preferIPv6Addresses=system -DlegacyClassPath.file=C:\Users\GaliOu\Desktop\branik-mod-main\build\classpath\runClient_minecraftClasspath.txt -DmergeModules=jna-5.10.0.jar,jna-platform-5.10.0.jar --module-path=C:\Users\GaliOu\.gradle\caches\modules-2\files-2.1\cpw.mods\bootstraplauncher\1.1.2\c546e00443d8432cda6baa1c860346980742628\bootstraplauncher-1.1.2.jar;C:\Users\GaliOu\.gradle\caches\modules-2\files-2.1\cpw.mods\securejarhandler\2.1.10\51e6a22c6c716beb11e244bf5b8be480f51dd6b5\securejarhandler-2.1.10.jar;C:\Users\GaliOu\.gradle\caches\modules-2\files-2.1\org.ow2.asm\asm-commons\9.5\19ab5b5800a3910d30d3a3e64fdb00fd0cb42de0\asm-commons-9.5.jar;C:\Users\GaliOu\.gradle\caches\modules-2\files-2.1\org.ow2.asm\asm-util\9.5\64b5a1fc8c1b15ed2efd6a063e976bc8d3dc5ffe\asm-util-9.5.jar;C:\Users\GaliOu\.gradle\caches\modules-2\files-2.1\org.ow2.asm\asm-analysis\9.5\490bacc77de7cbc0be1a30bb3471072d705be4a4\asm-analysis-9.5.jar;C:\Users\GaliOu\.gradle\caches\modules-2\files-2.1\org.ow2.asm\asm-tree\9.5\fd33c8b6373abaa675be407082fdfda35021254a\asm-tree-9.5.jar;C:\Users\GaliOu\.gradle\caches\modules-2\files-2.1\org.ow2.asm\asm\9.5\dc6ea1875f4d64fbc85e1691c95b96a3d8569c90\asm-9.5.jar;C:\Users\GaliOu\.gradle\caches\modules-2\files-2.1\net.minecraftforge\JarJarFileSystems\0.3.19\2464eb7d6b9ddb9db36a82cf8a95193e5c6fe020\JarJarFileSystems-0.3.19.jar --add-modules=ALL-MODULE-PATH --add-opens=java.base/java.util.jar=cpw.mods.securejarhandler --add-opens=java.base/java.lang.invoke=cpw.mods.securejarhandler --add-exports=java.base/sun.security.util=cpw.mods.securejarhandler --add-exports=jdk.naming.dns/com.sun.jndi.dns=java.naming -XX:HeapDumpPath=MojangTricksIntelDriversForPerformance_javaw.exe_minecraft.exe.heapdump --module-path=C:\Users\GaliOu\.gradle\caches\modules-2\files-2.1\cpw.mods\bootstraplauncher\1.1.2\c546e00443d8432cda6baa1c860346980742628\bootstraplauncher-1.1.2.jar;C:\Users\GaliOu\.gradle\caches\modules-2\files-2.1\cpw.mods\securejarhandler\2.1.10\51e6a22c6c716beb11e244bf5b8be480f51dd6b5\securejarhandler-2.1.10.jar;C:\Users\GaliOu\.gradle\caches\modules-2\files-2.1\org.ow2.asm\asm-commons\9.5\19ab5b5800a3910d30d3a3e64fdb00fd0cb42de0\asm-commons-9.5.jar;C:\Users\GaliOu\.gradle\caches\modules-2\files-2.1\org.ow2.asm\asm-util\9.5\64b5a1fc8c1b15ed2efd6a063e976bc8d3dc5ffe\asm-util-9.5.jar;C:\Users\GaliOu\.gradle\caches\modules-2\files-2.1\org.ow2.asm\asm-analysis\9.5\490bacc77de7cbc0be1a30bb3471072d705be4a4\asm-analysis-9.5.jar;C:\Users\GaliOu\.gradle\caches\modules-2\files-2.1\org.ow2.asm\asm-tree\9.5\fd33c8b6373abaa675be407082fdfda35021254a\asm-tree-9.5.jar;C:\Users\GaliOu\.gradle\caches\modules-2\files-2.1\org.ow2.asm\asm\9.5\dc6ea1875f4d64fbc85e1691c95b96a3d8569c90\asm-9.5.jar;C:\Users\GaliOu\.gradle\caches\modules-2\files-2.1\net.minecraftforge\JarJarFileSystems\0.3.19\2464eb7d6b9ddb9db36a82cf8a95193e5c6fe020\JarJarFileSystems-0.3.19.jar --add-modules=ALL-MODULE-PATH --add-opens=java.base/java.util.jar=cpw.mods.securejarhandler --add-opens=java.base/java.lang.invoke=cpw.mods.securejarhandler --add-exports=java.base/sun.security.util=cpw.mods.securejarhandler --add-exports=jdk.naming.dns/com.sun.jndi.dns=java.naming -XX:HeapDumpPath=MojangTricksIntelDriversForPerformance_javaw.exe_minecraft.exe.heapdump -Dfile.encoding=UTF-8 -Duser.country=CZ -Duser.language=cs -Duser.variant 
java_command: cpw.mods.bootstraplauncher.BootstrapLauncher --launchTarget forgeclientuserdev --version MOD_DEV --assetIndex 5 --assetsDir C:\Users\GaliOu\.gradle\caches\forge_gradle\assets --gameDir . --fml.forgeVersion 47.2.0 --fml.mcVersion 1.20.1 --fml.forgeGroup net.minecraftforge --fml.mcpVersion 20230612.114412
java_class_path (initial): C:\Users\GaliOu\Desktop\branik-mod-main\build\classes\java\main;C:\Users\GaliOu\Desktop\branik-mod-main\build\classes\kotlin\main;C:\Users\GaliOu\Desktop\branik-mod-main\build\resources\main;C:\Users\GaliOu\.gradle\caches\modules-2\files-2.1\org.jetbrains.kotlin\kotlin-stdlib\2.0.0\b48df2c4aede9586cc931ead433bc02d6fd7879e\kotlin-stdlib-2.0.0.jar;C:\Users\GaliOu\.gradle\caches\modules-2\files-2.1\thedarkcolour\kotlinforforge\4.11.0\a1b4a8bfd43ae2382200f3157897083bed242088\kotlinforforge-4.11.0-all.jar;C:\Users\GaliOu\.gradle\caches\forge_gradle\deobf_dependencies\curse\maven\ctm-267602\2642375_mapped_parchment_2023.09.03-1.20.1\ctm-267602-2642375_mapped_parchment_2023.09.03-1.20.1.jar;C:\Users\GaliOu\.gradle\caches\forge_gradle\deobf_dependencies\curse\maven\jei-238222\6075247_mapped_parchment_2023.09.03-1.20.1\jei-238222-6075247_mapped_parchment_2023.09.03-1.20.1.jar;C:\Users\GaliOu\.gradle\caches\forge_gradle\deobf_dependencies\curse\maven\thermal-expansion-69163\5372749_mapped_parchment_2023.09.03-1.20.1\thermal-expansion-69163-5372749_mapped_parchment_2023.09.03-1.20.1.jar;C:\Users\GaliOu\.gradle\caches\forge_gradle\deobf_dependencies\curse\maven\thermal-dynamics-227443\5372747_mapped_parchment_2023.09.03-1.20.1\thermal-dynamics-227443-5372747_mapped_parchment_2023.09.03-1.20.1.jar;C:\Users\GaliOu\.gradle\caches\forge_gradle\deobf_dependencies\curse\maven\thermal-foundation-222880\5443583_mapped_parchment_2023.09.03-1.20.1\thermal-foundation-222880-5443583_mapped_parchment_2023.09.03-1.20.1.jar;C:\Users\GaliOu\.gradle\caches\forge_gradle\deobf_dependencies\curse\maven\cofh-core-69162\5374122_mapped_parchment_2023.09.03-1.20.1\cofh-core-69162-5374122_mapped_parchment_2023.09.03-1.20.1.jar;C:\Users\GaliOu\.gradle\caches\forge_gradle\deobf_dependencies\curse\maven\pipez-443900\4916633_mapped_parchment_2023.09.03-1.20.1\pipez-443900-4916633_mapped_parchment_2023.09.03-1.20.1.jar;C:\Users\GaliOu\.gradle\caches\forge_gradle\minecraft_user_repo\net\minecraftforge\forge\1.20.1-47.2.0_mapped_parchment_2023.09.03-1.20.1\forge-1.20.1-47.2.0_mapped_parchment_2023.09.03-1.20.1.jar;C:\Users\GaliOu\.gradle\caches\forge_gradle\deobf_dependencies\curse\maven\jade-324717\6271651_mapped_parchment_2023.09.03-1.20.1\jade-324717-6271651_mapped_parchment_2023.09.03-1.20.1.jar;C:\Users\GaliOu\.gradle\caches\forge_gradle\minecraft_repo\versions\1.20.1\client-extra.jar;C:\Users\GaliOu\.gradle\caches\modules-2\files-2.1\org.jetbrains\annotations\24.0.1\13c5c75c4206580aa4d683bffee658caae6c9f43\annotations-24.0.1.jar;C:\Users\GaliOu\.gradle\caches\modules-2\files-2.1\net.minecraftforge\fmlearlydisplay\1.20.1-47.2.0\4c56a03dcedcb909c7eaa8469dd5a36c493a0008\fmlearlydisplay-1.20.1-47.2.0.jar;C:\Users\GaliOu\.gradle\caches\modules-2\files-2.1\net.minecraftforge\javafmllanguage\1.20.1-47.2.0\7f9181f85acc66547685a72020713fc8cbde98\javafmllanguage-1.20.1-47.2.0.jar;C:\Users\GaliOu\.gradle\caches\modules-2\files-2.1\net.minecraftforge\lowcodelanguage\1.20.1-47.2.0\7872f5205685fdd26fae39b1be79b0e60ca5b7bd\lowcodelanguage-1.20.1-47.2.0.jar;C:\Users\GaliOu\.gradle\caches\modules-2\files-2.1\net.minecraftforge\mclanguage\1.20.1-47.2.0\d501d161cabed08b3c139a2c6217b02a39f3c3e9\mclanguage-1.20.1-47.2.0.jar;C:\Users\GaliOu\.gradle\caches\modules-2\files-2.1\net.minecraftforge\fmlcore\1.20.1-47.2.0\ffd3c6debac0a388c9e33ac43c9f5eafb91cb466\fmlcore-1.20.1-47.2.0.jar;C:\Users\GaliOu\.gradle\caches\modules-2\files-2.1\net.minecraftforge\fmlloader\1.20.1-47.2.0\7811231940c0a8b6008453bbc64fdf7fa1280fe9\fmlloader-1.20.1-47.2.0.jar;C:\Users\GaliOu\.gradle\caches\modules-2\files-2.1\net.minecraftforge\JarJarSelector\0.3.19\376cc9c8ea60720cf027c01fc033de915699801c\JarJarSelector-0.3.19.jar;C:\Users\GaliOu\.gradle\caches\modules-2\files-2.1\net.minecraftforge\JarJarMetadata\0.3.19\83feaa9b770e6ac0e96ee4fc23fa89325c5fe2\JarJarMetadata-0.3.19.jar;C:\Users\GaliOu\.gradle\caches\modules-2\files-2.1\com.google.guava\guava\31.1-jre\60458f877d055d0c9114d9e1a2efb737b4bc282c\guava-31.1-jre.jar;C:\Users\GaliOu\.gradle\caches\modules-2\files-2.1\com.google.code.findbugs\jsr305\3.0.2\25ea2e8b0c338a877313bd4672d3fe056ea78f0d\jsr305-3.0.2.jar;C:\Users\GaliOu\.gradle\caches\modules-2\files-2.1\ca.weblite\java-objc-bridge\1.1\1227f9e0666314f9de41477e3ec277e542ed7f7b\java-objc-bridge-1.1.jar;C:\Users\GaliOu\.gradle\caches\modules-2\files-2.1\net.minecraftforge\coremods\5.0.1\386b00279628b105b2d507539c46e134e96f6237\coremods-5.0.1.jar;C:\Users\GaliOu\.gradle\caches\modules-2\files-2.1\net.minecraftforge\forgespi\7.0.1\3b4972a0cdb135853dba219be61a79b22cff1309\forgespi-7.0.1.jar;C:\Users\GaliOu\.gradle\caches\modules-2\files-2.1\net.minecraftforge\mergetool\1.1.5\f3da18e12c696d35a47c82cbb2cc8b5aa15e1154\mergetool-1.1.5-api.jar;C:\Users\GaliOu\.gradle\caches\parchmentgradle\org\parchmentmc\data\parchment-1.20.1\2023.09.03\parchment-1.20.1-2023.09.03.zip;C:\Users\GaliOu\.gradle\caches\modules-2\files-2.1\net.minecraftforge\accesstransformers\8.0.4\272d240aa73f42195b2a68e2ebd8b701ecf41f63\accesstransformers-8.0.4.jar;C:\Users\GaliOu\.gradle\caches\modules-2\files-2.1\net.minecraftforge\eventbus\6.0.5\699143dd438431d06b57416944f7cedbe52e1475\eventbus-6.0.5.jar;C:\Users\GaliOu\.gradle\caches\modules-2\files-2.1\cpw.mods\modlauncher\10.0.9\6d9443f56f50bb85cea383686ff9c867391458b\modlauncher-10.0.9.jar;C:\Users\GaliOu\.gradle\caches\modules-2\files-2.1\cpw.mods\bootstraplauncher\1.1.2\c546e00443d8432cda6baa1c860346980742628\bootstraplauncher-1.1.2.jar;C:\Users\GaliOu\.gradle\caches\modules-2\files-2.1\cpw.mods\securejarhandler\2.1.10\51e6a22c6c716beb11e244bf5b8be480f51dd6b5\securejarhandler-2.1.10.jar;C:\Users\GaliOu\.gradle\caches\modules-2\files-2.1\org.openjdk.nashorn\nashorn-core\15.3\43977e804697048fc8d81d333a36c17d07a5b3dd\nashorn-core-15.3.jar;C:\Users\GaliOu\.gradle\caches\modules-2\files-2.1\org.ow2.asm\asm-commons\9.5\19ab5b5800a3910d30d3a3e64fdb00fd0cb42de0\asm-commons-9.5.jar;C:\Users\GaliOu\.gradle\caches\modules-2\files-2.1\org.ow2.asm\asm-util\9.5\64b5a1fc8c1b15ed2efd6a063e976bc8d3dc5ffe\asm-util-9.5.jar;C:\Users\GaliOu\.gradle\caches\modules-2\files-2.1\org.ow2.asm\asm-analysis\9.5\490bacc77de7cbc0be1a30bb3471072d705be4a4\asm-analysis-9.5.jar;C:\Users\GaliOu\.gradle\caches\modules-2\files-2.1\org.ow2.asm\asm-tree\9.5\fd33c8b6373abaa675be407082fdfda35021254a\asm-tree-9.5.jar;C:\Users\GaliOu\.gradle\caches\modules-2\files-2.1\org.ow2.asm\asm\9.5\dc6ea1875f4d64fbc85e1691c95b96a3d8569c90\asm-9.5.jar;C:\Users\GaliOu\.gradle\caches\modules-2\files-2.1\org.antlr\antlr4\4.9.1\e92af8ab33e428461927b484e90bb155a4f3a052\antlr4-4.9.1.jar;C:\Users\GaliOu\.gradle\caches\modules-2\files-2.1\org.antlr\antlr4-runtime\4.9.1\428664f05d2b7f7b7610204b5aa7c1763f62011a\antlr4-runtime-4.9.1.jar;C:\Users\GaliOu\.gradle\caches\modules-2\files-2.1\net.minecraftforge\unsafe\0.2.0\54d7a0a5e8fdb71b973025caa46f341ae5904f39\unsafe-0.2.0.jar;C:\Users\GaliOu\.gradle\caches\modules-2\files-2.1\com.electronwill.night-config\toml\3.6.4\51d6cefb2b55ee55ee26b16391212fb2c7dfb4f4\toml-3.6.4.jar;C:\Users\GaliOu\.gradle\caches\modules-2\files-2.1\com.electronwill.night-config\core\3.6.4\510f174abbf1c947494db50ef2445683bd52c230\core-3.6.4.jar;C:\Users\GaliOu\.gradle\caches\modules-2\files-2.1\org.apache.maven\maven-artifact\3.8.5\4433f50c07debefaed0553bd0068f4f48d449313\maven-artifact-3.8.5.jar;C:\Users\GaliOu\.gradle\caches\modules-2\files-2.1\net.jodah\typetools\0.6.3\a01aaa6ddaea9ec07ec4f209487b7a46a526283a\typetools-0.6.3.jar;C:\Users\GaliOu\.gradle\caches\modules-2\files-2.1\net.minecrell\terminalconsoleappender\1.2.0\96d02cd3b384ff015a8fef4223bcb4ccf1717c95\terminalconsoleappender-1.2.0.jar;C:\Users\GaliOu\.gradle\caches\modules-2\files-2.1\org.jline\jline-reader\3.12.1\4382ab1382c7b6f379377ed5f665dc2f6e1218bc\jline-reader-3.12.1.jar;C:\Users\GaliOu\.gradle\caches\modules-2\files-2.1\org.jline\jline-terminal\3.12.1\c777448314e050d980a6b697c140f3bfe9eb7416\jline-terminal-3.12.1.jar;C:\Users\GaliOu\.gradle\caches\modules-2\files-2.1\org.spongepowered\mixin\0.8.5\9d1c0c3a304ae6697ecd477218fa61b850bf57fc\mixin-0.8.5.jar;C:\Users\GaliOu\.gradle\caches\modules-2\files-2.1\net.minecraftforge\JarJarFileSystems\0.3.19\2464eb7d6b9ddb9db36a82cf8a95193e5c6fe020\JarJarFileSystems-0.3.19.jar;C:\Users\GaliOu\.gradle\caches\modules-2\files-2.1\com.github.oshi\oshi-core\6.2.2\54f5efc19bca95d709d9a37d19ffcbba3d21c1a6\oshi-core-6.2.2.jar;C:\Users\GaliOu\.gradle\caches\modules-2\files-2.1\com.google.code.gson\gson\2.10\dd9b193aef96e973d5a11ab13cd17430c2e4306b\gson-2.10.jar;C:\Users\GaliOu\.gradle\caches\modules-2\files-2.1\com.google.guava\failureaccess\1.0.1\1dcf1de382a0bf95a3d8b0849546c88bac1292c9\failureaccess-1.0.1.jar;C:\Users\GaliOu\.gradle\caches\modules-2\files-2.1\com.ibm.icu\icu4j\71.1\9e7d3304c23f9ba5cb71915f7cce23231a57a445\icu4j-71.1.jar;C:\Users\GaliOu\.gradle\caches\modules-2\files-2.1\com.mojang\authlib\4.0.43\2ff9d747a77570a07a60d32ac77eb6162ad2a2d9\authlib-4.0.43.jar;C:\Users\GaliOu\.gradle\caches\modules-2\files-2.1\com.mojang\blocklist\1.0.10\5c685c5ffa94c4cd39496c7184c1d122e515ecef\blocklist-1.0.10.jar;C:\Users\GaliOu\.gradle\caches\modules-2\files-2.1\com.mojang\brigadier\1.1.8\5244ce82c3337bba4a196a3ce858bfaecc74404a\brigadier-1.1.8.jar;C:\Users\GaliOu\.gradle\caches\modules-2\files-2.1\com.mojang\datafixerupper\6.0.8\3ba4a30557a9b057760af4011f909ba619fc5125\datafixerupper-6.0.8.jar;C:\Users\GaliOu\.gradle\caches\modules-2\files-2.1\com.mojang\logging\1.1.1\832b8e6674a9b325a5175a3a6267dfaf34c85139\logging-1.1.1.jar;C:\Users\GaliOu\.gradle\caches\modules-2\files-2.1\com.mojang\patchy\2.2.10\da05971b07cbb379d002cf7eaec6a2048211fefc\patchy-2.2.10.jar;C:\Users\GaliOu\.gradle\caches\modules-2\files-2.1\com.mojang\text2speech\1.17.9\3cad216e3a7f0c19b4b394388bc9ffc446f13b14\text2speech-1.17.9.jar;C:\Users\GaliOu\.gradle\caches\modules-2\files-2.1\org.apache.httpcomponents\httpclient\4.5.13\e5f6cae5ca7ecaac1ec2827a9e2d65ae2869cada\httpclient-4.5.13.jar;C:\Users\GaliOu\.gradle\caches\modules-2\files-2.1\commons-codec\commons-codec\1.15\49d94806b6e3dc933dacbd8acb0fdbab8ebd1e5d\commons-codec-1.15.jar;C:\Users\GaliOu\.gradle\caches\modules-2\files-2.1\commons-io\commons-io\2.11.0\a2503f302b11ebde7ebc3df41daebe0e4eea3689\commons-io-2.11.0.jar;C:\Users\GaliOu\.gradle\caches\modules-2\files-2.1\commons-logging\commons-logging\1.2\4bfc12adfe4842bf07b657f0369c4cb522955686\commons-logging-1.2.jar;C:\Users\GaliOu\.gradle\caches\modules-2\files-2.1\io.netty\netty-handler\4.1.82.Final\644041d1fa96a5d3130a29e8978630d716d76e38\netty-handler-4.1.82.Final.jar;C:\Users\GaliOu\.gradle\caches\modules-2\files-2.1\io.netty\netty-codec\4.1.82.Final\b77200379acb345a9ffdece1c605e591ac3e4e0a\netty-codec-4.1.82.Final.jar;C:\Users\GaliOu\.gradle\caches\modules-2\files-2.1\io.netty\netty-transport-classes-epoll\4.1.82.Final\e7c7dd18deac93105797f30057c912651ea76521\netty-transport-classes-epoll-4.1.82.Final.jar;C:\Users\GaliOu\.gradle\caches\modules-2\files-2.1\io.netty\netty-transport-native-unix-common\4.1.82.Final\3e895b35ca1b8a0eca56cacff4c2dde5d2c6abce\netty-transport-native-unix-common-4.1.82.Final.jar;C:\Users\GaliOu\.gradle\caches\modules-2\files-2.1\io.netty\netty-transport\4.1.82.Final\e431a218d91acb6476ccad5f5aafde50aa3945ca\netty-transport-4.1.82.Final.jar;C:\Users\GaliOu\.gradle\caches\modules-2\files-2.1\io.netty\netty-buffer\4.1.82.Final\a544270cf1ae8b8077082f5036436a9a9971ea71\netty-buffer-4.1.82.Final.jar;C:\Users\GaliOu\.gradle\caches\modules-2\files-2.1\io.netty\netty-resolver\4.1.82.Final\38f665ae8dcd29032eea31245ba7806bed2e0fa8\netty-resolver-4.1.82.Final.jar;C:\Users\GaliOu\.gradle\caches\modules-2\files-2.1\io.netty\netty-common\4.1.82.Final\22d148e85c3f5ebdacc0ce1f5aabb1d420f73f3\netty-common-4.1.82.Final.jar;C:\Users\GaliOu\.gradle\caches\modules-2\files-2.1\it.unimi.dsi\fastutil\8.5.9\bb7ea75ecdb216654237830b3a96d87ad91f8cc5\fastutil-8.5.9.jar;C:\Users\GaliOu\.gradle\caches\modules-2\files-2.1\net.java.dev.jna\jna-platform\5.12.1\97406a297c852f4a41e688a176ec675f72e8329\jna-platform-5.12.1.jar;C:\Users\GaliOu\.gradle\caches\modules-2\files-2.1\net.java.dev.jna\jna\5.12.1\b1e93a735caea94f503e95e6fe79bf9cdc1e985d\jna-5.12.1.jar;C:\Users\GaliOu\.gradle\caches\modules-2\files-2.1\net.sf.jopt-simple\jopt-simple\5.0.4\4fdac2fbe92dfad86aa6e9301736f6b4342a3f5c\jopt-simple-5.0.4.jar;C:\Users\GaliOu\.gradle\caches\modules-2\files-2.1\org.apache.commons\commons-compress\1.21\4ec95b60d4e86b5c95a0e919cb172a0af98011ef\commons-compress-1.21.jar;C:\Users\GaliOu\.gradle\caches\modules-2\files-2.1\org.apache.commons\commons-lang3\3.12.0\c6842c86792ff03b9f1d1fe2aab8dc23aa6c6f0e\commons-lang3-3.12.0.jar;C:\Users\GaliOu\.gradle\caches\modules-2\files-2.1\org.apache.httpcomponents\httpcore\4.4.15\7f2e0c573eaa7a74bac2e89b359e1f73d92a0a1d\httpcore-4.4.15.jar;C:\Users\GaliOu\.gradle\caches\modules-2\files-2.1\org.apache.logging.log4j\log4j-core\2.19.0\3b6eeb4de4c49c0fe38a4ee27188ff5fee44d0bb\log4j-core-2.19.0.jar;C:\Users\GaliOu\.gradle\caches\modules-2\files-2.1\org.apache.logging.log4j\log4j-slf4j2-impl\2.19.0\5c04bfdd63ce9dceb2e284b81e96b6a70010ee10\log4j-slf4j2-impl-2.19.0.jar;C:\Users\GaliOu\.gradle\caches\modules-2\files-2.1\org.apache.logging.log4j\log4j-api\2.19.0\ea1b37f38c327596b216542bc636cfdc0b8036fa\log4j-api-2.19.0.jar;C:\Users\GaliOu\.gradle\caches\modules-2\files-2.1\org.joml\joml\1.10.5\22566d58af70ad3d72308bab63b8339906deb649\joml-1.10.5.jar;C:\Users\GaliOu\.gradle\caches\modules-2\files-2.1\org.lwjgl\lwjgl-glfw\3.3.1\cbac1b8d30cb4795149c1ef540f912671a8616d0\lwjgl-glfw-3.3.1.jar;C:\Users\GaliOu\.gradle\caches\modules-2\files-2.1\org.lwjgl\lwjgl-glfw\3.3.1\ed892f945cf7e79c8756796f32d00fa4ceaf573b\lwjgl-glfw-3.3.1-natives-windows.jar;C:\Users\GaliOu\.gradle\caches\modules-2\files-2.1\org.lwjgl\lwjgl-glfw\3.3.1\beda65ee503443e60aa196d58ed31f8d001dc22a\lwjgl-glfw-3.3.1-natives-windows-arm64.jar;C:\Users\GaliOu\.gradle\caches\modules-2\files-2.1\org.lwjgl\lwjgl-glfw\3.3.1\b997e3391d6ce8f05487e7335d95c606043884a1\lwjgl-glfw-3.3.1-natives-windows-x86.jar;C:\Users\GaliOu\.gradle\caches\modules-2\files-2.1\org.lwjgl\lwjgl-jemalloc\3.3.1\a817bcf213db49f710603677457567c37d53e103\lwjgl-jemalloc-3.3.1.jar;C:\Users\GaliOu\.gradle\caches\modules-2\files-2.1\org.lwjgl\lwjgl-jemalloc\3.3.1\948a89b76a16aa324b046ae9308891216ffce5f9\lwjgl-jemalloc-3.3.1-natives-windows.jar;C:\Users\GaliOu\.gradle\caches\modules-2\files-2.1\org.lwjgl\lwjgl-jemalloc\3.3.1\cae85c4edb219c88b6a0c26a87955ad98dc9519d\lwjgl-jemalloc-3.3.1-natives-windows-arm64.jar;C:\Users\GaliOu\.gradle\caches\modules-2\files-2.1\org.lwjgl\lwjgl-jemalloc\3.3.1\fb476c8ec110e1c137ad3ce8a7f7bfe6b11c6324\lwjgl-jemalloc-3.3.1-natives-windows-x86.jar;C:\Users\GaliOu\.gradle\caches\modules-2\files-2.1\org.lwjgl\lwjgl-openal\3.3.1\2623a6b8ae1dfcd880738656a9f0243d2e6840bd\lwjgl-openal-3.3.1.jar;C:\Users\GaliOu\.gradle\caches\modules-2\files-2.1\org.lwjgl\lwjgl-openal\3.3.1\30a474d0e57193d7bc128849a3ab66bc9316fdb1\lwjgl-openal-3.3.1-natives-windows.jar;C:\Users\GaliOu\.gradle\caches\modules-2\files-2.1\org.lwjgl\lwjgl-openal\3.3.1\40d65f1a7368a2aa47336f9cb69f5a190cf9975a\lwjgl-openal-3.3.1-natives-windows-arm64.jar;C:\Users\GaliOu\.gradle\caches\modules-2\files-2.1\org.lwjgl\lwjgl-openal\3.3.1\888349f7b1be6fbae58bf8edfb9ef12def04c4e3\lwjgl-openal-3.3.1-natives-windows-x86.jar;C:\Users\GaliOu\.gradle\caches\modules-2\files-2.1\org.lwjgl\lwjgl-opengl\3.3.1\831a5533a21a5f4f81bbc51bb13e9899319b5411\lwjgl-opengl-3.3.1.jar;C:\Users\GaliOu\.gradle\caches\modules-2\files-2.1\org.lwjgl\lwjgl-opengl\3.3.1\c1807e9bd571402787d7e37e3029776ae2513bb8\lwjgl-opengl-3.3.1-natives-windows.jar;C:\Users\GaliOu\.gradle\caches\modules-2\files-2.1\org.lwjgl\lwjgl-opengl\3.3.1\527d78f1e9056aff3ed02ce93019c73c5e8f1721\lwjgl-opengl-3.3.1-natives-windows-arm64.jar;C:\Users\GaliOu\.gradle\caches\modules-2\files-2.1\org.lwjgl\lwjgl-opengl\3.3.1\deef3eb9b178ff2ff3ce893cc72ae741c3a17974\lwjgl-opengl-3.3.1-natives-windows-x86.jar;C:\Users\GaliOu\.gradle\caches\modules-2\files-2.1\org.lwjgl\lwjgl-stb\3.3.1\b119297cf8ed01f247abe8685857f8e7fcf5980f\lwjgl-stb-3.3.1.jar;C:\Users\GaliOu\.gradle\caches\modules-2\files-2.1\org.lwjgl\lwjgl-stb\3.3.1\86315914ac119efdb02dc9e8e978ade84f1702af\lwjgl-stb-3.3.1-natives-windows.jar;C:\Users\GaliOu\.gradle\caches\modules-2\files-2.1\org.lwjgl\lwjgl-stb\3.3.1\fde63cdd2605c00636721a6c8b961e41d1f6b247\lwjgl-stb-3.3.1-natives-windows-arm64.jar;C:\Users\GaliOu\.gradle\caches\modules-2\files-2.1\org.lwjgl\lwjgl-stb\3.3.1\a8d41f419eecb430b7c91ea2ce2c5c451cae2091\lwjgl-stb-3.3.1-natives-windows-x86.jar;C:\Users\GaliOu\.gradle\caches\modules-2\files-2.1\org.lwjgl\lwjgl-tinyfd\3.3.1\ff1914111ef2e3e0110ef2dabc8d8cdaad82347\lwjgl-tinyfd-3.3.1.jar;C:\Users\GaliOu\.gradle\caches\modules-2\files-2.1\org.lwjgl\lwjgl-tinyfd\3.3.1\a5d830475ec0958d9fdba1559efa99aef211e6ff\lwjgl-tinyfd-3.3.1-natives-windows.jar;C:\Users\GaliOu\.gradle\caches\modules-2\files-2.1\org.lwjgl\lwjgl-tinyfd\3.3.1\83a5e780df610829ff3a737822b4f931cffecd91\lwjgl-tinyfd-3.3.1-natives-windows-arm64.jar;C:\Users\GaliOu\.gradle\caches\modules-2\files-2.1\org.lwjgl\lwjgl-tinyfd\3.3.1\842eedd876fae354abc308c98a263f6bbc9e8a4d\lwjgl-tinyfd-3.3.1-natives-windows-x86.jar;C:\Users\GaliOu\.gradle\caches\modules-2\files-2.1\org.lwjgl\lwjgl\3.3.1\ae58664f88e18a9bb2c77b063833ca7aaec484cb\lwjgl-3.3.1.jar;C:\Users\GaliOu\.gradle\caches\modules-2\files-2.1\org.lwjgl\lwjgl\3.3.1\36c37f16ab611b3aa11f3bcf80b1d509b4ce6b\lwjgl-3.3.1-natives-windows.jar;C:\Users\GaliOu\.gradle\caches\modules-2\files-2.1\org.lwjgl\lwjgl\3.3.1\f46cadcf95675908fd3a550d63d9d709cb68998\lwjgl-3.3.1-natives-windows-arm64.jar;C:\Users\GaliOu\.gradle\caches\modules-2\files-2.1\org.lwjgl\lwjgl\3.3.1\3b14f4beae9dd39791ec9e12190a9380cd8a3ce6\lwjgl-3.3.1-natives-windows-x86.jar;C:\Users\GaliOu\.gradle\caches\modules-2\files-2.1\com.machinezoo.noexception\noexception\1.7.1\b65330c98e38a1f915fa54a6e5eca496505e3f0a\noexception-1.7.1.jar;C:\Users\GaliOu\.gradle\caches\modules-2\files-2.1\org.slf4j\slf4j-simple\1.7.30\e606eac955f55ecf1d8edcccba04eb8ac98088dd\slf4j-simple-1.7.30.jar;C:\Users\GaliOu\.gradle\caches\modules-2\files-2.1\org.slf4j\slf4j-api\2.0.1\f48d81adce2abf5ad3cfe463df517952749e03bc\slf4j-api-2.0.1.jar;C:\Users\GaliOu\.gradle\caches\modules-2\files-2.1\net.minecraftforge\srgutils\0.4.11\fbad1341ffdb47d276bbdc40ecb06da49e053e74\srgutils-0.4.11.jar;C:\Users\GaliOu\.gradle\caches\modules-2\files-2.1\org.codehaus.plexus\plexus-utils\3.3.0\cf43b5391de623b36fe066a21127baef82c64022\plexus-utils-3.3.0.jar;C:\Users\GaliOu\.gradle\caches\modules-2\files-2.1\com.google.guava\listenablefuture\9999.0-empty-to-avoid-conflict-with-guava\b421526c5f297295adef1c886e5246c39d4ac629\listenablefuture-9999.0-empty-to-avoid-conflict-with-guava.jar;C:\Users\GaliOu\.gradle\caches\modules-2\files-2.1\org.checkerframework\checker-qual\3.12.0\d5692f0526415fcc6de94bb5bfbd3afd9dd3b3e5\checker-qual-3.12.0.jar;C:\Users\GaliOu\.gradle\caches\modules-2\files-2.1\com.google.errorprone\error_prone_annotations\2.11.0\c5a0ace696d3f8b1c1d8cc036d8c03cc0cbe6b69\error_prone_annotations-2.11.0.jar;C:\Users\GaliOu\.gradle\caches\modules-2\files-2.1\com.google.j2objc\j2objc-annotations\1.3\ba035118bc8bac37d7eff77700720999acd9986d\j2objc-annotations-1.3.jar;C:\Users\GaliOu\.gradle\caches\modules-2\files-2.1\org.antlr\ST4\4.3\92f2c1ad8d84abcbeead6cf7f2c53a04166293c2\ST4-4.3.jar;C:\Users\GaliOu\.gradle\caches\modules-2\files-2.1\org.antlr\antlr-runtime\3.5.2\cd9cd41361c155f3af0f653009dcecb08d8b4afd\antlr-runtime-3.5.2.jar;C:\Users\GaliOu\.gradle\caches\modules-2\files-2.1\org.abego.treelayout\org.abego.treelayout.core\1.0.3\457216e8e6578099ae63667bb1e4439235892028\org.abego.treelayout.core-1.0.3.jar;C:\Users\GaliOu\.gradle\caches\modules-2\files-2.1\org.glassfish\javax.json\1.0.4\3178f73569fd7a1e5ffc464e680f7a8cc784b85a\javax.json-1.0.4.jar
Launcher Type: SUN_STANDARD

[Global flags]
     intx CICompilerCount                          = 4                                         {product} {ergonomic}
     uint ConcGCThreads                            = 3                                         {product} {ergonomic}
     uint G1ConcRefinementThreads                  = 10                                        {product} {ergonomic}
   size_t G1HeapRegionSize                         = 2097152                                   {product} {ergonomic}
    uintx GCDrainStackTargetSize                   = 64                                        {product} {ergonomic}
    ccstr HeapDumpPath                             = MojangTricksIntelDriversForPerformance_javaw.exe_minecraft.exe.heapdump         {manageable} {command line}
   size_t InitialHeapSize                          = 266338304                                 {product} {ergonomic}
   size_t MarkStackSize                            = 4194304                                   {product} {ergonomic}
   size_t MaxHeapSize                              = 4234149888                                {product} {ergonomic}
   size_t MaxNewSize                               = 2539651072                                {product} {ergonomic}
   size_t MinHeapDeltaBytes                        = 2097152                                   {product} {ergonomic}
   size_t MinHeapSize                              = 8388608                                   {product} {ergonomic}
    uintx NonNMethodCodeHeapSize                   = 5839372                                {pd product} {ergonomic}
    uintx NonProfiledCodeHeapSize                  = 122909434                              {pd product} {ergonomic}
    uintx ProfiledCodeHeapSize                     = 122909434                              {pd product} {ergonomic}
    uintx ReservedCodeCacheSize                    = 251658240                              {pd product} {ergonomic}
     bool SegmentedCodeCache                       = true                                      {product} {ergonomic}
   size_t SoftMaxHeapSize                          = 4234149888                             {manageable} {ergonomic}
     bool UseCompressedOops                        = true                           {product lp64_product} {ergonomic}
     bool UseG1GC                                  = true                                      {product} {ergonomic}
     bool UseLargePagesIndividualAllocation        = false                                  {pd product} {ergonomic}

Logging:
Log output configuration:
 #0: stdout all=off uptime,level,tags foldmultilines=false
 #1: stderr all=off uptime,level,tags foldmultilines=false

Environment Variables:
JAVA_HOME=C:\Program Files\Java\jdk-21
PATH=C:\Program Files\Common Files\Oracle\Java\javapath;C:\Program Files (x86)\Common Files\Oracle\Java\java8path;C:\Program Files (x86)\Common Files\Oracle\Java\javapath;C:\WINDOWS\system32;C:\WINDOWS;C:\WINDOWS\System32\Wbem;C:\WINDOWS\System32\WindowsPowerShell\v1.0\;C:\WINDOWS\System32\OpenSSH\;C:\Program Files\PuTTY\;C:\Gradle\gradle-8.12\bin;C:\Users\GaliOu\scoop\shims;C:\Users\GaliOu\AppData\Local\Programs\Python\Launcher\;C:\Users\GaliOu\AppData\Local\Microsoft\WindowsApps;C:\Users\GaliOu\AppData\Local\Programs\MiKTeX\miktex\bin\x64\;C:\Users\GaliOu\AppData\Local\GitHubDesktop\bin;C:\Users\GaliOu\AppData\Local\JetBrains\Toolbox\scripts;C:\Gradle\gradle-8.12\bin;C:\Gradle\gradle-8.12\bin;C:\Program Files\Java\jdk-21\bin;C:\Program Files\dotnet\;C:\Program Files\Git\cmd;JAVA_HOME\bin;C:\Users\GaliOu\scoop\shims;C:\Users\GaliOu\AppData\Local\Programs\Python\Launcher\;C:\Users\GaliOu\AppData\Local\Microsoft\WindowsApps;C:\Users\GaliOu\AppData\Local\Programs\MiKTeX\miktex\bin\x64\;C:\Users\GaliOu\AppData\Local\GitHubDesktop\bin;C:\Users\GaliOu\AppData\Local\JetBrains\Toolbox\scripts;C:\Users\GaliOu\AppData\Local\Muse Hub\lib;C:\Users\GaliOu\AppData\Local\Programs\Microsoft VS Code\bin
USERNAME=GaliOu
OS=Windows_NT
PROCESSOR_IDENTIFIER=Intel64 Family 6 Model 141 Stepping 1, GenuineIntel
TMP=C:\Users\GaliOu\AppData\Local\Temp
TEMP=C:\Users\GaliOu\AppData\Local\Temp




Periodic native trim disabled

---------------  S Y S T E M  ---------------

OS:
 Windows 11 , 64 bit Build 26100 (10.0.26100.3775)
OS uptime: 0 days 8:29 hours
Hyper-V role detected

CPU: total 12 (initial active 12) (6 cores per cpu, 2 threads per core) family 6 model 141 stepping 1 microcode 0x3c, cx8, cmov, fxsr, ht, mmx, 3dnowpref, sse, sse2, sse3, ssse3, sse4.1, sse4.2, popcnt, lzcnt, tsc, tscinvbit, avx, avx2, aes, erms, clmul, bmi1, bmi2, adx, avx512f, avx512dq, avx512cd, avx512bw, avx512vl, sha, fma, vzeroupper, avx512_vpopcntdq, avx512_vpclmulqdq, avx512_vaes, avx512_vnni, clflush, clflushopt, clwb, avx512_vbmi2, avx512_vbmi, hv, rdtscp, rdpid, fsrm, gfni, avx512_bitalg, f16c, cet_ibt, cet_ss, avx512_ifma
Processor Information for all 12 processors :
  Max Mhz: 2688, Current Mhz: 2688, Mhz Limit: 2688

Memory: 4k page, system-wide physical 16147M (2147M free)
TotalPageFile size 24851M (AvailPageFile size 5439M)
current process WorkingSet (physical memory assigned to process): 1450M, peak: 1452M
current process commit charge ("private bytes"): 1559M, peak: 1589M

vm_info: Java HotSpot(TM) 64-Bit Server VM (21.0.5+9-LTS-239) for windows-amd64 JRE (21.0.5+9-LTS-239), built on 2024-09-30T05:17:38Z by "mach5one" with MS VC++ 17.6 (VS2022)

END.
